2026-08-23 02:09:52,813 [INFO] [MainThread] [root/log.py:104]: YASB v2.0.6
2026-08-23 02:09:52,813 [INFO] [CLIPipeServer] [cli_server/cli_server.py:216]: CLI server started v1.1.7
2026-08-23 02:09:52,814 [INFO] [MainThread] [cli_server/cli_server.py:106]: Log pipe server started
2026-08-23 02:12:46,624 [INFO] [MainThread] [root/welcome.py:867]: Created config file at C:\Users\doria\.config\yasb\config.yaml
2026-08-23 02:12:46,625 [INFO] [MainThread] [root/welcome.py:876]: Created styles file at C:\Users\doria\.config\yasb\styles.css
2026-08-23 02:12:46,909 [INFO] [MainThread] [windows_desktop_service/service.py:108]: Registered COM virtual desktop event successfully
2026-08-23 02:12:47,110 [INFO] [MainThread] [root/service.py:41]: AudioInputService starting...
2026-08-23 02:12:47,209 [INFO] [MainThread] [root/service.py:52]: AudioOutputService starting...
2026-08-23 02:12:47,327 [INFO] [MainThread] [root/bar_manager.py:238]: Starting HotkeyListener...
2026-08-23 02:12:47,327 [INFO] [MainThread] [root/bar_manager.py:103]: Starting SystemEventListener...
2026-08-23 02:12:47,327 [INFO] [MainThread] [root/bar_manager.py:103]: Starting WindowsNotificationEventListener...
2026-08-23 02:12:47,329 [INFO] [MainThread] [root/watcher.py:65]: Watching directory: c:\users\doria\.config\yasb
2026-08-23 02:12:47,329 [INFO] [MainThread] [root/watcher.py:104]: Created file watcher
2026-08-23 02:12:47,351 [INFO] [MainThread] [root/update_service.py:434]: Background update checker started
2026-08-23 02:12:47,382 [INFO] [Dummy-11] [root/windows_notification.py:161]: Notification service started (WNF_SHEL_NOTIFICATION_TOTAL)
2026-08-23 02:17:21,670 [INFO] [MainThread] [root/log.py:104]: YASB v2.0.6
2026-08-23 02:17:21,670 [INFO] [CLIPipeServer] [cli_server/cli_server.py:216]: CLI server started v1.1.7
2026-08-23 02:17:21,670 [INFO] [MainThread] [cli_server/cli_server.py:106]: Log pipe server started
2026-08-23 02:17:21,671 [ERROR] [MainThread] [root/main.py:77]: Another instance of the YASB is already running.
2026-08-23 02:30:39,231 [INFO] [MainThread] [root/service.py:223]: Quick Launch rebuilding app list after install/uninstall detected
Windows fatal exception: code 0x8001010e

Thread 0x00002d34 [Thread-8] (most recent call first):
  File "C:\hostedtoolcache\windows\Python\3.14.6\x64\Lib\threading.py", line 369 in wait
  File "C:\hostedtoolcache\windows\Python\3.14.6\x64\Lib\queue.py", line 199 in get
  File "D:\a\yasb\yasb\venv\Lib\site-packages\watchdog\observers\api.py", line 379 in dispatch_events
  File "D:\a\yasb\yasb\venv\Lib\site-packages\watchdog\observers\api.py", line 213 in run
  File "C:\hostedtoolcache\windows\Python\3.14.6\x64\Lib\threading.py", line 1082 in _bootstrap_inner
  File "C:\hostedtoolcache\windows\Python\3.14.6\x64\Lib\threading.py", line 1044 in _bootstrap

Thread 0x000008a0 [Thread-10] (most recent call first):
  File "D:\a\yasb\yasb\venv\Lib\site-packages\watchdog\observers\winapi.py", line 326 in read_directory_changes
  File "D:\a\yasb\yasb\venv\Lib\site-packages\watchdog\observers\winapi.py", line 380 in read_events
  File "D:\a\yasb\yasb\venv\Lib\site-packages\watchdog\observers\read_directory_changes.py", line 67 in _read_events
  File "D:\a\yasb\yasb\venv\Lib\site-packages\watchdog\observers\read_directory_changes.py", line 70 in queue_events
  File "D:\a\yasb\yasb\venv\Lib\site-packages\watchdog\observers\api.py", line 158 in run
  File "C:\hostedtoolcache\windows\Python\3.14.6\x64\Lib\threading.py", line 1082 in _bootstrap_inner
  File "C:\hostedtoolcache\windows\Python\3.14.6\x64\Lib\threading.py", line 1044 in _bootstrap

Thread 0x00005bd8 [WindowsNotificationEventListener] (most recent call first):
  File "C:\hostedtoolcache\windows\Python\3.14.6\x64\Lib\asyncio\windows_events.py", line 778 in _poll
  File "C:\hostedtoolcache\windows\Python\3.14.6\x64\Lib\asyncio\windows_events.py", line 446 in select
  File "C:\hostedtoolcache\windows\Python\3.14.6\x64\Lib\asyncio\base_events.py", line 2018 in _run_once
  File "C:\hostedtoolcache\windows\Python\3.14.6\x64\Lib\asyncio\base_events.py", line 677 in run_forever
  File "C:\hostedtoolcache\windows\Python\3.14.6\x64\Lib\asyncio\base_events.py", line 706 in run_until_complete
  File "D:\a\yasb\yasb\src\core\widgets\services\notifications\windows_notification.py", line 84 in run

Thread 0x00005010 [SystemEventListener] (most recent call first):
  File "D:\a\yasb\yasb\src\core\utils\win32\event_listener.py", line 69 in run

Thread 0x00001ae0 [HotkeyListener] (most recent call first):
  File "D:\a\yasb\yasb\src\core\utils\win32\hotkeys.py", line 252 in run

Thread 0x00004d74 [MemoryWorker] (most recent call first):
  File "C:\hostedtoolcache\windows\Python\3.14.6\x64\Lib\threading.py", line 373 in wait
  File "C:\hostedtoolcache\windows\Python\3.14.6\x64\Lib\threading.py", line 670 in wait
  File "D:\a\yasb\yasb\src\core\widgets\services\memory\memory_api.py", line 247 in run

Thread 0x00002bfc [CpuWorker] (most recent call first):
  File "C:\hostedtoolcache\windows\Python\3.14.6\x64\Lib\threading.py", line 373 in wait
  File "C:\hostedtoolcache\windows\Python\3.14.6\x64\Lib\threading.py", line 670 in wait
  File "D:\a\yasb\yasb\src\core\widgets\services\cpu\cpu_api.py", line 343 in run

Thread 0x00000ff4 [QueryWorker] (most recent call first):
  File "D:\a\yasb\yasb\src\core\widgets\services\quick_launch\workers.py", line 61 in run

Thread 0x00002d08 [_EventWorker] (most recent call first):
  File "D:\a\yasb\yasb\venv\Lib\site-packages\qasync\_windows.py", line 147 in _poll
  File "D:\a\yasb\yasb\venv\Lib\site-packages\qasync\_windows.py", line 72 in select
  File "D:\a\yasb\yasb\venv\Lib\site-packages\qasync\_windows.py", line 199 in run

Thread 0x00003a44 [LogPipeServer] (most recent call first):
  File "D:\a\yasb\yasb\src\core\utils\win32\bindings\kernel32.py", line 291 in ConnectNamedPipe
  File "D:\a\yasb\yasb\src\core\utils\cli_server.py", line 138 in _run_server
  File "C:\hostedtoolcache\windows\Python\3.14.6\x64\Lib\threading.py", line 1024 in run
  File "C:\hostedtoolcache\windows\Python\3.14.6\x64\Lib\threading.py", line 1082 in _bootstrap_inner
  File "C:\hostedtoolcache\windows\Python\3.14.6\x64\Lib\threading.py", line 1044 in _bootstrap

Thread 0x000055bc [CLIPipeServer] (most recent call first):
  File "D:\a\yasb\yasb\src\core\utils\win32\bindings\kernel32.py", line 291 in ConnectNamedPipe
  File "D:\a\yasb\yasb\src\core\utils\cli_server.py", line 235 in _run_server
  File "C:\hostedtoolcache\windows\Python\3.14.6\x64\Lib\threading.py", line 1024 in run
  File "C:\hostedtoolcache\windows\Python\3.14.6\x64\Lib\threading.py", line 1082 in _bootstrap_inner
  File "C:\hostedtoolcache\windows\Python\3.14.6\x64\Lib\threading.py", line 1044 in _bootstrap

Current thread 0x00001698 (most recent call first):
  File "D:\a\yasb\yasb\src\core\widgets\services\media\media.py", line 248 in _on_sessions_changed
  File "C:\hostedtoolcache\windows\Python\3.14.6\x64\Lib\asyncio\events.py", line 94 in _run
  File "D:\a\yasb\yasb\venv\Lib\site-packages\qasync\__init__.py", line 307 in timerEvent
  File "D:\a\yasb\yasb\venv\Lib\site-packages\qasync\__init__.py", line 404 in run_forever
  File "D:\a\yasb\yasb\venv\Lib\site-packages\qasync\__init__.py", line 428 in run_until_complete
  File "main.py", line 100 in main
  File "main.py", line 203 in <module>
  File "D:\a\yasb\yasb\venv\Lib\site-packages\freeze_core\initscripts\console.py", line 43 in run
  File "src/freeze_core/initscripts/__startup__.py", line 147 in run
2026-08-23 03:38:21,459 [INFO] [MainThread] [root/bar_manager.py:111]: Stopping HotkeyListener...
2026-08-23 03:38:21,494 [INFO] [MainThread] [root/bar_manager.py:119]: Stopping SystemEventListener...
2026-08-23 03:38:21,562 [INFO] [MainThread] [root/bar_manager.py:119]: Stopping WindowsNotificationEventListener...
2026-08-23 03:38:21,563 [INFO] [Dummy-11] [root/windows_notification.py:97]: Notification service stopped
2026-08-23 19:09:49,268 [INFO] [MainThread] [root/log.py:104]: YASB v2.0.6
2026-08-23 19:09:49,268 [INFO] [CLIPipeServer] [cli_server/cli_server.py:216]: CLI server started v1.1.7
2026-08-23 19:09:49,269 [INFO] [MainThread] [cli_server/cli_server.py:106]: Log pipe server started
2026-08-23 19:09:49,713 [INFO] [MainThread] [windows_desktop_service/service.py:108]: Registered COM virtual desktop event successfully
2026-08-23 19:09:50,411 [INFO] [MainThread] [root/service.py:41]: AudioInputService starting...
2026-08-23 19:09:50,479 [INFO] [MainThread] [root/service.py:52]: AudioOutputService starting...
2026-08-23 19:09:50,595 [INFO] [MainThread] [root/bar_manager.py:238]: Starting HotkeyListener...
2026-08-23 19:09:50,595 [INFO] [MainThread] [root/bar_manager.py:103]: Starting WindowsNotificationEventListener...
2026-08-23 19:09:50,595 [INFO] [MainThread] [root/bar_manager.py:103]: Starting SystemEventListener...
2026-08-23 19:09:50,597 [INFO] [MainThread] [root/watcher.py:65]: Watching directory: c:\users\doria\.config\yasb
2026-08-23 19:09:50,597 [INFO] [MainThread] [root/watcher.py:104]: Created file watcher
2026-08-23 19:09:50,621 [INFO] [MainThread] [root/update_service.py:434]: Background update checker started
2026-08-23 19:09:50,653 [INFO] [Dummy-11] [root/windows_notification.py:161]: Notification service started (WNF_SHEL_NOTIFICATION_TOTAL)
2026-08-23 19:10:12,210 [INFO] [MainThread] [root/utils.py:464]: YASB added to startup
2026-08-24 05:10:38,507 [INFO] [MainThread] [root/bar_manager.py:111]: Stopping HotkeyListener...
2026-08-24 05:10:38,513 [INFO] [MainThread] [root/bar_manager.py:119]: Stopping WindowsNotificationEventListener...
2026-08-24 05:10:38,514 [INFO] [Dummy-11] [root/windows_notification.py:97]: Notification service stopped
2026-08-24 05:10:38,527 [INFO] [MainThread] [root/bar_manager.py:119]: Stopping SystemEventListener...
2026-08-24 21:53:58,535 [INFO] [MainThread] [root/log.py:104]: YASB v2.0.6
2026-08-24 21:53:58,536 [INFO] [CLIPipeServer] [cli_server/cli_server.py:216]: CLI server started v1.1.7
2026-08-24 21:53:58,536 [INFO] [MainThread] [cli_server/cli_server.py:106]: Log pipe server started
2026-08-24 21:53:58,983 [INFO] [MainThread] [windows_desktop_service/service.py:108]: Registered COM virtual desktop event successfully
2026-08-24 21:53:59,908 [INFO] [MainThread] [root/service.py:41]: AudioInputService starting...
2026-08-24 21:53:59,977 [INFO] [MainThread] [root/service.py:52]: AudioOutputService starting...
2026-08-24 21:54:00,082 [INFO] [MainThread] [root/bar_manager.py:238]: Starting HotkeyListener...
2026-08-24 21:54:00,082 [INFO] [MainThread] [root/bar_manager.py:103]: Starting SystemEventListener...
2026-08-24 21:54:00,083 [INFO] [MainThread] [root/bar_manager.py:103]: Starting WindowsNotificationEventListener...
2026-08-24 21:54:00,084 [INFO] [MainThread] [root/watcher.py:65]: Watching directory: c:\users\doria\.config\yasb
2026-08-24 21:54:00,084 [INFO] [MainThread] [root/watcher.py:104]: Created file watcher
2026-08-24 21:54:00,107 [INFO] [MainThread] [root/update_service.py:434]: Background update checker started
2026-08-24 21:54:00,124 [INFO] [Dummy-11] [root/windows_notification.py:161]: Notification service started (WNF_SHEL_NOTIFICATION_TOTAL)
Windows fatal exception: code 0x8001010e

Thread 0x00004b30 [Thread-9] (most recent call first):
  File "C:\hostedtoolcache\windows\Python\3.14.6\x64\Lib\threading.py", line 369 in wait
  File "C:\hostedtoolcache\windows\Python\3.14.6\x64\Lib\queue.py", line 199 in get
  File "D:\a\yasb\yasb\venv\Lib\site-packages\watchdog\observers\api.py", line 379 in dispatch_events
  File "D:\a\yasb\yasb\venv\Lib\site-packages\watchdog\observers\api.py", line 213 in run
  File "C:\hostedtoolcache\windows\Python\3.14.6\x64\Lib\threading.py", line 1082 in _bootstrap_inner
  File "C:\hostedtoolcache\windows\Python\3.14.6\x64\Lib\threading.py", line 1044 in _bootstrap

Thread 0x00004b34 [Thread-10] (most recent call first):
  File "D:\a\yasb\yasb\venv\Lib\site-packages\watchdog\observers\winapi.py", line 326 in read_directory_changes
  File "D:\a\yasb\yasb\venv\Lib\site-packages\watchdog\observers\winapi.py", line 380 in read_events
  File "D:\a\yasb\yasb\venv\Lib\site-packages\watchdog\observers\read_directory_changes.py", line 67 in _read_events
  File "D:\a\yasb\yasb\venv\Lib\site-packages\watchdog\observers\read_directory_changes.py", line 70 in queue_events
  File "D:\a\yasb\yasb\venv\Lib\site-packages\watchdog\observers\api.py", line 158 in run
  File "C:\hostedtoolcache\windows\Python\3.14.6\x64\Lib\threading.py", line 1082 in _bootstrap_inner
  File "C:\hostedtoolcache\windows\Python\3.14.6\x64\Lib\threading.py", line 1044 in _bootstrap

Thread 0x00004b38 [WindowsNotificationEventListener] (most recent call first):
  File "C:\hostedtoolcache\windows\Python\3.14.6\x64\Lib\asyncio\windows_events.py", line 778 in _poll
  File "C:\hostedtoolcache\windows\Python\3.14.6\x64\Lib\asyncio\windows_events.py", line 446 in select
  File "C:\hostedtoolcache\windows\Python\3.14.6\x64\Lib\asyncio\base_events.py", line 2018 in _run_once
  File "C:\hostedtoolcache\windows\Python\3.14.6\x64\Lib\asyncio\base_events.py", line 677 in run_forever
  File "C:\hostedtoolcache\windows\Python\3.14.6\x64\Lib\asyncio\base_events.py", line 706 in run_until_complete
  File "D:\a\yasb\yasb\src\core\widgets\services\notifications\windows_notification.py", line 84 in run

Thread 0x00004b44 [SystemEventListener] (most recent call first):
  File "D:\a\yasb\yasb\src\core\utils\win32\event_listener.py", line 69 in run

Thread 0x00004b24 [HotkeyListener] (most recent call first):
  File "D:\a\yasb\yasb\src\core\utils\win32\hotkeys.py", line 252 in run

Thread 0x00004b0c [MemoryWorker] (most recent call first):
  File "C:\hostedtoolcache\windows\Python\3.14.6\x64\Lib\threading.py", line 373 in wait
  File "C:\hostedtoolcache\windows\Python\3.14.6\x64\Lib\threading.py", line 670 in wait
  File "D:\a\yasb\yasb\src\core\widgets\services\memory\memory_api.py", line 247 in run

Thread 0x000045a0 [CpuWorker] (most recent call first):
  File "C:\hostedtoolcache\windows\Python\3.14.6\x64\Lib\threading.py", line 373 in wait
  File "C:\hostedtoolcache\windows\Python\3.14.6\x64\Lib\threading.py", line 670 in wait
  File "D:\a\yasb\yasb\src\core\widgets\services\cpu\cpu_api.py", line 343 in run

Thread 0x0000336c [QueryWorker] (most recent call first):
  File "D:\a\yasb\yasb\src\core\widgets\services\quick_launch\workers.py", line 61 in run

Thread 0x00004bf4 [_EventWorker] (most recent call first):
  File "D:\a\yasb\yasb\venv\Lib\site-packages\qasync\_windows.py", line 147 in _poll
  File "D:\a\yasb\yasb\venv\Lib\site-packages\qasync\_windows.py", line 72 in select
  File "D:\a\yasb\yasb\venv\Lib\site-packages\qasync\_windows.py", line 199 in run

Thread 0x00004be4 [LogPipeServer] (most recent call first):
  File "D:\a\yasb\yasb\src\core\utils\win32\bindings\kernel32.py", line 291 in ConnectNamedPipe
  File "D:\a\yasb\yasb\src\core\utils\cli_server.py", line 138 in _run_server
  File "C:\hostedtoolcache\windows\Python\3.14.6\x64\Lib\threading.py", line 1024 in run
  File "C:\hostedtoolcache\windows\Python\3.14.6\x64\Lib\threading.py", line 1082 in _bootstrap_inner
  File "C:\hostedtoolcache\windows\Python\3.14.6\x64\Lib\threading.py", line 1044 in _bootstrap

Thread 0x00004be0 [CLIPipeServer] (most recent call first):
  File "D:\a\yasb\yasb\src\core\utils\win32\bindings\kernel32.py", line 291 in ConnectNamedPipe
  File "D:\a\yasb\yasb\src\core\utils\cli_server.py", line 235 in _run_server
  File "C:\hostedtoolcache\windows\Python\3.14.6\x64\Lib\threading.py", line 1024 in run
  File "C:\hostedtoolcache\windows\Python\3.14.6\x64\Lib\threading.py", line 1082 in _bootstrap_inner
  File "C:\hostedtoolcache\windows\Python\3.14.6\x64\Lib\threading.py", line 1044 in _bootstrap

Current thread 0x00004bcc (most recent call first):
  File "D:\a\yasb\yasb\src\core\widgets\services\media\media.py", line 262 in _on_current_session_changed
  File "C:\hostedtoolcache\windows\Python\3.14.6\x64\Lib\asyncio\events.py", line 94 in _run
  File "D:\a\yasb\yasb\venv\Lib\site-packages\qasync\__init__.py", line 307 in timerEvent
  File "D:\a\yasb\yasb\venv\Lib\site-packages\qasync\__init__.py", line 404 in run_forever
  File "D:\a\yasb\yasb\venv\Lib\site-packages\qasync\__init__.py", line 428 in run_until_complete
  File "main.py", line 100 in main
  File "main.py", line 203 in <module>
  File "D:\a\yasb\yasb\venv\Lib\site-packages\freeze_core\initscripts\console.py", line 43 in run
  File "src/freeze_core/initscripts/__startup__.py", line 147 in run
Windows fatal exception: code 0x8001010e

Thread 0x00004b30 [Thread-9] (most recent call first):
  File "C:\hostedtoolcache\windows\Python\3.14.6\x64\Lib\threading.py", line 369 in wait
  File "C:\hostedtoolcache\windows\Python\3.14.6\x64\Lib\queue.py", line 199 in get
  File "D:\a\yasb\yasb\venv\Lib\site-packages\watchdog\observers\api.py", line 379 in dispatch_events
  File "D:\a\yasb\yasb\venv\Lib\site-packages\watchdog\observers\api.py", line 213 in run
  File "C:\hostedtoolcache\windows\Python\3.14.6\x64\Lib\threading.py", line 1082 in _bootstrap_inner
  File "C:\hostedtoolcache\windows\Python\3.14.6\x64\Lib\threading.py", line 1044 in _bootstrap

Thread 0x00004b34 [Thread-10] (most recent call first):
  File "D:\a\yasb\yasb\venv\Lib\site-packages\watchdog\observers\winapi.py", line 326 in read_directory_changes
  File "D:\a\yasb\yasb\venv\Lib\site-packages\watchdog\observers\winapi.py", line 380 in read_events
  File "D:\a\yasb\yasb\venv\Lib\site-packages\watchdog\observers\read_directory_changes.py", line 67 in _read_events
  File "D:\a\yasb\yasb\venv\Lib\site-packages\watchdog\observers\read_directory_changes.py", line 70 in queue_events
  File "D:\a\yasb\yasb\venv\Lib\site-packages\watchdog\observers\api.py", line 158 in run
  File "C:\hostedtoolcache\windows\Python\3.14.6\x64\Lib\threading.py", line 1082 in _bootstrap_inner
  File "C:\hostedtoolcache\windows\Python\3.14.6\x64\Lib\threading.py", line 1044 in _bootstrap

Thread 0x00004b38 [WindowsNotificationEventListener] (most recent call first):
  File "C:\hostedtoolcache\windows\Python\3.14.6\x64\Lib\asyncio\windows_events.py", line 778 in _poll
  File "C:\hostedtoolcache\windows\Python\3.14.6\x64\Lib\asyncio\windows_events.py", line 446 in select
  File "C:\hostedtoolcache\windows\Python\3.14.6\x64\Lib\asyncio\base_events.py", line 2018 in _run_once
  File "C:\hostedtoolcache\windows\Python\3.14.6\x64\Lib\asyncio\base_events.py", line 677 in run_forever
  File "C:\hostedtoolcache\windows\Python\3.14.6\x64\Lib\asyncio\base_events.py", line 706 in run_until_complete
  File "D:\a\yasb\yasb\src\core\widgets\services\notifications\windows_notification.py", line 84 in run

Thread 0x00004b44 [SystemEventListener] (most recent call first):
  File "D:\a\yasb\yasb\src\core\utils\win32\event_listener.py", line 69 in run

Thread 0x00004b24 [HotkeyListener] (most recent call first):
  File "D:\a\yasb\yasb\src\core\utils\win32\hotkeys.py", line 252 in run

Thread 0x00004b0c [MemoryWorker] (most recent call first):
  File "C:\hostedtoolcache\windows\Python\3.14.6\x64\Lib\threading.py", line 373 in wait
  File "C:\hostedtoolcache\windows\Python\3.14.6\x64\Lib\threading.py", line 670 in wait
  File "D:\a\yasb\yasb\src\core\widgets\services\memory\memory_api.py", line 247 in run

Thread 0x000045a0 [CpuWorker] (most recent call first):
  File "C:\hostedtoolcache\windows\Python\3.14.6\x64\Lib\threading.py", line 373 in wait
  File "C:\hostedtoolcache\windows\Python\3.14.6\x64\Lib\threading.py", line 670 in wait
  File "D:\a\yasb\yasb\src\core\widgets\services\cpu\cpu_api.py", line 343 in run

Thread 0x0000336c [QueryWorker] (most recent call first):
  File "D:\a\yasb\yasb\src\core\widgets\services\quick_launch\workers.py", line 61 in run

Thread 0x00004bf4 [_EventWorker] (most recent call first):
  File "D:\a\yasb\yasb\venv\Lib\site-packages\qasync\_windows.py", line 147 in _poll
  File "D:\a\yasb\yasb\venv\Lib\site-packages\qasync\_windows.py", line 72 in select
  File "D:\a\yasb\yasb\venv\Lib\site-packages\qasync\_windows.py", line 199 in run

Thread 0x00004be4 [LogPipeServer] (most recent call first):
  File "D:\a\yasb\yasb\src\core\utils\win32\bindings\kernel32.py", line 291 in ConnectNamedPipe
  File "D:\a\yasb\yasb\src\core\utils\cli_server.py", line 138 in _run_server
  File "C:\hostedtoolcache\windows\Python\3.14.6\x64\Lib\threading.py", line 1024 in run
  File "C:\hostedtoolcache\windows\Python\3.14.6\x64\Lib\threading.py", line 1082 in _bootstrap_inner
  File "C:\hostedtoolcache\windows\Python\3.14.6\x64\Lib\threading.py", line 1044 in _bootstrap

Thread 0x00004be0 [CLIPipeServer] (most recent call first):
  File "D:\a\yasb\yasb\src\core\utils\win32\bindings\kernel32.py", line 291 in ConnectNamedPipe
  File "D:\a\yasb\yasb\src\core\utils\cli_server.py", line 235 in _run_server
  File "C:\hostedtoolcache\windows\Python\3.14.6\x64\Lib\threading.py", line 1024 in run
  File "C:\hostedtoolcache\windows\Python\3.14.6\x64\Lib\threading.py", line 1082 in _bootstrap_inner
  File "C:\hostedtoolcache\windows\Python\3.14.6\x64\Lib\threading.py", line 1044 in _bootstrap

Current thread 0x00004bcc (most recent call first):
  File "D:\a\yasb\yasb\src\core\widgets\services\media\media.py", line 262 in _on_current_session_changed
  File "C:\hostedtoolcache\windows\Python\3.14.6\x64\Lib\asyncio\events.py", line 94 in _run
  File "D:\a\yasb\yasb\venv\Lib\site-packages\qasync\__init__.py", line 307 in timerEvent
  File "D:\a\yasb\yasb\venv\Lib\site-packages\qasync\__init__.py", line 404 in run_forever
  File "D:\a\yasb\yasb\venv\Lib\site-packages\qasync\__init__.py", line 428 in run_until_complete
  File "main.py", line 100 in main
  File "main.py", line 203 in <module>
  File "D:\a\yasb\yasb\venv\Lib\site-packages\freeze_core\initscripts\console.py", line 43 in run
  File "src/freeze_core/initscripts/__startup__.py", line 147 in run
Windows fatal exception: code 0x8001010e

Thread 0x00004b30 [Thread-9] (most recent call first):
  File "C:\hostedtoolcache\windows\Python\3.14.6\x64\Lib\threading.py", line 369 in wait
  File "C:\hostedtoolcache\windows\Python\3.14.6\x64\Lib\queue.py", line 199 in get
  File "D:\a\yasb\yasb\venv\Lib\site-packages\watchdog\observers\api.py", line 379 in dispatch_events
  File "D:\a\yasb\yasb\venv\Lib\site-packages\watchdog\observers\api.py", line 213 in run
  File "C:\hostedtoolcache\windows\Python\3.14.6\x64\Lib\threading.py", line 1082 in _bootstrap_inner
  File "C:\hostedtoolcache\windows\Python\3.14.6\x64\Lib\threading.py", line 1044 in _bootstrap

Thread 0x00004b34 [Thread-10] (most recent call first):
  File "D:\a\yasb\yasb\venv\Lib\site-packages\watchdog\observers\winapi.py", line 326 in read_directory_changes
  File "D:\a\yasb\yasb\venv\Lib\site-packages\watchdog\observers\winapi.py", line 380 in read_events
  File "D:\a\yasb\yasb\venv\Lib\site-packages\watchdog\observers\read_directory_changes.py", line 67 in _read_events
  File "D:\a\yasb\yasb\venv\Lib\site-packages\watchdog\observers\read_directory_changes.py", line 70 in queue_events
  File "D:\a\yasb\yasb\venv\Lib\site-packages\watchdog\observers\api.py", line 158 in run
  File "C:\hostedtoolcache\windows\Python\3.14.6\x64\Lib\threading.py", line 1082 in _bootstrap_inner
  File "C:\hostedtoolcache\windows\Python\3.14.6\x64\Lib\threading.py", line 1044 in _bootstrap

Thread 0x00004b38 [WindowsNotificationEventListener] (most recent call first):
  File "C:\hostedtoolcache\windows\Python\3.14.6\x64\Lib\asyncio\windows_events.py", line 778 in _poll
  File "C:\hostedtoolcache\windows\Python\3.14.6\x64\Lib\asyncio\windows_events.py", line 446 in select
  File "C:\hostedtoolcache\windows\Python\3.14.6\x64\Lib\asyncio\base_events.py", line 2018 in _run_once
  File "C:\hostedtoolcache\windows\Python\3.14.6\x64\Lib\asyncio\base_events.py", line 677 in run_forever
  File "C:\hostedtoolcache\windows\Python\3.14.6\x64\Lib\asyncio\base_events.py", line 706 in run_until_complete
  File "D:\a\yasb\yasb\src\core\widgets\services\notifications\windows_notification.py", line 84 in run

Thread 0x00004b44 [SystemEventListener] (most recent call first):
  File "D:\a\yasb\yasb\src\core\utils\win32\event_listener.py", line 69 in run

Thread 0x00004b24 [HotkeyListener] (most recent call first):
  File "D:\a\yasb\yasb\src\core\utils\win32\hotkeys.py", line 252 in run

Thread 0x00004b0c [MemoryWorker] (most recent call first):
  File "C:\hostedtoolcache\windows\Python\3.14.6\x64\Lib\threading.py", line 373 in wait
  File "C:\hostedtoolcache\windows\Python\3.14.6\x64\Lib\threading.py", line 670 in wait
  File "D:\a\yasb\yasb\src\core\widgets\services\memory\memory_api.py", line 247 in run

Thread 0x000045a0 [CpuWorker] (most recent call first):
  File "C:\hostedtoolcache\windows\Python\3.14.6\x64\Lib\threading.py", line 373 in wait
  File "C:\hostedtoolcache\windows\Python\3.14.6\x64\Lib\threading.py", line 670 in wait
  File "D:\a\yasb\yasb\src\core\widgets\services\cpu\cpu_api.py", line 343 in run

Thread 0x0000336c [QueryWorker] (most recent call first):
  File "D:\a\yasb\yasb\src\core\widgets\services\quick_launch\workers.py", line 61 in run

Thread 0x00004bf4 [_EventWorker] (most recent call first):
  File "D:\a\yasb\yasb\venv\Lib\site-packages\qasync\_windows.py", line 147 in _poll
  File "D:\a\yasb\yasb\venv\Lib\site-packages\qasync\_windows.py", line 72 in select
  File "D:\a\yasb\yasb\venv\Lib\site-packages\qasync\_windows.py", line 199 in run

Thread 0x00004be4 [LogPipeServer] (most recent call first):
  File "D:\a\yasb\yasb\src\core\utils\win32\bindings\kernel32.py", line 291 in ConnectNamedPipe
  File "D:\a\yasb\yasb\src\core\utils\cli_server.py", line 138 in _run_server
  File "C:\hostedtoolcache\windows\Python\3.14.6\x64\Lib\threading.py", line 1024 in run
  File "C:\hostedtoolcache\windows\Python\3.14.6\x64\Lib\threading.py", line 1082 in _bootstrap_inner
  File "C:\hostedtoolcache\windows\Python\3.14.6\x64\Lib\threading.py", line 1044 in _bootstrap

Thread 0x00004be0 [CLIPipeServer] (most recent call first):
  File "D:\a\yasb\yasb\src\core\utils\win32\bindings\kernel32.py", line 291 in ConnectNamedPipe
  File "D:\a\yasb\yasb\src\core\utils\cli_server.py", line 235 in _run_server
  File "C:\hostedtoolcache\windows\Python\3.14.6\x64\Lib\threading.py", line 1024 in run
  File "C:\hostedtoolcache\windows\Python\3.14.6\x64\Lib\threading.py", line 1082 in _bootstrap_inner
  File "C:\hostedtoolcache\windows\Python\3.14.6\x64\Lib\threading.py", line 1044 in _bootstrap

Current thread 0x00004bcc (most recent call first):
  File "D:\a\yasb\yasb\src\core\widgets\services\media\media.py", line 248 in _on_sessions_changed
  File "C:\hostedtoolcache\windows\Python\3.14.6\x64\Lib\asyncio\events.py", line 94 in _run
  File "D:\a\yasb\yasb\venv\Lib\site-packages\qasync\__init__.py", line 307 in timerEvent
  File "D:\a\yasb\yasb\venv\Lib\site-packages\qasync\__init__.py", line 404 in run_forever
  File "D:\a\yasb\yasb\venv\Lib\site-packages\qasync\__init__.py", line 428 in run_until_complete
  File "main.py", line 100 in main
  File "main.py", line 203 in <module>
  File "D:\a\yasb\yasb\venv\Lib\site-packages\freeze_core\initscripts\console.py", line 43 in run
  File "src/freeze_core/initscripts/__startup__.py", line 147 in run
Windows fatal exception: code 0x8001010e

Thread 0x00004b30 [Thread-9] (most recent call first):
  File "C:\hostedtoolcache\windows\Python\3.14.6\x64\Lib\threading.py", line 369 in wait
  File "C:\hostedtoolcache\windows\Python\3.14.6\x64\Lib\queue.py", line 199 in get
  File "D:\a\yasb\yasb\venv\Lib\site-packages\watchdog\observers\api.py", line 379 in dispatch_events
  File "D:\a\yasb\yasb\venv\Lib\site-packages\watchdog\observers\api.py", line 213 in run
  File "C:\hostedtoolcache\windows\Python\3.14.6\x64\Lib\threading.py", line 1082 in _bootstrap_inner
  File "C:\hostedtoolcache\windows\Python\3.14.6\x64\Lib\threading.py", line 1044 in _bootstrap

Thread 0x00004b34 [Thread-10] (most recent call first):
  File "D:\a\yasb\yasb\venv\Lib\site-packages\watchdog\observers\winapi.py", line 326 in read_directory_changes
  File "D:\a\yasb\yasb\venv\Lib\site-packages\watchdog\observers\winapi.py", line 380 in read_events
  File "D:\a\yasb\yasb\venv\Lib\site-packages\watchdog\observers\read_directory_changes.py", line 67 in _read_events
  File "D:\a\yasb\yasb\venv\Lib\site-packages\watchdog\observers\read_directory_changes.py", line 70 in queue_events
  File "D:\a\yasb\yasb\venv\Lib\site-packages\watchdog\observers\api.py", line 158 in run
  File "C:\hostedtoolcache\windows\Python\3.14.6\x64\Lib\threading.py", line 1082 in _bootstrap_inner
  File "C:\hostedtoolcache\windows\Python\3.14.6\x64\Lib\threading.py", line 1044 in _bootstrap

Thread 0x00004b38 [WindowsNotificationEventListener] (most recent call first):
  File "C:\hostedtoolcache\windows\Python\3.14.6\x64\Lib\asyncio\windows_events.py", line 778 in _poll
  File "C:\hostedtoolcache\windows\Python\3.14.6\x64\Lib\asyncio\windows_events.py", line 446 in select
  File "C:\hostedtoolcache\windows\Python\3.14.6\x64\Lib\asyncio\base_events.py", line 2018 in _run_once
  File "C:\hostedtoolcache\windows\Python\3.14.6\x64\Lib\asyncio\base_events.py", line 677 in run_forever
  File "C:\hostedtoolcache\windows\Python\3.14.6\x64\Lib\asyncio\base_events.py", line 706 in run_until_complete
  File "D:\a\yasb\yasb\src\core\widgets\services\notifications\windows_notification.py", line 84 in run

Thread 0x00004b44 [SystemEventListener] (most recent call first):
  File "D:\a\yasb\yasb\src\core\utils\win32\event_listener.py", line 69 in run

Thread 0x00004b24 [HotkeyListener] (most recent call first):
  File "D:\a\yasb\yasb\src\core\utils\win32\hotkeys.py", line 252 in run

Thread 0x00004b0c [MemoryWorker] (most recent call first):
  File "C:\hostedtoolcache\windows\Python\3.14.6\x64\Lib\threading.py", line 373 in wait
  File "C:\hostedtoolcache\windows\Python\3.14.6\x64\Lib\threading.py", line 670 in wait
  File "D:\a\yasb\yasb\src\core\widgets\services\memory\memory_api.py", line 247 in run

Thread 0x000045a0 [CpuWorker] (most recent call first):
  File "C:\hostedtoolcache\windows\Python\3.14.6\x64\Lib\threading.py", line 373 in wait
  File "C:\hostedtoolcache\windows\Python\3.14.6\x64\Lib\threading.py", line 670 in wait
  File "D:\a\yasb\yasb\src\core\widgets\services\cpu\cpu_api.py", line 343 in run

Thread 0x0000336c [QueryWorker] (most recent call first):
  File "D:\a\yasb\yasb\src\core\widgets\services\quick_launch\workers.py", line 61 in run

Thread 0x00004bf4 [_EventWorker] (most recent call first):
  File "D:\a\yasb\yasb\venv\Lib\site-packages\qasync\_windows.py", line 147 in _poll
  File "D:\a\yasb\yasb\venv\Lib\site-packages\qasync\_windows.py", line 72 in select
  File "D:\a\yasb\yasb\venv\Lib\site-packages\qasync\_windows.py", line 199 in run

Thread 0x00004be4 [LogPipeServer] (most recent call first):
  File "D:\a\yasb\yasb\src\core\utils\win32\bindings\kernel32.py", line 291 in ConnectNamedPipe
  File "D:\a\yasb\yasb\src\core\utils\cli_server.py", line 138 in _run_server
  File "C:\hostedtoolcache\windows\Python\3.14.6\x64\Lib\threading.py", line 1024 in run
  File "C:\hostedtoolcache\windows\Python\3.14.6\x64\Lib\threading.py", line 1082 in _bootstrap_inner
  File "C:\hostedtoolcache\windows\Python\3.14.6\x64\Lib\threading.py", line 1044 in _bootstrap

Thread 0x00004be0 [CLIPipeServer] (most recent call first):
  File "D:\a\yasb\yasb\src\core\utils\win32\bindings\kernel32.py", line 291 in ConnectNamedPipe
  File "D:\a\yasb\yasb\src\core\utils\cli_server.py", line 235 in _run_server
  File "C:\hostedtoolcache\windows\Python\3.14.6\x64\Lib\threading.py", line 1024 in run
  File "C:\hostedtoolcache\windows\Python\3.14.6\x64\Lib\threading.py", line 1082 in _bootstrap_inner
  File "C:\hostedtoolcache\windows\Python\3.14.6\x64\Lib\threading.py", line 1044 in _bootstrap

Current thread 0x00004bcc (most recent call first):
  File "D:\a\yasb\yasb\src\core\widgets\services\media\media.py", line 262 in _on_current_session_changed
  File "C:\hostedtoolcache\windows\Python\3.14.6\x64\Lib\asyncio\events.py", line 94 in _run
  File "D:\a\yasb\yasb\venv\Lib\site-packages\qasync\__init__.py", line 307 in timerEvent
  File "D:\a\yasb\yasb\venv\Lib\site-packages\qasync\__init__.py", line 404 in run_forever
  File "D:\a\yasb\yasb\venv\Lib\site-packages\qasync\__init__.py", line 428 in run_until_complete
  File "main.py", line 100 in main
  File "main.py", line 203 in <module>
  File "D:\a\yasb\yasb\venv\Lib\site-packages\freeze_core\initscripts\console.py", line 43 in run
  File "src/freeze_core/initscripts/__startup__.py", line 147 in run
2026-08-25 04:34:23,158 [INFO] [MainThread] [root/bar_manager.py:111]: Stopping HotkeyListener...
2026-08-25 04:34:23,170 [INFO] [MainThread] [root/bar_manager.py:119]: Stopping SystemEventListener...
2026-08-25 04:34:23,230 [INFO] [MainThread] [root/bar_manager.py:119]: Stopping WindowsNotificationEventListener...
2026-08-25 04:34:23,231 [INFO] [Dummy-11] [root/windows_notification.py:97]: Notification service stopped
2026-08-26 21:18:27,979 [INFO] [MainThread] [root/log.py:104]: YASB v2.0.6
2026-08-26 21:18:27,980 [INFO] [CLIPipeServer] [cli_server/cli_server.py:216]: CLI server started v1.1.7
2026-08-26 21:18:27,980 [INFO] [MainThread] [cli_server/cli_server.py:106]: Log pipe server started
2026-08-26 21:18:28,439 [INFO] [MainThread] [windows_desktop_service/service.py:108]: Registered COM virtual desktop event successfully
2026-08-26 21:18:29,550 [INFO] [MainThread] [root/service.py:41]: AudioInputService starting...
2026-08-26 21:18:29,620 [INFO] [MainThread] [root/service.py:52]: AudioOutputService starting...
2026-08-26 21:18:29,725 [INFO] [MainThread] [root/bar_manager.py:238]: Starting HotkeyListener...
2026-08-26 21:18:29,725 [INFO] [MainThread] [root/bar_manager.py:103]: Starting SystemEventListener...
2026-08-26 21:18:29,726 [INFO] [MainThread] [root/bar_manager.py:103]: Starting WindowsNotificationEventListener...
2026-08-26 21:18:29,728 [INFO] [MainThread] [root/watcher.py:65]: Watching directory: c:\users\doria\.config\yasb
2026-08-26 21:18:29,728 [INFO] [MainThread] [root/watcher.py:104]: Created file watcher
2026-08-26 21:18:29,746 [INFO] [MainThread] [root/update_service.py:434]: Background update checker started
2026-08-26 21:18:29,783 [INFO] [Dummy-11] [root/windows_notification.py:161]: Notification service started (WNF_SHEL_NOTIFICATION_TOTAL)
2026-08-26 21:20:49,173 [INFO] [MainThread] [root/service.py:223]: Quick Launch rebuilding app list after install/uninstall detected
Windows fatal exception: code 0x800706f7

Thread 0x00001c30 [Thread-9] (most recent call first):
  File "C:\hostedtoolcache\windows\Python\3.14.6\x64\Lib\threading.py", line 369 in wait
  File "C:\hostedtoolcache\windows\Python\3.14.6\x64\Lib\queue.py", line 199 in get
  File "D:\a\yasb\yasb\venv\Lib\site-packages\watchdog\observers\api.py", line 379 in dispatch_events
  File "D:\a\yasb\yasb\venv\Lib\site-packages\watchdog\observers\api.py", line 213 in run
  File "C:\hostedtoolcache\windows\Python\3.14.6\x64\Lib\threading.py", line 1082 in _bootstrap_inner
  File "C:\hostedtoolcache\windows\Python\3.14.6\x64\Lib\threading.py", line 1044 in _bootstrap

Thread 0x00000948 [Thread-10] (most recent call first):
  File "D:\a\yasb\yasb\venv\Lib\site-packages\watchdog\observers\winapi.py", line 326 in read_directory_changes
  File "D:\a\yasb\yasb\venv\Lib\site-packages\watchdog\observers\winapi.py", line 380 in read_events
  File "D:\a\yasb\yasb\venv\Lib\site-packages\watchdog\observers\read_directory_changes.py", line 67 in _read_events
  File "D:\a\yasb\yasb\venv\Lib\site-packages\watchdog\observers\read_directory_changes.py", line 70 in queue_events
  File "D:\a\yasb\yasb\venv\Lib\site-packages\watchdog\observers\api.py", line 158 in run
  File "C:\hostedtoolcache\windows\Python\3.14.6\x64\Lib\threading.py", line 1082 in _bootstrap_inner
  File "C:\hostedtoolcache\windows\Python\3.14.6\x64\Lib\threading.py", line 1044 in _bootstrap

Thread 0x0000092c [WindowsNotificationEventListener] (most recent call first):
  File "C:\hostedtoolcache\windows\Python\3.14.6\x64\Lib\asyncio\windows_events.py", line 778 in _poll
  File "C:\hostedtoolcache\windows\Python\3.14.6\x64\Lib\asyncio\windows_events.py", line 446 in select
  File "C:\hostedtoolcache\windows\Python\3.14.6\x64\Lib\asyncio\base_events.py", line 2018 in _run_once
  File "C:\hostedtoolcache\windows\Python\3.14.6\x64\Lib\asyncio\base_events.py", line 677 in run_forever
  File "C:\hostedtoolcache\windows\Python\3.14.6\x64\Lib\asyncio\base_events.py", line 706 in run_until_complete
  File "D:\a\yasb\yasb\src\core\widgets\services\notifications\windows_notification.py", line 84 in run

Thread 0x00000938 [SystemEventListener] (most recent call first):
  File "D:\a\yasb\yasb\src\core\utils\win32\event_listener.py", line 69 in run

Thread 0x000008b4 [HotkeyListener] (most recent call first):
  File "D:\a\yasb\yasb\src\core\utils\win32\hotkeys.py", line 252 in run

Thread 0x0000087c [MemoryWorker] (most recent call first):
  File "C:\hostedtoolcache\windows\Python\3.14.6\x64\Lib\threading.py", line 373 in wait
  File "C:\hostedtoolcache\windows\Python\3.14.6\x64\Lib\threading.py", line 670 in wait
  File "D:\a\yasb\yasb\src\core\widgets\services\memory\memory_api.py", line 247 in run

Thread 0x00000830 [CpuWorker] (most recent call first):
  File "C:\hostedtoolcache\windows\Python\3.14.6\x64\Lib\threading.py", line 373 in wait
  File "C:\hostedtoolcache\windows\Python\3.14.6\x64\Lib\threading.py", line 670 in wait
  File "D:\a\yasb\yasb\src\core\widgets\services\cpu\cpu_api.py", line 343 in run

Thread 0x00003eb4 [QueryWorker] (most recent call first):
  File "D:\a\yasb\yasb\src\core\widgets\services\quick_launch\workers.py", line 61 in run

Thread 0x0000412c [_EventWorker] (most recent call first):
  File "D:\a\yasb\yasb\venv\Lib\site-packages\qasync\_windows.py", line 147 in _poll
  File "D:\a\yasb\yasb\venv\Lib\site-packages\qasync\_windows.py", line 72 in select
  File "D:\a\yasb\yasb\venv\Lib\site-packages\qasync\_windows.py", line 199 in run

Thread 0x000040bc [LogPipeServer] (most recent call first):
  File "D:\a\yasb\yasb\src\core\utils\win32\bindings\kernel32.py", line 291 in ConnectNamedPipe
  File "D:\a\yasb\yasb\src\core\utils\cli_server.py", line 138 in _run_server
  File "C:\hostedtoolcache\windows\Python\3.14.6\x64\Lib\threading.py", line 1024 in run
  File "C:\hostedtoolcache\windows\Python\3.14.6\x64\Lib\threading.py", line 1082 in _bootstrap_inner
  File "C:\hostedtoolcache\windows\Python\3.14.6\x64\Lib\threading.py", line 1044 in _bootstrap

Thread 0x00003fd4 [CLIPipeServer] (most recent call first):
  File "D:\a\yasb\yasb\src\core\utils\win32\bindings\kernel32.py", line 291 in ConnectNamedPipe
  File "D:\a\yasb\yasb\src\core\utils\cli_server.py", line 235 in _run_server
  File "C:\hostedtoolcache\windows\Python\3.14.6\x64\Lib\threading.py", line 1024 in run
  File "C:\hostedtoolcache\windows\Python\3.14.6\x64\Lib\threading.py", line 1082 in _bootstrap_inner
  File "C:\hostedtoolcache\windows\Python\3.14.6\x64\Lib\threading.py", line 1044 in _bootstrap

Current thread 0x00003058 (most recent call first):
  File "D:\a\yasb\yasb\src\core\widgets\yasb\active_window.py", line 337 in _update_window_title
  File "D:\a\yasb\yasb\src\core\widgets\yasb\active_window.py", line 237 in _on_focus_change_event
  File "D:\a\yasb\yasb\venv\Lib\site-packages\qasync\__init__.py", line 404 in run_forever
  File "D:\a\yasb\yasb\venv\Lib\site-packages\qasync\__init__.py", line 428 in run_until_complete
  File "main.py", line 100 in main
  File "main.py", line 203 in <module>
  File "D:\a\yasb\yasb\venv\Lib\site-packages\freeze_core\initscripts\console.py", line 43 in run
  File "src/freeze_core/initscripts/__startup__.py", line 147 in run
2026-08-26 23:30:47,853 [INFO] [MainThread] [root/service.py:223]: Quick Launch rebuilding app list after install/uninstall detected
2026-08-27 01:23:19,150 [INFO] [MainThread] [root/log.py:104]: YASB v2.0.6
2026-08-27 01:23:19,151 [INFO] [CLIPipeServer] [cli_server/cli_server.py:216]: CLI server started v1.1.7
2026-08-27 01:23:19,152 [INFO] [MainThread] [cli_server/cli_server.py:106]: Log pipe server started
2026-08-27 01:23:19,626 [INFO] [MainThread] [windows_desktop_service/service.py:108]: Registered COM virtual desktop event successfully
2026-08-27 01:23:20,199 [INFO] [MainThread] [root/service.py:41]: AudioInputService starting...
2026-08-27 01:23:20,280 [INFO] [MainThread] [root/service.py:52]: AudioOutputService starting...
2026-08-27 01:23:20,385 [INFO] [MainThread] [root/bar_manager.py:238]: Starting HotkeyListener...
2026-08-27 01:23:20,385 [INFO] [MainThread] [root/bar_manager.py:103]: Starting WindowsNotificationEventListener...
2026-08-27 01:23:20,385 [INFO] [MainThread] [root/bar_manager.py:103]: Starting SystemEventListener...
2026-08-27 01:23:20,387 [INFO] [MainThread] [root/watcher.py:65]: Watching directory: c:\users\doria\.config\yasb
2026-08-27 01:23:20,387 [INFO] [MainThread] [root/watcher.py:104]: Created file watcher
2026-08-27 01:23:20,403 [INFO] [MainThread] [root/update_service.py:434]: Background update checker started
2026-08-27 01:23:20,421 [INFO] [Dummy-11] [root/windows_notification.py:161]: Notification service started (WNF_SHEL_NOTIFICATION_TOTAL)
Windows fatal exception: code 0x8001010e

Thread 0x000042e4 [Thread-9] (most recent call first):
  File "C:\hostedtoolcache\windows\Python\3.14.6\x64\Lib\threading.py", line 369 in wait
  File "C:\hostedtoolcache\windows\Python\3.14.6\x64\Lib\queue.py", line 199 in get
  File "D:\a\yasb\yasb\venv\Lib\site-packages\watchdog\observers\api.py", line 379 in dispatch_events
  File "D:\a\yasb\yasb\venv\Lib\site-packages\watchdog\observers\api.py", line 213 in run
  File "C:\hostedtoolcache\windows\Python\3.14.6\x64\Lib\threading.py", line 1082 in _bootstrap_inner
  File "C:\hostedtoolcache\windows\Python\3.14.6\x64\Lib\threading.py", line 1044 in _bootstrap

Thread 0x000042e0 [Thread-10] (most recent call first):
  File "D:\a\yasb\yasb\venv\Lib\site-packages\watchdog\observers\winapi.py", line 326 in read_directory_changes
  File "D:\a\yasb\yasb\venv\Lib\site-packages\watchdog\observers\winapi.py", line 380 in read_events
  File "D:\a\yasb\yasb\venv\Lib\site-packages\watchdog\observers\read_directory_changes.py", line 67 in _read_events
  File "D:\a\yasb\yasb\venv\Lib\site-packages\watchdog\observers\read_directory_changes.py", line 70 in queue_events
  File "D:\a\yasb\yasb\venv\Lib\site-packages\watchdog\observers\api.py", line 158 in run
  File "C:\hostedtoolcache\windows\Python\3.14.6\x64\Lib\threading.py", line 1082 in _bootstrap_inner
  File "C:\hostedtoolcache\windows\Python\3.14.6\x64\Lib\threading.py", line 1044 in _bootstrap

Thread 0x000042dc [SystemEventListener] (most recent call first):
  File "D:\a\yasb\yasb\src\core\utils\win32\event_listener.py", line 69 in run

Thread 0x000042d8 [WindowsNotificationEventListener] (most recent call first):
  File "C:\hostedtoolcache\windows\Python\3.14.6\x64\Lib\asyncio\windows_events.py", line 778 in _poll
  File "C:\hostedtoolcache\windows\Python\3.14.6\x64\Lib\asyncio\windows_events.py", line 446 in select
  File "C:\hostedtoolcache\windows\Python\3.14.6\x64\Lib\asyncio\base_events.py", line 2018 in _run_once
  File "C:\hostedtoolcache\windows\Python\3.14.6\x64\Lib\asyncio\base_events.py", line 677 in run_forever
  File "C:\hostedtoolcache\windows\Python\3.14.6\x64\Lib\asyncio\base_events.py", line 706 in run_until_complete
  File "D:\a\yasb\yasb\src\core\widgets\services\notifications\windows_notification.py", line 84 in run

Thread 0x000042d4 [HotkeyListener] (most recent call first):
  File "D:\a\yasb\yasb\src\core\utils\win32\hotkeys.py", line 252 in run

Thread 0x000042bc [MemoryWorker] (most recent call first):
  File "C:\hostedtoolcache\windows\Python\3.14.6\x64\Lib\threading.py", line 373 in wait
  File "C:\hostedtoolcache\windows\Python\3.14.6\x64\Lib\threading.py", line 670 in wait
  File "D:\a\yasb\yasb\src\core\widgets\services\memory\memory_api.py", line 247 in run

Thread 0x000042b8 [CpuWorker] (most recent call first):
  File "C:\hostedtoolcache\windows\Python\3.14.6\x64\Lib\threading.py", line 373 in wait
  File "C:\hostedtoolcache\windows\Python\3.14.6\x64\Lib\threading.py", line 670 in wait
  File "D:\a\yasb\yasb\src\core\widgets\services\cpu\cpu_api.py", line 343 in run

Thread 0x00004124 [QueryWorker] (most recent call first):
  File "D:\a\yasb\yasb\src\core\widgets\services\quick_launch\workers.py", line 61 in run

Thread 0x00004070 [_EventWorker] (most recent call first):
  File "D:\a\yasb\yasb\venv\Lib\site-packages\qasync\_windows.py", line 147 in _poll
  File "D:\a\yasb\yasb\venv\Lib\site-packages\qasync\_windows.py", line 72 in select
  File "D:\a\yasb\yasb\venv\Lib\site-packages\qasync\_windows.py", line 199 in run

Thread 0x00004058 [LogPipeServer] (most recent call first):
  File "D:\a\yasb\yasb\src\core\utils\win32\bindings\kernel32.py", line 291 in ConnectNamedPipe
  File "D:\a\yasb\yasb\src\core\utils\cli_server.py", line 138 in _run_server
  File "C:\hostedtoolcache\windows\Python\3.14.6\x64\Lib\threading.py", line 1024 in run
  File "C:\hostedtoolcache\windows\Python\3.14.6\x64\Lib\threading.py", line 1082 in _bootstrap_inner
  File "C:\hostedtoolcache\windows\Python\3.14.6\x64\Lib\threading.py", line 1044 in _bootstrap

Thread 0x00004054 [CLIPipeServer] (most recent call first):
  File "D:\a\yasb\yasb\src\core\utils\win32\bindings\kernel32.py", line 291 in ConnectNamedPipe
  File "D:\a\yasb\yasb\src\core\utils\cli_server.py", line 235 in _run_server
  File "C:\hostedtoolcache\windows\Python\3.14.6\x64\Lib\threading.py", line 1024 in run
  File "C:\hostedtoolcache\windows\Python\3.14.6\x64\Lib\threading.py", line 1082 in _bootstrap_inner
  File "C:\hostedtoolcache\windows\Python\3.14.6\x64\Lib\threading.py", line 1044 in _bootstrap

Current thread 0x00003a70 (most recent call first):
  File "D:\a\yasb\yasb\src\core\widgets\services\media\media.py", line 248 in _on_sessions_changed
  File "C:\hostedtoolcache\windows\Python\3.14.6\x64\Lib\asyncio\events.py", line 94 in _run
  File "D:\a\yasb\yasb\venv\Lib\site-packages\qasync\__init__.py", line 307 in timerEvent
  File "D:\a\yasb\yasb\venv\Lib\site-packages\qasync\__init__.py", line 404 in run_forever
  File "D:\a\yasb\yasb\venv\Lib\site-packages\qasync\__init__.py", line 428 in run_until_complete
  File "main.py", line 100 in main
  File "main.py", line 203 in <module>
  File "D:\a\yasb\yasb\venv\Lib\site-packages\freeze_core\initscripts\console.py", line 43 in run
  File "src/freeze_core/initscripts/__startup__.py", line 147 in run
Windows fatal exception: code 0x8001010e

Thread 0x000042e4 [Thread-9] (most recent call first):
  File "C:\hostedtoolcache\windows\Python\3.14.6\x64\Lib\threading.py", line 369 in wait
  File "C:\hostedtoolcache\windows\Python\3.14.6\x64\Lib\queue.py", line 199 in get
  File "D:\a\yasb\yasb\venv\Lib\site-packages\watchdog\observers\api.py", line 379 in dispatch_events
  File "D:\a\yasb\yasb\venv\Lib\site-packages\watchdog\observers\api.py", line 213 in run
  File "C:\hostedtoolcache\windows\Python\3.14.6\x64\Lib\threading.py", line 1082 in _bootstrap_inner
  File "C:\hostedtoolcache\windows\Python\3.14.6\x64\Lib\threading.py", line 1044 in _bootstrap

Thread 0x000042e0 [Thread-10] (most recent call first):
  File "D:\a\yasb\yasb\venv\Lib\site-packages\watchdog\observers\winapi.py", line 326 in read_directory_changes
  File "D:\a\yasb\yasb\venv\Lib\site-packages\watchdog\observers\winapi.py", line 380 in read_events
  File "D:\a\yasb\yasb\venv\Lib\site-packages\watchdog\observers\read_directory_changes.py", line 67 in _read_events
  File "D:\a\yasb\yasb\venv\Lib\site-packages\watchdog\observers\read_directory_changes.py", line 70 in queue_events
  File "D:\a\yasb\yasb\venv\Lib\site-packages\watchdog\observers\api.py", line 158 in run
  File "C:\hostedtoolcache\windows\Python\3.14.6\x64\Lib\threading.py", line 1082 in _bootstrap_inner
  File "C:\hostedtoolcache\windows\Python\3.14.6\x64\Lib\threading.py", line 1044 in _bootstrap

Thread 0x000042dc [SystemEventListener] (most recent call first):
  File "D:\a\yasb\yasb\src\core\utils\win32\event_listener.py", line 69 in run

Thread 0x000042d8 [WindowsNotificationEventListener] (most recent call first):
  File "C:\hostedtoolcache\windows\Python\3.14.6\x64\Lib\asyncio\windows_events.py", line 778 in _poll
  File "C:\hostedtoolcache\windows\Python\3.14.6\x64\Lib\asyncio\windows_events.py", line 446 in select
  File "C:\hostedtoolcache\windows\Python\3.14.6\x64\Lib\asyncio\base_events.py", line 2018 in _run_once
  File "C:\hostedtoolcache\windows\Python\3.14.6\x64\Lib\asyncio\base_events.py", line 677 in run_forever
  File "C:\hostedtoolcache\windows\Python\3.14.6\x64\Lib\asyncio\base_events.py", line 706 in run_until_complete
  File "D:\a\yasb\yasb\src\core\widgets\services\notifications\windows_notification.py", line 84 in run

Thread 0x000042d4 [HotkeyListener] (most recent call first):
  File "D:\a\yasb\yasb\src\core\utils\win32\hotkeys.py", line 252 in run

Thread 0x000042bc [MemoryWorker] (most recent call first):
  File "C:\hostedtoolcache\windows\Python\3.14.6\x64\Lib\threading.py", line 373 in wait
  File "C:\hostedtoolcache\windows\Python\3.14.6\x64\Lib\threading.py", line 670 in wait
  File "D:\a\yasb\yasb\src\core\widgets\services\memory\memory_api.py", line 247 in run

Thread 0x000042b8 [CpuWorker] (most recent call first):
  File "C:\hostedtoolcache\windows\Python\3.14.6\x64\Lib\threading.py", line 373 in wait
  File "C:\hostedtoolcache\windows\Python\3.14.6\x64\Lib\threading.py", line 670 in wait
  File "D:\a\yasb\yasb\src\core\widgets\services\cpu\cpu_api.py", line 343 in run

Thread 0x00004124 [QueryWorker] (most recent call first):
  File "D:\a\yasb\yasb\src\core\widgets\services\quick_launch\workers.py", line 61 in run

Thread 0x00004070 [_EventWorker] (most recent call first):
  File "D:\a\yasb\yasb\venv\Lib\site-packages\qasync\_windows.py", line 147 in _poll
  File "D:\a\yasb\yasb\venv\Lib\site-packages\qasync\_windows.py", line 72 in select
  File "D:\a\yasb\yasb\venv\Lib\site-packages\qasync\_windows.py", line 199 in run

Thread 0x00004058 [LogPipeServer] (most recent call first):
  File "D:\a\yasb\yasb\src\core\utils\win32\bindings\kernel32.py", line 291 in ConnectNamedPipe
  File "D:\a\yasb\yasb\src\core\utils\cli_server.py", line 138 in _run_server
  File "C:\hostedtoolcache\windows\Python\3.14.6\x64\Lib\threading.py", line 1024 in run
  File "C:\hostedtoolcache\windows\Python\3.14.6\x64\Lib\threading.py", line 1082 in _bootstrap_inner
  File "C:\hostedtoolcache\windows\Python\3.14.6\x64\Lib\threading.py", line 1044 in _bootstrap

Thread 0x00004054 [CLIPipeServer] (most recent call first):
  File "D:\a\yasb\yasb\src\core\utils\win32\bindings\kernel32.py", line 291 in ConnectNamedPipe
  File "D:\a\yasb\yasb\src\core\utils\cli_server.py", line 235 in _run_server
  File "C:\hostedtoolcache\windows\Python\3.14.6\x64\Lib\threading.py", line 1024 in run
  File "C:\hostedtoolcache\windows\Python\3.14.6\x64\Lib\threading.py", line 1082 in _bootstrap_inner
  File "C:\hostedtoolcache\windows\Python\3.14.6\x64\Lib\threading.py", line 1044 in _bootstrap

Current thread 0x00003a70 (most recent call first):
  File "D:\a\yasb\yasb\src\core\widgets\services\media\media.py", line 248 in _on_sessions_changed
  File "C:\hostedtoolcache\windows\Python\3.14.6\x64\Lib\asyncio\events.py", line 94 in _run
  File "D:\a\yasb\yasb\venv\Lib\site-packages\qasync\__init__.py", line 307 in timerEvent
  File "D:\a\yasb\yasb\venv\Lib\site-packages\qasync\__init__.py", line 404 in run_forever
  File "D:\a\yasb\yasb\venv\Lib\site-packages\qasync\__init__.py", line 428 in run_until_complete
  File "main.py", line 100 in main
  File "main.py", line 203 in <module>
  File "D:\a\yasb\yasb\venv\Lib\site-packages\freeze_core\initscripts\console.py", line 43 in run
  File "src/freeze_core/initscripts/__startup__.py", line 147 in run
Windows fatal exception: code 0x8001010e

Thread 0x000042e4 [Thread-9] (most recent call first):
  File "C:\hostedtoolcache\windows\Python\3.14.6\x64\Lib\threading.py", line 369 in wait
  File "C:\hostedtoolcache\windows\Python\3.14.6\x64\Lib\queue.py", line 199 in get
  File "D:\a\yasb\yasb\venv\Lib\site-packages\watchdog\observers\api.py", line 379 in dispatch_events
  File "D:\a\yasb\yasb\venv\Lib\site-packages\watchdog\observers\api.py", line 213 in run
  File "C:\hostedtoolcache\windows\Python\3.14.6\x64\Lib\threading.py", line 1082 in _bootstrap_inner
  File "C:\hostedtoolcache\windows\Python\3.14.6\x64\Lib\threading.py", line 1044 in _bootstrap

Thread 0x000042e0 [Thread-10] (most recent call first):
  File "D:\a\yasb\yasb\venv\Lib\site-packages\watchdog\observers\winapi.py", line 326 in read_directory_changes
  File "D:\a\yasb\yasb\venv\Lib\site-packages\watchdog\observers\winapi.py", line 380 in read_events
  File "D:\a\yasb\yasb\venv\Lib\site-packages\watchdog\observers\read_directory_changes.py", line 67 in _read_events
  File "D:\a\yasb\yasb\venv\Lib\site-packages\watchdog\observers\read_directory_changes.py", line 70 in queue_events
  File "D:\a\yasb\yasb\venv\Lib\site-packages\watchdog\observers\api.py", line 158 in run
  File "C:\hostedtoolcache\windows\Python\3.14.6\x64\Lib\threading.py", line 1082 in _bootstrap_inner
  File "C:\hostedtoolcache\windows\Python\3.14.6\x64\Lib\threading.py", line 1044 in _bootstrap

Thread 0x000042dc [SystemEventListener] (most recent call first):
  File "D:\a\yasb\yasb\src\core\utils\win32\event_listener.py", line 69 in run

Thread 0x000042d8 [WindowsNotificationEventListener] (most recent call first):
  File "C:\hostedtoolcache\windows\Python\3.14.6\x64\Lib\asyncio\windows_events.py", line 778 in _poll
  File "C:\hostedtoolcache\windows\Python\3.14.6\x64\Lib\asyncio\windows_events.py", line 446 in select
  File "C:\hostedtoolcache\windows\Python\3.14.6\x64\Lib\asyncio\base_events.py", line 2018 in _run_once
  File "C:\hostedtoolcache\windows\Python\3.14.6\x64\Lib\asyncio\base_events.py", line 677 in run_forever
  File "C:\hostedtoolcache\windows\Python\3.14.6\x64\Lib\asyncio\base_events.py", line 706 in run_until_complete
  File "D:\a\yasb\yasb\src\core\widgets\services\notifications\windows_notification.py", line 84 in run

Thread 0x000042d4 [HotkeyListener] (most recent call first):
  File "D:\a\yasb\yasb\src\core\utils\win32\hotkeys.py", line 252 in run

Thread 0x000042bc [MemoryWorker] (most recent call first):
  File "C:\hostedtoolcache\windows\Python\3.14.6\x64\Lib\threading.py", line 373 in wait
  File "C:\hostedtoolcache\windows\Python\3.14.6\x64\Lib\threading.py", line 670 in wait
  File "D:\a\yasb\yasb\src\core\widgets\services\memory\memory_api.py", line 247 in run

Thread 0x000042b8 [CpuWorker] (most recent call first):
  File "C:\hostedtoolcache\windows\Python\3.14.6\x64\Lib\threading.py", line 373 in wait
  File "C:\hostedtoolcache\windows\Python\3.14.6\x64\Lib\threading.py", line 670 in wait
  File "D:\a\yasb\yasb\src\core\widgets\services\cpu\cpu_api.py", line 343 in run

Thread 0x00004124 [QueryWorker] (most recent call first):
  File "D:\a\yasb\yasb\src\core\widgets\services\quick_launch\workers.py", line 61 in run

Thread 0x00004070 [_EventWorker] (most recent call first):
  File "D:\a\yasb\yasb\venv\Lib\site-packages\qasync\_windows.py", line 147 in _poll
  File "D:\a\yasb\yasb\venv\Lib\site-packages\qasync\_windows.py", line 72 in select
  File "D:\a\yasb\yasb\venv\Lib\site-packages\qasync\_windows.py", line 199 in run

Thread 0x00004058 [LogPipeServer] (most recent call first):
  File "D:\a\yasb\yasb\src\core\utils\win32\bindings\kernel32.py", line 291 in ConnectNamedPipe
  File "D:\a\yasb\yasb\src\core\utils\cli_server.py", line 138 in _run_server
  File "C:\hostedtoolcache\windows\Python\3.14.6\x64\Lib\threading.py", line 1024 in run
  File "C:\hostedtoolcache\windows\Python\3.14.6\x64\Lib\threading.py", line 1082 in _bootstrap_inner
  File "C:\hostedtoolcache\windows\Python\3.14.6\x64\Lib\threading.py", line 1044 in _bootstrap

Thread 0x00004054 [CLIPipeServer] (most recent call first):
  File "D:\a\yasb\yasb\src\core\utils\win32\bindings\kernel32.py", line 291 in ConnectNamedPipe
  File "D:\a\yasb\yasb\src\core\utils\cli_server.py", line 235 in _run_server
  File "C:\hostedtoolcache\windows\Python\3.14.6\x64\Lib\threading.py", line 1024 in run
  File "C:\hostedtoolcache\windows\Python\3.14.6\x64\Lib\threading.py", line 1082 in _bootstrap_inner
  File "C:\hostedtoolcache\windows\Python\3.14.6\x64\Lib\threading.py", line 1044 in _bootstrap

Current thread 0x00003a70 (most recent call first):
  File "D:\a\yasb\yasb\src\core\widgets\services\media\media.py", line 248 in _on_sessions_changed
  File "C:\hostedtoolcache\windows\Python\3.14.6\x64\Lib\asyncio\events.py", line 94 in _run
  File "D:\a\yasb\yasb\venv\Lib\site-packages\qasync\__init__.py", line 307 in timerEvent
  File "D:\a\yasb\yasb\venv\Lib\site-packages\qasync\__init__.py", line 404 in run_forever
  File "D:\a\yasb\yasb\venv\Lib\site-packages\qasync\__init__.py", line 428 in run_until_complete
  File "main.py", line 100 in main
  File "main.py", line 203 in <module>
  File "D:\a\yasb\yasb\venv\Lib\site-packages\freeze_core\initscripts\console.py", line 43 in run
  File "src/freeze_core/initscripts/__startup__.py", line 147 in run
2026-08-27 03:56:26,213 [INFO] [MainThread] [root/bar_manager.py:111]: Stopping HotkeyListener...
2026-08-27 03:56:26,222 [INFO] [MainThread] [root/bar_manager.py:119]: Stopping WindowsNotificationEventListener...
2026-08-27 03:56:26,223 [INFO] [Dummy-11] [root/windows_notification.py:97]: Notification service stopped
2026-08-27 03:56:26,230 [INFO] [MainThread] [root/bar_manager.py:119]: Stopping SystemEventListener...
2026-08-28 01:07:09,673 [INFO] [MainThread] [root/log.py:104]: YASB v2.0.6
2026-08-28 01:07:09,674 [INFO] [CLIPipeServer] [cli_server/cli_server.py:216]: CLI server started v1.1.7
2026-08-28 01:07:09,674 [INFO] [MainThread] [cli_server/cli_server.py:106]: Log pipe server started
2026-08-28 01:07:10,771 [INFO] [MainThread] [windows_desktop_service/service.py:108]: Registered COM virtual desktop event successfully
2026-08-28 01:07:12,067 [INFO] [MainThread] [root/service.py:41]: AudioInputService starting...
2026-08-28 01:07:12,139 [INFO] [MainThread] [root/service.py:52]: AudioOutputService starting...
2026-08-28 01:07:12,297 [INFO] [MainThread] [root/bar_manager.py:238]: Starting HotkeyListener...
2026-08-28 01:07:12,297 [INFO] [MainThread] [root/bar_manager.py:103]: Starting SystemEventListener...
2026-08-28 01:07:12,298 [INFO] [MainThread] [root/bar_manager.py:103]: Starting WindowsNotificationEventListener...
2026-08-28 01:07:12,300 [INFO] [MainThread] [root/watcher.py:65]: Watching directory: c:\users\doria\.config\yasb
2026-08-28 01:07:12,300 [INFO] [MainThread] [root/watcher.py:104]: Created file watcher
2026-08-28 01:07:12,319 [INFO] [MainThread] [root/update_service.py:434]: Background update checker started
2026-08-28 01:07:12,339 [INFO] [Dummy-11] [root/windows_notification.py:161]: Notification service started (WNF_SHEL_NOTIFICATION_TOTAL)
2026-08-28 05:07:32,339 [INFO] [MainThread] [root/bar_manager.py:111]: Stopping HotkeyListener...
2026-08-28 05:07:32,357 [INFO] [MainThread] [root/bar_manager.py:119]: Stopping SystemEventListener...
2026-08-28 05:07:32,444 [INFO] [MainThread] [root/bar_manager.py:119]: Stopping WindowsNotificationEventListener...
2026-08-28 05:07:32,446 [INFO] [Dummy-11] [root/windows_notification.py:97]: Notification service stopped
2026-08-29 00:28:35,626 [INFO] [MainThread] [root/log.py:104]: YASB v2.0.6
2026-08-29 00:28:35,626 [INFO] [CLIPipeServer] [cli_server/cli_server.py:216]: CLI server started v1.1.7
2026-08-29 00:28:35,627 [INFO] [MainThread] [cli_server/cli_server.py:106]: Log pipe server started
2026-08-29 00:28:36,133 [INFO] [MainThread] [windows_desktop_service/service.py:108]: Registered COM virtual desktop event successfully
2026-08-29 00:28:36,841 [INFO] [MainThread] [root/service.py:41]: AudioInputService starting...
2026-08-29 00:28:36,912 [INFO] [MainThread] [root/service.py:52]: AudioOutputService starting...
2026-08-29 00:28:37,015 [INFO] [MainThread] [root/bar_manager.py:238]: Starting HotkeyListener...
2026-08-29 00:28:37,015 [INFO] [MainThread] [root/bar_manager.py:103]: Starting WindowsNotificationEventListener...
2026-08-29 00:28:37,016 [INFO] [MainThread] [root/bar_manager.py:103]: Starting SystemEventListener...
2026-08-29 00:28:37,017 [INFO] [MainThread] [root/watcher.py:65]: Watching directory: c:\users\doria\.config\yasb
2026-08-29 00:28:37,017 [INFO] [MainThread] [root/watcher.py:104]: Created file watcher
2026-08-29 00:28:37,033 [INFO] [MainThread] [root/update_service.py:434]: Background update checker started
2026-08-29 00:28:37,058 [INFO] [Dummy-11] [root/windows_notification.py:161]: Notification service started (WNF_SHEL_NOTIFICATION_TOTAL)
2026-08-29 00:37:12,867 [INFO] [MainThread] [root/service.py:223]: Quick Launch rebuilding app list after install/uninstall detected
2026-08-29 04:14:11,902 [INFO] [MainThread] [root/bar_manager.py:111]: Stopping HotkeyListener...
2026-08-29 04:14:11,920 [INFO] [MainThread] [root/bar_manager.py:119]: Stopping WindowsNotificationEventListener...
2026-08-29 04:14:11,922 [INFO] [Dummy-11] [root/windows_notification.py:97]: Notification service stopped
2026-08-29 04:14:11,931 [INFO] [MainThread] [root/bar_manager.py:119]: Stopping SystemEventListener...
2026-08-29 15:02:33,679 [INFO] [MainThread] [root/log.py:104]: YASB v2.0.6
2026-08-29 15:02:33,680 [INFO] [CLIPipeServer] [cli_server/cli_server.py:216]: CLI server started v1.1.7
2026-08-29 15:02:33,680 [INFO] [MainThread] [cli_server/cli_server.py:106]: Log pipe server started
2026-08-29 15:02:34,108 [INFO] [MainThread] [windows_desktop_service/service.py:108]: Registered COM virtual desktop event successfully
2026-08-29 15:02:34,775 [INFO] [MainThread] [root/service.py:41]: AudioInputService starting...
2026-08-29 15:02:34,849 [INFO] [MainThread] [root/service.py:52]: AudioOutputService starting...
2026-08-29 15:02:34,954 [INFO] [MainThread] [root/bar_manager.py:238]: Starting HotkeyListener...
2026-08-29 15:02:34,954 [INFO] [MainThread] [root/bar_manager.py:103]: Starting SystemEventListener...
2026-08-29 15:02:34,954 [INFO] [MainThread] [root/bar_manager.py:103]: Starting WindowsNotificationEventListener...
2026-08-29 15:02:34,956 [INFO] [MainThread] [root/watcher.py:65]: Watching directory: c:\users\doria\.config\yasb
2026-08-29 15:02:34,956 [INFO] [MainThread] [root/watcher.py:104]: Created file watcher
2026-08-29 15:02:34,971 [INFO] [MainThread] [root/update_service.py:434]: Background update checker started
2026-08-29 15:02:34,995 [INFO] [Dummy-11] [root/windows_notification.py:161]: Notification service started (WNF_SHEL_NOTIFICATION_TOTAL)
2026-08-29 18:05:47,541 [INFO] [MainThread] [root/bar_manager.py:111]: Stopping HotkeyListener...
2026-08-29 18:05:47,547 [INFO] [MainThread] [root/bar_manager.py:119]: Stopping SystemEventListener...
2026-08-29 18:05:47,551 [INFO] [MainThread] [root/bar_manager.py:119]: Stopping WindowsNotificationEventListener...
2026-08-29 18:05:47,552 [INFO] [Dummy-11] [root/windows_notification.py:97]: Notification service stopped
2026-09-01 20:20:27,845 [INFO] [MainThread] [root/log.py:104]: YASB v2.0.6
2026-09-01 20:20:27,846 [INFO] [CLIPipeServer] [cli_server/cli_server.py:216]: CLI server started v1.1.7
2026-09-01 20:20:27,846 [INFO] [MainThread] [cli_server/cli_server.py:106]: Log pipe server started
2026-09-01 20:20:28,281 [INFO] [MainThread] [windows_desktop_service/service.py:108]: Registered COM virtual desktop event successfully
2026-09-01 20:20:28,798 [INFO] [MainThread] [root/service.py:41]: AudioInputService starting...
2026-09-01 20:20:28,859 [INFO] [MainThread] [root/service.py:52]: AudioOutputService starting...
2026-09-01 20:20:28,959 [INFO] [MainThread] [root/bar_manager.py:238]: Starting HotkeyListener...
2026-09-01 20:20:28,959 [INFO] [MainThread] [root/bar_manager.py:103]: Starting WindowsNotificationEventListener...
2026-09-01 20:20:28,959 [INFO] [MainThread] [root/bar_manager.py:103]: Starting SystemEventListener...
2026-09-01 20:20:28,961 [INFO] [MainThread] [root/watcher.py:65]: Watching directory: c:\users\doria\.config\yasb
2026-09-01 20:20:28,961 [INFO] [MainThread] [root/watcher.py:104]: Created file watcher
2026-09-01 20:20:28,974 [INFO] [MainThread] [root/update_service.py:434]: Background update checker started
2026-09-01 20:20:28,999 [INFO] [Dummy-11] [root/windows_notification.py:161]: Notification service started (WNF_SHEL_NOTIFICATION_TOTAL)
2026-09-01 20:21:08,434 [INFO] [MainThread] [root/service.py:223]: Quick Launch rebuilding app list after install/uninstall detected
2026-09-01 20:27:15,882 [INFO] [MainThread] [root/service.py:223]: Quick Launch rebuilding app list after install/uninstall detected
2026-09-01 22:43:35,892 [INFO] [MainThread] [root/bar_manager.py:97]: Screens updated. Re-initialising all bars.
2026-09-01 22:43:35,893 [INFO] [MainThread] [root/controller.py:21]: Reloading Application because of screen update.
2026-09-01 22:43:36,007 [INFO] [MainThread] [cli_server/cli_server.py:114]: Log pipe server stopped
2026-09-01 22:43:36,022 [INFO] [MainThread] [root/service.py:223]: Quick Launch rebuilding app list after install/uninstall detected
2026-09-01 22:43:36,035 [INFO] [MainThread] [root/bar_manager.py:111]: Stopping HotkeyListener...
2026-09-01 22:43:36,036 [INFO] [MainThread] [root/bar_manager.py:119]: Stopping WindowsNotificationEventListener...
2026-09-01 22:43:36,038 [INFO] [Dummy-11] [root/windows_notification.py:97]: Notification service stopped
2026-09-01 22:43:36,039 [INFO] [MainThread] [root/bar_manager.py:119]: Stopping SystemEventListener...
2026-09-01 22:43:36,730 [INFO] [MainThread] [root/log.py:104]: YASB v2.0.6
2026-09-01 22:43:36,730 [INFO] [CLIPipeServer] [cli_server/cli_server.py:216]: CLI server started v1.1.7
2026-09-01 22:43:36,730 [INFO] [MainThread] [cli_server/cli_server.py:106]: Log pipe server started
2026-09-01 22:43:37,148 [INFO] [MainThread] [windows_desktop_service/service.py:108]: Registered COM virtual desktop event successfully
2026-09-01 22:43:37,853 [INFO] [MainThread] [root/service.py:41]: AudioInputService starting...
2026-09-01 22:43:37,927 [INFO] [MainThread] [root/service.py:52]: AudioOutputService starting...
2026-09-01 22:44:44,093 [INFO] [MainThread] [root/log.py:104]: YASB v2.0.6
2026-09-01 22:44:44,094 [INFO] [CLIPipeServer] [cli_server/cli_server.py:216]: CLI server started v1.1.7
2026-09-01 22:44:44,094 [INFO] [MainThread] [cli_server/cli_server.py:106]: Log pipe server started
2026-09-01 22:44:44,563 [INFO] [MainThread] [windows_desktop_service/service.py:108]: Registered COM virtual desktop event successfully
2026-09-01 22:44:45,095 [INFO] [MainThread] [root/service.py:41]: AudioInputService starting...
2026-09-01 22:44:45,166 [INFO] [MainThread] [root/service.py:52]: AudioOutputService starting...
2026-09-01 22:44:45,268 [INFO] [MainThread] [root/bar_manager.py:238]: Starting HotkeyListener...
2026-09-01 22:44:45,268 [INFO] [MainThread] [root/bar_manager.py:103]: Starting SystemEventListener...
2026-09-01 22:44:45,269 [INFO] [MainThread] [root/bar_manager.py:103]: Starting WindowsNotificationEventListener...
2026-09-01 22:44:45,270 [INFO] [MainThread] [root/watcher.py:65]: Watching directory: c:\users\doria\.config\yasb
2026-09-01 22:44:45,270 [INFO] [MainThread] [root/watcher.py:104]: Created file watcher
2026-09-01 22:44:45,286 [INFO] [MainThread] [root/update_service.py:434]: Background update checker started
2026-09-01 22:44:45,310 [INFO] [Dummy-11] [root/windows_notification.py:161]: Notification service started (WNF_SHEL_NOTIFICATION_TOTAL)
2026-09-02 02:12:49,707 [INFO] [MainThread] [root/bar_manager.py:111]: Stopping HotkeyListener...
2026-09-02 02:12:49,714 [INFO] [MainThread] [root/bar_manager.py:119]: Stopping SystemEventListener...
2026-09-02 02:12:49,749 [INFO] [MainThread] [root/bar_manager.py:119]: Stopping WindowsNotificationEventListener...
2026-09-02 02:12:49,751 [INFO] [Dummy-11] [root/windows_notification.py:97]: Notification service stopped
2026-09-02 17:25:45,534 [INFO] [MainThread] [root/log.py:104]: YASB v2.0.6
2026-09-02 17:25:45,535 [INFO] [CLIPipeServer] [cli_server/cli_server.py:216]: CLI server started v1.1.7
2026-09-02 17:25:45,535 [INFO] [MainThread] [cli_server/cli_server.py:106]: Log pipe server started
2026-09-02 17:25:46,056 [INFO] [MainThread] [windows_desktop_service/service.py:108]: Registered COM virtual desktop event successfully
2026-09-02 17:25:46,774 [INFO] [MainThread] [root/service.py:41]: AudioInputService starting...
2026-09-02 17:25:46,854 [INFO] [MainThread] [root/service.py:52]: AudioOutputService starting...
2026-09-02 17:25:46,966 [INFO] [MainThread] [root/bar_manager.py:238]: Starting HotkeyListener...
2026-09-02 17:25:46,966 [INFO] [MainThread] [root/bar_manager.py:103]: Starting SystemEventListener...
2026-09-02 17:25:46,966 [INFO] [MainThread] [root/bar_manager.py:103]: Starting WindowsNotificationEventListener...
2026-09-02 17:25:46,968 [INFO] [MainThread] [root/watcher.py:65]: Watching directory: c:\users\doria\.config\yasb
2026-09-02 17:25:46,968 [INFO] [MainThread] [root/watcher.py:104]: Created file watcher
2026-09-02 17:25:46,985 [INFO] [MainThread] [root/update_service.py:434]: Background update checker started
2026-09-02 17:25:47,006 [INFO] [Dummy-11] [root/windows_notification.py:161]: Notification service started (WNF_SHEL_NOTIFICATION_TOTAL)
                                                                                                                                                                                                                                                                                                                                                                                                                                                                                                                                                                                                                                                                                                                                                                                        2026-09-02 17:39:55,990 [INFO] [MainThread] [root/log.py:104]: YASB v2.0.6
2026-09-02 17:39:55,991 [INFO] [CLIPipeServer] [cli_server/cli_server.py:216]: CLI server started v1.1.7
2026-09-02 17:39:55,991 [INFO] [MainThread] [cli_server/cli_server.py:106]: Log pipe server started
2026-09-02 17:39:56,444 [INFO] [MainThread] [windows_desktop_service/service.py:108]: Registered COM virtual desktop event successfully
2026-09-02 17:39:57,060 [INFO] [MainThread] [root/service.py:41]: AudioInputService starting...
2026-09-02 17:39:57,131 [INFO] [MainThread] [root/service.py:52]: AudioOutputService starting...
2026-09-02 17:39:57,247 [INFO] [MainThread] [root/bar_manager.py:238]: Starting HotkeyListener...
2026-09-02 17:39:57,247 [INFO] [MainThread] [root/bar_manager.py:103]: Starting SystemEventListener...
2026-09-02 17:39:57,247 [INFO] [MainThread] [root/bar_manager.py:103]: Starting WindowsNotificationEventListener...
2026-09-02 17:39:57,249 [INFO] [MainThread] [root/watcher.py:65]: Watching directory: c:\users\doria\.config\yasb
2026-09-02 17:39:57,249 [INFO] [MainThread] [root/watcher.py:104]: Created file watcher
2026-09-02 17:39:57,262 [INFO] [MainThread] [root/update_service.py:434]: Background update checker started
2026-09-02 17:39:57,275 [INFO] [Dummy-11] [root/windows_notification.py:161]: Notification service started (WNF_SHEL_NOTIFICATION_TOTAL)
Windows fatal exception: code 0x800706f7

Thread 0x000048a4 [Thread-9] (most recent call first):
  File "C:\hostedtoolcache\windows\Python\3.14.6\x64\Lib\threading.py", line 369 in wait
  File "C:\hostedtoolcache\windows\Python\3.14.6\x64\Lib\queue.py", line 199 in get
  File "D:\a\yasb\yasb\venv\Lib\site-packages\watchdog\observers\api.py", line 379 in dispatch_events
  File "D:\a\yasb\yasb\venv\Lib\site-packages\watchdog\observers\api.py", line 213 in run
  File "C:\hostedtoolcache\windows\Python\3.14.6\x64\Lib\threading.py", line 1082 in _bootstrap_inner
  File "C:\hostedtoolcache\windows\Python\3.14.6\x64\Lib\threading.py", line 1044 in _bootstrap

Thread 0x000048a0 [Thread-10] (most recent call first):
  File "D:\a\yasb\yasb\venv\Lib\site-packages\watchdog\observers\winapi.py", line 326 in read_directory_changes
  File "D:\a\yasb\yasb\venv\Lib\site-packages\watchdog\observers\winapi.py", line 380 in read_events
  File "D:\a\yasb\yasb\venv\Lib\site-packages\watchdog\observers\read_directory_changes.py", line 67 in _read_events
  File "D:\a\yasb\yasb\venv\Lib\site-packages\watchdog\observers\read_directory_changes.py", line 70 in queue_events
  File "D:\a\yasb\yasb\venv\Lib\site-packages\watchdog\observers\api.py", line 158 in run
  File "C:\hostedtoolcache\windows\Python\3.14.6\x64\Lib\threading.py", line 1082 in _bootstrap_inner
  File "C:\hostedtoolcache\windows\Python\3.14.6\x64\Lib\threading.py", line 1044 in _bootstrap

Thread 0x0000489c [WindowsNotificationEventListener] (most recent call first):
  File "C:\hostedtoolcache\windows\Python\3.14.6\x64\Lib\asyncio\windows_events.py", line 778 in _poll
  File "C:\hostedtoolcache\windows\Python\3.14.6\x64\Lib\asyncio\windows_events.py", line 446 in select
  File "C:\hostedtoolcache\windows\Python\3.14.6\x64\Lib\asyncio\base_events.py", line 2018 in _run_once
  File "C:\hostedtoolcache\windows\Python\3.14.6\x64\Lib\asyncio\base_events.py", line 677 in run_forever
  File "C:\hostedtoolcache\windows\Python\3.14.6\x64\Lib\asyncio\base_events.py", line 706 in run_until_complete
  File "D:\a\yasb\yasb\src\core\widgets\services\notifications\windows_notification.py", line 84 in run

Thread 0x00004898 [SystemEventListener] (most recent call first):
  File "D:\a\yasb\yasb\src\core\utils\win32\event_listener.py", line 69 in run

Thread 0x00004894 [HotkeyListener] (most recent call first):
  File "D:\a\yasb\yasb\src\core\utils\win32\hotkeys.py", line 252 in run

Thread 0x00004880 [MemoryWorker] (most recent call first):
  File "C:\hostedtoolcache\windows\Python\3.14.6\x64\Lib\threading.py", line 373 in wait
  File "C:\hostedtoolcache\windows\Python\3.14.6\x64\Lib\threading.py", line 670 in wait
  File "D:\a\yasb\yasb\src\core\widgets\services\memory\memory_api.py", line 247 in run

Thread 0x0000487c [CpuWorker] (most recent call first):
  File "C:\hostedtoolcache\windows\Python\3.14.6\x64\Lib\threading.py", line 373 in wait
  File "C:\hostedtoolcache\windows\Python\3.14.6\x64\Lib\threading.py", line 670 in wait
  File "D:\a\yasb\yasb\src\core\widgets\services\cpu\cpu_api.py", line 343 in run

Thread 0x000045ac [QueryWorker] (most recent call first):
  File "D:\a\yasb\yasb\src\core\widgets\services\quick_launch\workers.py", line 61 in run

Thread 0x00004544 [_EventWorker] (most recent call first):
  File "D:\a\yasb\yasb\venv\Lib\site-packages\qasync\_windows.py", line 147 in _poll
  File "D:\a\yasb\yasb\venv\Lib\site-packages\qasync\_windows.py", line 72 in select
  File "D:\a\yasb\yasb\venv\Lib\site-packages\qasync\_windows.py", line 199 in run

Thread 0x00004500 [LogPipeServer] (most recent call first):
  File "D:\a\yasb\yasb\src\core\utils\win32\bindings\kernel32.py", line 291 in ConnectNamedPipe
  File "D:\a\yasb\yasb\src\core\utils\cli_server.py", line 138 in _run_server
  File "C:\hostedtoolcache\windows\Python\3.14.6\x64\Lib\threading.py", line 1024 in run
  File "C:\hostedtoolcache\windows\Python\3.14.6\x64\Lib\threading.py", line 1082 in _bootstrap_inner
  File "C:\hostedtoolcache\windows\Python\3.14.6\x64\Lib\threading.py", line 1044 in _bootstrap

Thread 0x00004504 [CLIPipeServer] (most recent call first):
  File "D:\a\yasb\yasb\src\core\utils\win32\bindings\kernel32.py", line 291 in ConnectNamedPipe
  File "D:\a\yasb\yasb\src\core\utils\cli_server.py", line 235 in _run_server
  File "C:\hostedtoolcache\windows\Python\3.14.6\x64\Lib\threading.py", line 1024 in run
  File "C:\hostedtoolcache\windows\Python\3.14.6\x64\Lib\threading.py", line 1082 in _bootstrap_inner
  File "C:\hostedtoolcache\windows\Python\3.14.6\x64\Lib\threading.py", line 1044 in _bootstrap

Current thread 0x00004698 (most recent call first):
  File "D:\a\yasb\yasb\src\core\widgets\yasb\active_window.py", line 337 in _update_window_title
  File "D:\a\yasb\yasb\src\core\widgets\yasb\active_window.py", line 237 in _on_focus_change_event
  File "D:\a\yasb\yasb\venv\Lib\site-packages\qasync\__init__.py", line 404 in run_forever
  File "D:\a\yasb\yasb\venv\Lib\site-packages\qasync\__init__.py", line 428 in run_until_complete
  File "main.py", line 100 in main
  File "main.py", line 203 in <module>
  File "D:\a\yasb\yasb\venv\Lib\site-packages\freeze_core\initscripts\console.py", line 43 in run
  File "src/freeze_core/initscripts/__startup__.py", line 147 in run
2026-09-02 17:48:53,362 [INFO] [MainThread] [root/service.py:223]: Quick Launch rebuilding app list after install/uninstall detected
                                                                                                                                                                                                                                                                                                                                                                                                                                                                                                                                                                                                                                                                                                                                                                                                                                                                                                                              2026-09-02 17:50:38,958 [INFO] [MainThread] [root/log.py:104]: YASB v2.0.6
2026-09-02 17:50:38,959 [INFO] [CLIPipeServer] [cli_server/cli_server.py:216]: CLI server started v1.1.7
2026-09-02 17:50:38,959 [INFO] [MainThread] [cli_server/cli_server.py:106]: Log pipe server started
2026-09-02 17:50:39,422 [INFO] [MainThread] [windows_desktop_service/service.py:108]: Registered COM virtual desktop event successfully
2026-09-02 17:50:39,950 [INFO] [MainThread] [root/service.py:41]: AudioInputService starting...
2026-09-02 17:50:40,020 [INFO] [MainThread] [root/service.py:52]: AudioOutputService starting...
2026-09-02 17:50:40,121 [INFO] [MainThread] [root/bar_manager.py:238]: Starting HotkeyListener...
2026-09-02 17:50:40,121 [INFO] [MainThread] [root/bar_manager.py:103]: Starting SystemEventListener...
2026-09-02 17:50:40,121 [INFO] [MainThread] [root/bar_manager.py:103]: Starting WindowsNotificationEventListener...
2026-09-02 17:50:40,123 [INFO] [MainThread] [root/watcher.py:65]: Watching directory: c:\users\doria\.config\yasb
2026-09-02 17:50:40,123 [INFO] [MainThread] [root/watcher.py:104]: Created file watcher
2026-09-02 17:50:40,136 [INFO] [MainThread] [root/update_service.py:434]: Background update checker started
2026-09-02 17:50:40,148 [INFO] [Dummy-11] [root/windows_notification.py:161]: Notification service started (WNF_SHEL_NOTIFICATION_TOTAL)
2026-09-02 18:09:27,308 [INFO] [MainThread] [root/bar_manager.py:111]: Stopping HotkeyListener...
2026-09-02 18:09:27,311 [INFO] [MainThread] [root/bar_manager.py:119]: Stopping SystemEventListener...
2026-09-02 18:09:27,318 [INFO] [MainThread] [root/bar_manager.py:119]: Stopping WindowsNotificationEventListener...
2026-09-02 18:09:27,318 [INFO] [Dummy-11] [root/windows_notification.py:97]: Notification service stopped
2026-09-02 18:10:24,322 [INFO] [MainThread] [root/log.py:104]: YASB v2.0.6
2026-09-02 18:10:24,322 [INFO] [CLIPipeServer] [cli_server/cli_server.py:216]: CLI server started v1.1.7
2026-09-02 18:10:24,323 [INFO] [MainThread] [cli_server/cli_server.py:106]: Log pipe server started
2026-09-02 18:10:24,706 [INFO] [MainThread] [windows_desktop_service/service.py:108]: Registered COM virtual desktop event successfully
2026-09-02 18:10:25,325 [INFO] [MainThread] [root/service.py:41]: AudioInputService starting...
2026-09-02 18:10:25,394 [INFO] [MainThread] [root/service.py:52]: AudioOutputService starting...
2026-09-02 18:10:25,493 [INFO] [MainThread] [root/bar_manager.py:238]: Starting HotkeyListener...
2026-09-02 18:10:25,493 [INFO] [MainThread] [root/bar_manager.py:103]: Starting SystemEventListener...
2026-09-02 18:10:25,493 [INFO] [MainThread] [root/bar_manager.py:103]: Starting WindowsNotificationEventListener...
2026-09-02 18:10:25,495 [INFO] [MainThread] [root/watcher.py:65]: Watching directory: c:\users\doria\.config\yasb
2026-09-02 18:10:25,495 [INFO] [MainThread] [root/watcher.py:104]: Created file watcher
2026-09-02 18:10:25,511 [INFO] [MainThread] [root/update_service.py:434]: Background update checker started
2026-09-02 18:10:25,519 [INFO] [Dummy-11] [root/windows_notification.py:161]: Notification service started (WNF_SHEL_NOTIFICATION_TOTAL)
2026-09-02 18:13:48,020 [INFO] [MainThread] [root/service.py:223]: Quick Launch rebuilding app list after install/uninstall detected
2026-09-02 18:14:02,842 [INFO] [MainThread] [root/bar_manager.py:97]: Screens updated. Re-initialising all bars.
2026-09-02 18:14:02,842 [INFO] [MainThread] [root/controller.py:21]: Reloading Application because of screen update.
2026-09-02 18:14:02,945 [INFO] [MainThread] [cli_server/cli_server.py:114]: Log pipe server stopped
2026-09-02 18:14:02,951 [INFO] [MainThread] [root/bar_manager.py:111]: Stopping HotkeyListener...
2026-09-02 18:14:02,952 [INFO] [MainThread] [root/bar_manager.py:119]: Stopping SystemEventListener...
2026-09-02 18:14:02,953 [INFO] [MainThread] [root/bar_manager.py:119]: Stopping WindowsNotificationEventListener...
2026-09-02 18:14:02,953 [INFO] [Dummy-11] [root/windows_notification.py:97]: Notification service stopped
2026-09-02 18:14:03,378 [INFO] [MainThread] [root/log.py:104]: YASB v2.0.6
2026-09-02 18:14:03,378 [INFO] [CLIPipeServer] [cli_server/cli_server.py:216]: CLI server started v1.1.7
2026-09-02 18:14:03,379 [INFO] [MainThread] [cli_server/cli_server.py:106]: Log pipe server started
2026-09-02 18:14:03,636 [INFO] [MainThread] [windows_desktop_service/service.py:108]: Registered COM virtual desktop event successfully
2026-09-02 18:14:04,068 [INFO] [MainThread] [root/service.py:41]: AudioInputService starting...
2026-09-02 18:14:04,134 [INFO] [MainThread] [root/service.py:52]: AudioOutputService starting...
2026-09-02 18:14:05,459 [INFO] [MainThread] [root/bar_manager.py:238]: Starting HotkeyListener...
2026-09-02 18:14:05,459 [INFO] [MainThread] [root/bar_manager.py:103]: Starting WindowsNotificationEventListener...
2026-09-02 18:14:05,459 [INFO] [MainThread] [root/bar_manager.py:103]: Starting SystemEventListener...
2026-09-02 18:14:05,461 [INFO] [MainThread] [root/watcher.py:65]: Watching directory: c:\users\doria\.config\yasb
2026-09-02 18:14:05,461 [INFO] [MainThread] [root/watcher.py:104]: Created file watcher
2026-09-02 18:14:05,480 [INFO] [MainThread] [root/update_service.py:434]: Background update checker started
2026-09-02 18:14:05,492 [INFO] [Dummy-11] [root/windows_notification.py:161]: Notification service started (WNF_SHEL_NOTIFICATION_TOTAL)
2026-09-02 18:14:05,506 [INFO] [MainThread] [root/bar_manager.py:97]: Screens updated. Re-initialising all bars.
2026-09-02 18:14:05,506 [INFO] [MainThread] [root/controller.py:21]: Reloading Application because of screen update.
2026-09-02 18:14:05,608 [INFO] [MainThread] [cli_server/cli_server.py:114]: Log pipe server stopped
Windows fatal exception: code 0x8001010e

Thread 0x00004954 [DescriptionResolverWorker] (most recent call first):
  File "D:\a\yasb\yasb\src\core\widgets\services\quick_launch\providers\apps.py", line 231 in run

Thread 0x000005cc [IconResolverWorker] (most recent call first):
  File "D:\a\yasb\yasb\venv\Lib\site-packages\win32com\client\dynamic.py", line 151 in MakeOleRepr
  File "D:\a\yasb\yasb\venv\Lib\site-packages\win32com\client\dynamic.py", line 143 in Dispatch
  File "D:\a\yasb\yasb\venv\Lib\site-packages\win32com\client\__init__.py", line 54 in __WrapDispatch
  File "D:\a\yasb\yasb\venv\Lib\site-packages\win32com\client\__init__.py", line 117 in Dispatch
  File "D:\a\yasb\yasb\venv\Lib\site-packages\win32com\client\__init__.py", line 157 in _wrap_dispatch_
  File "D:\a\yasb\yasb\venv\Lib\site-packages\win32com\client\dynamic.py", line 373 in _get_good_single_object_
  File "D:\a\yasb\yasb\venv\Lib\site-packages\win32com\client\dynamic.py", line 400 in _get_good_object_
  File "<COMObject WScript.Shell>", line 2 in CreateShortcut
  File "D:\a\yasb\yasb\src\core\utils\win32\icon_extractor.py", line 110 in extract_lnk_icon
  File "D:\a\yasb\yasb\src\core\widgets\services\quick_launch\icon_resolver.py", line 71 in _resolve_icon
  File "D:\a\yasb\yasb\src\core\widgets\services\quick_launch\icon_resolver.py", line 52 in run

Thread 0x00000988 [SystemEventListener] (most recent call first):
  File "D:\a\yasb\yasb\src\core\utils\win32\event_listener.py", line 69 in run

Thread 0x00004c24 [WindowsNotificationEventListener] (most recent call first):
  File "C:\hostedtoolcache\windows\Python\3.14.6\x64\Lib\asyncio\windows_events.py", line 778 in _poll
  File "C:\hostedtoolcache\windows\Python\3.14.6\x64\Lib\asyncio\windows_events.py", line 446 in select
  File "C:\hostedtoolcache\windows\Python\3.14.6\x64\Lib\asyncio\base_events.py", line 2018 in _run_once
  File "C:\hostedtoolcache\windows\Python\3.14.6\x64\Lib\asyncio\base_events.py", line 677 in run_forever
  File "C:\hostedtoolcache\windows\Python\3.14.6\x64\Lib\asyncio\base_events.py", line 706 in run_until_complete
  File "D:\a\yasb\yasb\src\core\widgets\services\notifications\windows_notification.py", line 84 in run

Thread 0x00004da0 [Thread-8] (most recent call first):
  File "C:\hostedtoolcache\windows\Python\3.14.6\x64\Lib\threading.py", line 369 in wait
  File "C:\hostedtoolcache\windows\Python\3.14.6\x64\Lib\queue.py", line 199 in get
  File "D:\a\yasb\yasb\venv\Lib\site-packages\watchdog\observers\api.py", line 379 in dispatch_events
  File "D:\a\yasb\yasb\venv\Lib\site-packages\watchdog\observers\api.py", line 213 in run
  File "C:\hostedtoolcache\windows\Python\3.14.6\x64\Lib\threading.py", line 1082 in _bootstrap_inner
  File "C:\hostedtoolcache\windows\Python\3.14.6\x64\Lib\threading.py", line 1044 in _bootstrap

Thread 0x00004604 [Thread-9] (most recent call first):
  File "D:\a\yasb\yasb\venv\Lib\site-packages\watchdog\observers\winapi.py", line 326 in read_directory_changes
  File "D:\a\yasb\yasb\venv\Lib\site-packages\watchdog\observers\winapi.py", line 380 in read_events
  File "D:\a\yasb\yasb\venv\Lib\site-packages\watchdog\observers\read_directory_changes.py", line 67 in _read_events
  File "D:\a\yasb\yasb\venv\Lib\site-packages\watchdog\observers\read_directory_changes.py", line 70 in queue_events
  File "D:\a\yasb\yasb\venv\Lib\site-packages\watchdog\observers\api.py", line 158 in run
  File "C:\hostedtoolcache\windows\Python\3.14.6\x64\Lib\threading.py", line 1082 in _bootstrap_inner
  File "C:\hostedtoolcache\windows\Python\3.14.6\x64\Lib\threading.py", line 1044 in _bootstrap

Thread 0x000052d8 [HotkeyListener] (most recent call first):
  File "D:\a\yasb\yasb\src\core\utils\win32\hotkeys.py", line 252 in run

Thread 0x000030ac [MemoryWorker] (most recent call first):
  File "C:\hostedtoolcache\windows\Python\3.14.6\x64\Lib\threading.py", line 373 in wait
  File "C:\hostedtoolcache\windows\Python\3.14.6\x64\Lib\threading.py", line 670 in wait
  File "D:\a\yasb\yasb\src\core\widgets\services\memory\memory_api.py", line 247 in run

Thread 0x000005ec [CpuWorker] (most recent call first):
  File "C:\hostedtoolcache\windows\Python\3.14.6\x64\Lib\threading.py", line 373 in wait
  File "C:\hostedtoolcache\windows\Python\3.14.6\x64\Lib\threading.py", line 670 in wait
  File "D:\a\yasb\yasb\src\core\widgets\services\cpu\cpu_api.py", line 343 in run

Thread 0x00003d6c [QueryWorker] (most recent call first):
  File "D:\a\yasb\yasb\src\core\widgets\services\quick_launch\workers.py", line 61 in run

Thread 0x00003d94 [_EventWorker] (most recent call first):
  File "D:\a\yasb\yasb\venv\Lib\site-packages\qasync\_windows.py", line 147 in _poll
  File "D:\a\yasb\yasb\venv\Lib\site-packages\qasync\_windows.py", line 72 in select
  File "D:\a\yasb\yasb\venv\Lib\site-packages\qasync\_windows.py", line 199 in run

Thread 0x000047b8 [LogPipeServer] (most recent call first):
  File "D:\a\yasb\yasb\src\core\utils\win32\bindings\kernel32.py", line 291 in ConnectNamedPipe
  File "D:\a\yasb\yasb\src\core\utils\cli_server.py", line 138 in _run_server
  File "C:\hostedtoolcache\windows\Python\3.14.6\x64\Lib\threading.py", line 1024 in run
  File "C:\hostedtoolcache\windows\Python\3.14.6\x64\Lib\threading.py", line 1082 in _bootstrap_inner
  File "C:\hostedtoolcache\windows\Python\3.14.6\x64\Lib\threading.py", line 1044 in _bootstrap

Thread 0x00003b28 [CLIPipeServer] (most recent call first):
  File "D:\a\yasb\yasb\src\core\utils\win32\bindings\kernel32.py", line 291 in ConnectNamedPipe
  File "D:\a\yasb\yasb\src\core\utils\cli_server.py", line 235 in _run_server
  File "C:\hostedtoolcache\windows\Python\3.14.6\x64\Lib\threading.py", line 1024 in run
  File "C:\hostedtoolcache\windows\Python\3.14.6\x64\Lib\threading.py", line 1082 in _bootstrap_inner
  File "C:\hostedtoolcache\windows\Python\3.14.6\x64\Lib\threading.py", line 1044 in _bootstrap

Current thread 0x00003038 (most recent call first):
  File "C:\hostedtoolcache\windows\Python\3.14.6\x64\Lib\asyncio\events.py", line 94 in _run
  File "D:\a\yasb\yasb\venv\Lib\site-packages\qasync\__init__.py", line 307 in timerEvent
  File "D:\a\yasb\yasb\venv\Lib\site-packages\qasync\__init__.py", line 404 in run_forever
  File "D:\a\yasb\yasb\venv\Lib\site-packages\qasync\__init__.py", line 428 in run_until_complete
  File "main.py", line 100 in main
  File "main.py", line 203 in <module>
  File "D:\a\yasb\yasb\venv\Lib\site-packages\freeze_core\initscripts\console.py", line 43 in run
  File "src/freeze_core/initscripts/__startup__.py", line 147 in run
2026-09-02 18:14:05,849 [INFO] [MainThread] [root/bar_manager.py:111]: Stopping HotkeyListener...
2026-09-02 18:14:05,851 [INFO] [MainThread] [root/bar_manager.py:119]: Stopping WindowsNotificationEventListener...
2026-09-02 18:14:05,852 [INFO] [Dummy-11] [root/windows_notification.py:97]: Notification service stopped
2026-09-02 18:14:05,854 [INFO] [MainThread] [root/bar_manager.py:119]: Stopping SystemEventListener...
2026-09-02 18:14:06,149 [INFO] [MainThread] [root/log.py:104]: YASB v2.0.6
2026-09-02 18:14:06,150 [INFO] [CLIPipeServer] [cli_server/cli_server.py:216]: CLI server started v1.1.7
2026-09-02 18:14:06,150 [INFO] [MainThread] [cli_server/cli_server.py:106]: Log pipe server started
2026-09-02 18:14:06,409 [INFO] [MainThread] [windows_desktop_service/service.py:108]: Registered COM virtual desktop event successfully
2026-09-02 18:14:06,862 [INFO] [MainThread] [root/service.py:41]: AudioInputService starting...
2026-09-02 18:14:06,940 [INFO] [MainThread] [root/service.py:52]: AudioOutputService starting...
2026-09-02 18:14:07,042 [INFO] [MainThread] [root/bar_manager.py:238]: Starting HotkeyListener...
2026-09-02 18:14:07,042 [INFO] [MainThread] [root/bar_manager.py:103]: Starting WindowsNotificationEventListener...
2026-09-02 18:14:07,042 [INFO] [MainThread] [root/bar_manager.py:103]: Starting SystemEventListener...
2026-09-02 18:14:07,044 [INFO] [MainThread] [root/watcher.py:65]: Watching directory: c:\users\doria\.config\yasb
2026-09-02 18:14:07,044 [INFO] [MainThread] [root/watcher.py:104]: Created file watcher
2026-09-02 18:14:07,060 [INFO] [MainThread] [root/update_service.py:434]: Background update checker started
2026-09-02 18:14:07,073 [INFO] [Dummy-11] [root/windows_notification.py:161]: Notification service started (WNF_SHEL_NOTIFICATION_TOTAL)
2026-09-02 18:14:13,117 [INFO] [MainThread] [root/bar_manager.py:97]: Screens updated. Re-initialising all bars.
2026-09-02 18:14:13,117 [INFO] [MainThread] [root/controller.py:21]: Reloading Application because of screen update.
2026-09-02 18:14:13,222 [INFO] [MainThread] [cli_server/cli_server.py:114]: Log pipe server stopped
2026-09-02 18:14:13,293 [INFO] [MainThread] [root/bar_manager.py:111]: Stopping HotkeyListener...
2026-09-02 18:14:13,296 [INFO] [MainThread] [root/bar_manager.py:119]: Stopping WindowsNotificationEventListener...
2026-09-02 18:14:13,297 [INFO] [Dummy-11] [root/windows_notification.py:97]: Notification service stopped
2026-09-02 18:14:13,299 [INFO] [MainThread] [root/bar_manager.py:119]: Stopping SystemEventListener...
2026-09-02 18:14:13,730 [INFO] [MainThread] [root/log.py:104]: YASB v2.0.6
2026-09-02 18:14:13,730 [INFO] [CLIPipeServer] [cli_server/cli_server.py:216]: CLI server started v1.1.7
2026-09-02 18:14:13,730 [INFO] [MainThread] [cli_server/cli_server.py:106]: Log pipe server started
2026-09-02 18:14:14,015 [INFO] [MainThread] [windows_desktop_service/service.py:108]: Registered COM virtual desktop event successfully
2026-09-02 18:14:14,481 [INFO] [MainThread] [root/service.py:41]: AudioInputService starting...
2026-09-02 18:14:14,549 [INFO] [MainThread] [root/service.py:52]: AudioOutputService starting...
2026-09-02 18:14:14,650 [INFO] [MainThread] [root/bar_manager.py:238]: Starting HotkeyListener...
2026-09-02 18:14:14,651 [INFO] [MainThread] [root/bar_manager.py:103]: Starting SystemEventListener...
2026-09-02 18:14:14,651 [INFO] [MainThread] [root/bar_manager.py:103]: Starting WindowsNotificationEventListener...
2026-09-02 18:14:14,652 [INFO] [MainThread] [root/watcher.py:65]: Watching directory: c:\users\doria\.config\yasb
2026-09-02 18:14:14,653 [INFO] [MainThread] [root/watcher.py:104]: Created file watcher
2026-09-02 18:14:14,665 [INFO] [MainThread] [root/update_service.py:434]: Background update checker started
2026-09-02 18:14:14,672 [INFO] [Dummy-11] [root/windows_notification.py:161]: Notification service started (WNF_SHEL_NOTIFICATION_TOTAL)
2026-09-02 18:16:37,943 [INFO] [MainThread] [root/bar_manager.py:111]: Stopping HotkeyListener...
2026-09-02 18:16:37,950 [INFO] [MainThread] [root/bar_manager.py:119]: Stopping SystemEventListener...
2026-09-02 18:16:38,029 [INFO] [MainThread] [root/bar_manager.py:119]: Stopping WindowsNotificationEventListener...
2026-09-02 18:16:38,029 [INFO] [Dummy-11] [root/windows_notification.py:97]: Notification service stopped
2026-09-02 18:19:03,427 [INFO] [MainThread] [root/log.py:104]: YASB v2.0.6
2026-09-02 18:19:03,428 [INFO] [CLIPipeServer] [cli_server/cli_server.py:216]: CLI server started v1.1.7
2026-09-02 18:19:03,428 [INFO] [MainThread] [cli_server/cli_server.py:106]: Log pipe server started
2026-09-02 18:19:03,849 [INFO] [MainThread] [windows_desktop_service/service.py:108]: Registered COM virtual desktop event successfully
2026-09-02 18:19:04,495 [INFO] [MainThread] [root/service.py:41]: AudioInputService starting...
2026-09-02 18:19:04,570 [INFO] [MainThread] [root/service.py:52]: AudioOutputService starting...
2026-09-02 18:19:04,673 [INFO] [MainThread] [root/bar_manager.py:238]: Starting HotkeyListener...
2026-09-02 18:19:04,673 [INFO] [MainThread] [root/bar_manager.py:103]: Starting WindowsNotificationEventListener...
2026-09-02 18:19:04,673 [INFO] [MainThread] [root/bar_manager.py:103]: Starting SystemEventListener...
2026-09-02 18:19:04,675 [INFO] [MainThread] [root/watcher.py:65]: Watching directory: c:\users\doria\.config\yasb
2026-09-02 18:19:04,675 [INFO] [MainThread] [root/watcher.py:104]: Created file watcher
2026-09-02 18:19:04,689 [INFO] [MainThread] [root/update_service.py:434]: Background update checker started
2026-09-02 18:19:04,696 [INFO] [Dummy-11] [root/windows_notification.py:161]: Notification service started (WNF_SHEL_NOTIFICATION_TOTAL)
2026-09-02 18:21:17,664 [INFO] [MainThread] [root/service.py:223]: Quick Launch rebuilding app list after install/uninstall detected
2026-09-02 18:21:35,033 [INFO] [MainThread] [root/service.py:223]: Quick Launch rebuilding app list after install/uninstall detected
2026-09-02 18:21:42,696 [INFO] [MainThread] [root/service.py:223]: Quick Launch rebuilding app list after install/uninstall detected
2026-09-02 18:21:48,862 [INFO] [MainThread] [root/bar_manager.py:97]: Screens updated. Re-initialising all bars.
2026-09-02 18:21:48,863 [INFO] [MainThread] [root/controller.py:21]: Reloading Application because of screen update.
2026-09-02 18:21:48,963 [INFO] [MainThread] [cli_server/cli_server.py:114]: Log pipe server stopped
2026-09-02 18:21:49,031 [INFO] [MainThread] [root/bar_manager.py:111]: Stopping HotkeyListener...
2026-09-02 18:21:49,035 [INFO] [MainThread] [root/bar_manager.py:119]: Stopping WindowsNotificationEventListener...
2026-09-02 18:21:49,035 [INFO] [Dummy-11] [root/windows_notification.py:97]: Notification service stopped
2026-09-02 18:21:49,042 [INFO] [MainThread] [root/bar_manager.py:119]: Stopping SystemEventListener...
2026-09-02 18:21:49,500 [INFO] [MainThread] [root/log.py:104]: YASB v2.0.6
2026-09-02 18:21:49,501 [INFO] [CLIPipeServer] [cli_server/cli_server.py:216]: CLI server started v1.1.7
2026-09-02 18:21:49,501 [INFO] [MainThread] [cli_server/cli_server.py:106]: Log pipe server started
2026-09-02 18:21:50,112 [INFO] [MainThread] [root/bar_manager.py:97]: Screens updated. Re-initialising all bars.
2026-09-02 18:21:50,112 [INFO] [MainThread] [root/controller.py:21]: Reloading Application because of screen update.
2026-09-02 18:21:50,213 [INFO] [MainThread] [cli_server/cli_server.py:114]: Log pipe server stopped
2026-09-02 18:21:50,294 [INFO] [MainThread] [windows_desktop_service/service.py:108]: Registered COM virtual desktop event successfully
2026-09-02 18:21:50,669 [INFO] [MainThread] [root/log.py:104]: YASB v2.0.6
2026-09-02 18:21:50,670 [INFO] [CLIPipeServer] [cli_server/cli_server.py:216]: CLI server started v1.1.7
2026-09-02 18:21:50,670 [INFO] [MainThread] [cli_server/cli_server.py:106]: Log pipe server started
2026-09-02 18:21:50,670 [INFO] [MainThread] [root/main.py:48]: Waiting for previous YASB instance to exit...
2026-09-02 18:21:50,749 [INFO] [MainThread] [root/service.py:41]: AudioInputService starting...
2026-09-02 18:21:50,828 [INFO] [MainThread] [root/service.py:52]: AudioOutputService starting...
2026-09-02 18:21:51,255 [ERROR] [MainThread] [root/main.py:205]: Exception during application startup
Traceback (most recent call last):
  File "main.py", line 203, in <module>
  File "main.py", line 100, in main
  File "D:\a\yasb\yasb\venv\Lib\site-packages\qasync\__init__.py", line 438, in run_until_complete
  File "main.py", line 144, in main_async
  File "D:\a\yasb\yasb\src\core\bar_manager.py", line 162, in initialize_bars
  File "D:\a\yasb\yasb\src\core\bar_manager.py", line 251, in create_bar
RuntimeError: wrapped C/C++ object of type QScreen has been deleted
2026-09-02 18:21:51,421 [INFO] [MainThread] [root/main.py:74]: Previous instance exited, continuing startup.
2026-09-02 18:21:51,801 [INFO] [MainThread] [root/bar_manager.py:97]: Screens updated. Re-initialising all bars.
2026-09-02 18:21:51,801 [INFO] [MainThread] [root/controller.py:21]: Reloading Application because of screen update.
2026-09-02 18:21:51,903 [INFO] [MainThread] [cli_server/cli_server.py:114]: Log pipe server stopped
2026-09-02 18:21:51,963 [INFO] [MainThread] [windows_desktop_service/service.py:108]: Registered COM virtual desktop event successfully
2026-09-02 18:21:52,393 [INFO] [MainThread] [root/log.py:104]: YASB v2.0.6
2026-09-02 18:21:52,394 [INFO] [CLIPipeServer] [cli_server/cli_server.py:216]: CLI server started v1.1.7
2026-09-02 18:21:52,394 [INFO] [MainThread] [cli_server/cli_server.py:106]: Log pipe server started
2026-09-02 18:21:52,394 [INFO] [MainThread] [root/main.py:48]: Waiting for previous YASB instance to exit...
2026-09-02 18:21:52,532 [INFO] [MainThread] [root/service.py:41]: AudioInputService starting...
2026-09-02 18:21:52,600 [INFO] [MainThread] [root/service.py:52]: AudioOutputService starting...
2026-09-02 18:21:53,108 [ERROR] [MainThread] [root/main.py:205]: Exception during application startup
Traceback (most recent call last):
  File "main.py", line 203, in <module>
  File "main.py", line 100, in main
  File "D:\a\yasb\yasb\venv\Lib\site-packages\qasync\__init__.py", line 438, in run_until_complete
  File "main.py", line 144, in main_async
  File "D:\a\yasb\yasb\src\core\bar_manager.py", line 162, in initialize_bars
  File "D:\a\yasb\yasb\src\core\bar_manager.py", line 251, in create_bar
RuntimeError: wrapped C/C++ object of type QScreen has been deleted
2026-09-02 18:21:53,146 [INFO] [MainThread] [root/main.py:74]: Previous instance exited, continuing startup.
2026-09-02 18:21:53,460 [INFO] [MainThread] [windows_desktop_service/service.py:108]: Registered COM virtual desktop event successfully
2026-09-02 18:21:54,181 [INFO] [MainThread] [root/service.py:41]: AudioInputService starting...
2026-09-02 18:21:54,251 [INFO] [MainThread] [root/service.py:52]: AudioOutputService starting...
2026-09-02 18:21:55,509 [INFO] [MainThread] [root/bar_manager.py:238]: Starting HotkeyListener...
2026-09-02 18:21:55,510 [INFO] [MainThread] [root/bar_manager.py:103]: Starting SystemEventListener...
2026-09-02 18:21:55,510 [INFO] [MainThread] [root/bar_manager.py:103]: Starting WindowsNotificationEventListener...
2026-09-02 18:21:55,512 [INFO] [MainThread] [root/watcher.py:65]: Watching directory: c:\users\doria\.config\yasb
2026-09-02 18:21:55,512 [INFO] [MainThread] [root/watcher.py:104]: Created file watcher
2026-09-02 18:21:55,568 [INFO] [MainThread] [root/update_service.py:434]: Background update checker started
2026-09-02 18:21:55,580 [INFO] [Dummy-11] [root/windows_notification.py:161]: Notification service started (WNF_SHEL_NOTIFICATION_TOTAL)
2026-09-02 18:21:55,609 [INFO] [MainThread] [root/bar_manager.py:97]: Screens updated. Re-initialising all bars.
2026-09-02 18:21:55,609 [INFO] [MainThread] [root/controller.py:21]: Reloading Application because of screen update.
2026-09-02 18:21:55,710 [INFO] [MainThread] [cli_server/cli_server.py:114]: Log pipe server stopped
2026-09-02 18:21:56,216 [INFO] [MainThread] [root/log.py:104]: YASB v2.0.6
2026-09-02 18:21:56,217 [INFO] [CLIPipeServer] [cli_server/cli_server.py:216]: CLI server started v1.1.7
2026-09-02 18:21:56,217 [INFO] [MainThread] [cli_server/cli_server.py:106]: Log pipe server started
2026-09-02 18:21:56,217 [INFO] [MainThread] [root/main.py:48]: Waiting for previous YASB instance to exit...
Windows fatal exception: code 0x8001010e

Thread 0x0000432c [Thread-16 (fetch)] (most recent call first):
  File "D:\a\yasb\yasb\venv\Lib\site-packages\pycaw\utils.py", line 253 in CreateDevice
  File "D:\a\yasb\yasb\venv\Lib\site-packages\pycaw\utils.py", line 288 in GetAllDevices
  File "D:\a\yasb\yasb\src\core\widgets\services\volume\service.py", line 77 in fetch
  File "C:\hostedtoolcache\windows\Python\3.14.6\x64\Lib\threading.py", line 1024 in run
  File "C:\hostedtoolcache\windows\Python\3.14.6\x64\Lib\threading.py", line 1082 in _bootstrap_inner
  File "C:\hostedtoolcache\windows\Python\3.14.6\x64\Lib\threading.py", line 1044 in _bootstrap

Thread 0x000044f4 [WindowsNotificationEventListener] (most recent call first):
  File "C:\hostedtoolcache\windows\Python\3.14.6\x64\Lib\asyncio\windows_events.py", line 778 in _poll
  File "C:\hostedtoolcache\windows\Python\3.14.6\x64\Lib\asyncio\windows_events.py", line 446 in select
  File "C:\hostedtoolcache\windows\Python\3.14.6\x64\Lib\asyncio\base_events.py", line 2018 in _run_once
  File "C:\hostedtoolcache\windows\Python\3.14.6\x64\Lib\asyncio\base_events.py", line 677 in run_forever
  File "C:\hostedtoolcache\windows\Python\3.14.6\x64\Lib\asyncio\base_events.py", line 706 in run_until_complete
  File "D:\a\yasb\yasb\src\core\widgets\services\notifications\windows_notification.py", line 84 in run

Thread 0x00001820 [Thread-8] (most recent call first):
  File "C:\hostedtoolcache\windows\Python\3.14.6\x64\Lib\threading.py", line 369 in wait
  File "C:\hostedtoolcache\windows\Python\3.14.6\x64\Lib\queue.py", line 199 in get
  File "D:\a\yasb\yasb\venv\Lib\site-packages\watchdog\observers\api.py", line 379 in dispatch_events
  File "D:\a\yasb\yasb\venv\Lib\site-packages\watchdog\observers\api.py", line 213 in run
  File "C:\hostedtoolcache\windows\Python\3.14.6\x64\Lib\threading.py", line 1082 in _bootstrap_inner
  File "C:\hostedtoolcache\windows\Python\3.14.6\x64\Lib\threading.py", line 1044 in _bootstrap

Thread 0x000018c8 [SystemEventListener] (most recent call first):
  File "D:\a\yasb\yasb\src\core\utils\win32\event_listener.py", line 69 in run

Thread 0x00001ea0 [HotkeyListener] (most recent call first):
  File "D:\a\yasb\yasb\src\core\utils\win32\hotkeys.py", line 252 in run

Thread 0x00003a94 [Thread-9] (most recent call first):
  File "D:\a\yasb\yasb\venv\Lib\site-packages\watchdog\observers\winapi.py", line 326 in read_directory_changes
  File "D:\a\yasb\yasb\venv\Lib\site-packages\watchdog\observers\winapi.py", line 380 in read_events
  File "D:\a\yasb\yasb\venv\Lib\site-packages\watchdog\observers\read_directory_changes.py", line 67 in _read_events
  File "D:\a\yasb\yasb\venv\Lib\site-packages\watchdog\observers\read_directory_changes.py", line 70 in queue_events
  File "D:\a\yasb\yasb\venv\Lib\site-packages\watchdog\observers\api.py", line 158 in run
  File "C:\hostedtoolcache\windows\Python\3.14.6\x64\Lib\threading.py", line 1082 in _bootstrap_inner
  File "C:\hostedtoolcache\windows\Python\3.14.6\x64\Lib\threading.py", line 1044 in _bootstrap

Thread 0x00003f4c [Thread-7 (_readerthread)] (most recent call first):
  File "C:\hostedtoolcache\windows\Python\3.14.6\x64\Lib\subprocess.py", line 1614 in _readerthread
  File "C:\hostedtoolcache\windows\Python\3.14.6\x64\Lib\threading.py", line 1024 in run
  File "C:\hostedtoolcache\windows\Python\3.14.6\x64\Lib\threading.py", line 1082 in _bootstrap_inner
  File "C:\hostedtoolcache\windows\Python\3.14.6\x64\Lib\threading.py", line 1044 in _bootstrap

Thread 0x000021c8 [Thread-5 (_readerthread)] (most recent call first):
  File "C:\hostedtoolcache\windows\Python\3.14.6\x64\Lib\subprocess.py", line 1614 in _readerthread
  File "C:\hostedtoolcache\windows\Python\3.14.6\x64\Lib\threading.py", line 1024 in run
  File "C:\hostedtoolcache\windows\Python\3.14.6\x64\Lib\threading.py", line 1082 in _bootstrap_inner
  File "C:\hostedtoolcache\windows\Python\3.14.6\x64\Lib\threading.py", line 1044 in _bootstrap

Thread 0x00001f28 [MemoryWorker] (most recent call first):
  File "C:\hostedtoolcache\windows\Python\3.14.6\x64\Lib\threading.py", line 373 in wait
  File "C:\hostedtoolcache\windows\Python\3.14.6\x64\Lib\threading.py", line 670 in wait
  File "D:\a\yasb\yasb\src\core\widgets\services\memory\memory_api.py", line 247 in run

Thread 0x00001b64 [CpuWorker] (most recent call first):
  File "C:\hostedtoolcache\windows\Python\3.14.6\x64\Lib\threading.py", line 373 in wait
  File "C:\hostedtoolcache\windows\Python\3.14.6\x64\Lib\threading.py", line 670 in wait
  File "D:\a\yasb\yasb\src\core\widgets\services\cpu\cpu_api.py", line 343 in run

Thread 0x000009e4 [AppListLoader] (most recent call first):
  File "C:\hostedtoolcache\windows\Python\3.14.6\x64\Lib\threading.py", line 1133 in join
  File "C:\hostedtoolcache\windows\Python\3.14.6\x64\Lib\subprocess.py", line 1662 in _communicate
  File "C:\hostedtoolcache\windows\Python\3.14.6\x64\Lib\subprocess.py", line 1221 in communicate
  File "C:\hostedtoolcache\windows\Python\3.14.6\x64\Lib\subprocess.py", line 557 in run
  File "D:\a\yasb\yasb\src\core\utils\win32\app_loader.py", line 161 in run

Thread 0x0000092c [QueryWorker] (most recent call first):
  File "D:\a\yasb\yasb\src\core\widgets\services\quick_launch\workers.py", line 61 in run

Thread 0x00000ad4 [_EventWorker] (most recent call first):
  File "D:\a\yasb\yasb\venv\Lib\site-packages\qasync\_windows.py", line 147 in _poll
  File "D:\a\yasb\yasb\venv\Lib\site-packages\qasync\_windows.py", line 72 in select
  File "D:\a\yasb\yasb\venv\Lib\site-packages\qasync\_windows.py", line 199 in run

Thread 0x00001330 [LogPipeServer] (most recent call first):
  File "D:\a\yasb\yasb\src\core\utils\win32\bindings\kernel32.py", line 291 in ConnectNamedPipe
  File "D:\a\yasb\yasb\src\core\utils\cli_server.py", line 138 in _run_server
  File "C:\hostedtoolcache\windows\Python\3.14.6\x64\Lib\threading.py", line 1024 in run
  File "C:\hostedtoolcache\windows\Python\3.14.6\x64\Lib\threading.py", line 1082 in _bootstrap_inner
  File "C:\hostedtoolcache\windows\Python\3.14.6\x64\Lib\threading.py", line 1044 in _bootstrap

Thread 0x00002fb8 [CLIPipeServer] (most recent call first):
  File "D:\a\yasb\yasb\src\core\utils\win32\bindings\kernel32.py", line 291 in ConnectNamedPipe
  File "D:\a\yasb\yasb\src\core\utils\cli_server.py", line 235 in _run_server
  File "C:\hostedtoolcache\windows\Python\3.14.6\x64\Lib\threading.py", line 1024 in run
  File "C:\hostedtoolcache\windows\Python\3.14.6\x64\Lib\threading.py", line 1082 in _bootstrap_inner
  File "C:\hostedtoolcache\windows\Python\3.14.6\x64\Lib\threading.py", line 1044 in _bootstrap

Current thread 0x00001030 (most recent call first):
  File "C:\hostedtoolcache\windows\Python\3.14.6\x64\Lib\asyncio\events.py", line 94 in _run
  File "D:\a\yasb\yasb\venv\Lib\site-packages\qasync\__init__.py", line 307 in timerEvent
  File "D:\a\yasb\yasb\venv\Lib\site-packages\qasync\__init__.py", line 404 in run_forever
  File "D:\a\yasb\yasb\venv\Lib\site-packages\qasync\__init__.py", line 428 in run_until_complete
  File "main.py", line 100 in main
  File "main.py", line 203 in <module>
  File "D:\a\yasb\yasb\venv\Lib\site-packages\freeze_core\initscripts\console.py", line 43 in run
  File "src/freeze_core/initscripts/__startup__.py", line 147 in run
2026-09-02 18:21:56,471 [INFO] [MainThread] [root/bar_manager.py:111]: Stopping HotkeyListener...
2026-09-02 18:21:56,473 [INFO] [MainThread] [root/bar_manager.py:119]: Stopping SystemEventListener...
2026-09-02 18:21:56,475 [INFO] [MainThread] [root/bar_manager.py:119]: Stopping WindowsNotificationEventListener...
2026-09-02 18:21:56,475 [INFO] [Dummy-11] [root/windows_notification.py:97]: Notification service stopped
2026-09-02 18:21:56,718 [INFO] [MainThread] [root/main.py:74]: Previous instance exited, continuing startup.
2026-09-02 18:21:57,004 [INFO] [MainThread] [windows_desktop_service/service.py:108]: Registered COM virtual desktop event successfully
2026-09-02 18:21:57,471 [INFO] [MainThread] [root/service.py:41]: AudioInputService starting...
2026-09-02 18:21:57,549 [INFO] [MainThread] [root/service.py:52]: AudioOutputService starting...
2026-09-02 18:21:57,642 [INFO] [MainThread] [root/bar_manager.py:238]: Starting HotkeyListener...
2026-09-02 18:21:57,642 [INFO] [MainThread] [root/bar_manager.py:103]: Starting WindowsNotificationEventListener...
2026-09-02 18:21:57,642 [INFO] [MainThread] [root/bar_manager.py:103]: Starting SystemEventListener...
2026-09-02 18:21:57,644 [INFO] [MainThread] [root/watcher.py:65]: Watching directory: c:\users\doria\.config\yasb
2026-09-02 18:21:57,644 [INFO] [MainThread] [root/watcher.py:104]: Created file watcher
2026-09-02 18:21:57,657 [INFO] [MainThread] [root/update_service.py:434]: Background update checker started
2026-09-02 18:21:57,665 [INFO] [Dummy-11] [root/windows_notification.py:161]: Notification service started (WNF_SHEL_NOTIFICATION_TOTAL)
2026-09-02 18:22:04,656 [INFO] [MainThread] [root/service.py:223]: Quick Launch rebuilding app list after install/uninstall detected
2026-09-02 18:22:08,762 [INFO] [MainThread] [root/bar_manager.py:111]: Stopping HotkeyListener...
2026-09-02 18:22:08,766 [INFO] [MainThread] [root/bar_manager.py:119]: Stopping WindowsNotificationEventListener...
2026-09-02 18:22:08,766 [INFO] [Dummy-11] [root/windows_notification.py:97]: Notification service stopped
2026-09-02 18:22:08,769 [INFO] [MainThread] [root/bar_manager.py:119]: Stopping SystemEventListener...
2026-09-02 18:23:19,859 [INFO] [MainThread] [root/log.py:104]: YASB v2.0.6
2026-09-02 18:23:19,860 [INFO] [CLIPipeServer] [cli_server/cli_server.py:216]: CLI server started v1.1.7
2026-09-02 18:23:19,861 [INFO] [MainThread] [cli_server/cli_server.py:106]: Log pipe server started
2026-09-02 18:23:20,276 [INFO] [MainThread] [windows_desktop_service/service.py:108]: Registered COM virtual desktop event successfully
2026-09-02 18:23:20,914 [INFO] [MainThread] [root/service.py:41]: AudioInputService starting...
2026-09-02 18:23:20,986 [INFO] [MainThread] [root/service.py:52]: AudioOutputService starting...
2026-09-02 18:23:21,089 [INFO] [MainThread] [root/bar_manager.py:238]: Starting HotkeyListener...
2026-09-02 18:23:21,089 [INFO] [MainThread] [root/bar_manager.py:103]: Starting WindowsNotificationEventListener...
2026-09-02 18:23:21,090 [INFO] [MainThread] [root/bar_manager.py:103]: Starting SystemEventListener...
2026-09-02 18:23:21,092 [INFO] [MainThread] [root/watcher.py:65]: Watching directory: c:\users\doria\.config\yasb
2026-09-02 18:23:21,092 [INFO] [MainThread] [root/watcher.py:104]: Created file watcher
2026-09-02 18:23:21,109 [INFO] [MainThread] [root/update_service.py:434]: Background update checker started
2026-09-02 18:23:21,116 [INFO] [Dummy-11] [root/windows_notification.py:161]: Notification service started (WNF_SHEL_NOTIFICATION_TOTAL)
Windows fatal exception: code 0x800706f7

Thread 0x00000ec8 [Thread-9] (most recent call first):
  File "C:\hostedtoolcache\windows\Python\3.14.6\x64\Lib\threading.py", line 369 in wait
  File "C:\hostedtoolcache\windows\Python\3.14.6\x64\Lib\queue.py", line 199 in get
  File "D:\a\yasb\yasb\venv\Lib\site-packages\watchdog\observers\api.py", line 379 in dispatch_events
  File "D:\a\yasb\yasb\venv\Lib\site-packages\watchdog\observers\api.py", line 213 in run
  File "C:\hostedtoolcache\windows\Python\3.14.6\x64\Lib\threading.py", line 1082 in _bootstrap_inner
  File "C:\hostedtoolcache\windows\Python\3.14.6\x64\Lib\threading.py", line 1044 in _bootstrap

Thread 0x00000e80 [Thread-10] (most recent call first):
  File "D:\a\yasb\yasb\venv\Lib\site-packages\watchdog\observers\winapi.py", line 326 in read_directory_changes
  File "D:\a\yasb\yasb\venv\Lib\site-packages\watchdog\observers\winapi.py", line 380 in read_events
  File "D:\a\yasb\yasb\venv\Lib\site-packages\watchdog\observers\read_directory_changes.py", line 67 in _read_events
  File "D:\a\yasb\yasb\venv\Lib\site-packages\watchdog\observers\read_directory_changes.py", line 70 in queue_events
  File "D:\a\yasb\yasb\venv\Lib\site-packages\watchdog\observers\api.py", line 158 in run
  File "C:\hostedtoolcache\windows\Python\3.14.6\x64\Lib\threading.py", line 1082 in _bootstrap_inner
  File "C:\hostedtoolcache\windows\Python\3.14.6\x64\Lib\threading.py", line 1044 in _bootstrap

Thread 0x00000e50 [SystemEventListener] (most recent call first):
  File "D:\a\yasb\yasb\src\core\utils\win32\event_listener.py", line 69 in run

Thread 0x00000e58 [WindowsNotificationEventListener] (most recent call first):
  File "C:\hostedtoolcache\windows\Python\3.14.6\x64\Lib\asyncio\windows_events.py", line 778 in _poll
  File "C:\hostedtoolcache\windows\Python\3.14.6\x64\Lib\asyncio\windows_events.py", line 446 in select
  File "C:\hostedtoolcache\windows\Python\3.14.6\x64\Lib\asyncio\base_events.py", line 2018 in _run_once
  File "C:\hostedtoolcache\windows\Python\3.14.6\x64\Lib\asyncio\base_events.py", line 677 in run_forever
  File "C:\hostedtoolcache\windows\Python\3.14.6\x64\Lib\asyncio\base_events.py", line 706 in run_until_complete
  File "D:\a\yasb\yasb\src\core\widgets\services\notifications\windows_notification.py", line 84 in run

Thread 0x00000e08 [HotkeyListener] (most recent call first):
  File "D:\a\yasb\yasb\src\core\utils\win32\hotkeys.py", line 252 in run

Thread 0x00000d20 [MemoryWorker] (most recent call first):
  File "C:\hostedtoolcache\windows\Python\3.14.6\x64\Lib\threading.py", line 373 in wait
  File "C:\hostedtoolcache\windows\Python\3.14.6\x64\Lib\threading.py", line 670 in wait
  File "D:\a\yasb\yasb\src\core\widgets\services\memory\memory_api.py", line 247 in run

Thread 0x00000cfc [CpuWorker] (most recent call first):
  File "C:\hostedtoolcache\windows\Python\3.14.6\x64\Lib\threading.py", line 373 in wait
  File "C:\hostedtoolcache\windows\Python\3.14.6\x64\Lib\threading.py", line 670 in wait
  File "D:\a\yasb\yasb\src\core\widgets\services\cpu\cpu_api.py", line 343 in run

Thread 0x0000379c [QueryWorker] (most recent call first):
  File "D:\a\yasb\yasb\src\core\widgets\services\quick_launch\workers.py", line 61 in run

Thread 0x00004744 [_EventWorker] (most recent call first):
  File "D:\a\yasb\yasb\venv\Lib\site-packages\qasync\_windows.py", line 147 in _poll
  File "D:\a\yasb\yasb\venv\Lib\site-packages\qasync\_windows.py", line 72 in select
  File "D:\a\yasb\yasb\venv\Lib\site-packages\qasync\_windows.py", line 199 in run

Thread 0x0000470c [LogPipeServer] (most recent call first):
  File "D:\a\yasb\yasb\src\core\utils\win32\bindings\kernel32.py", line 291 in ConnectNamedPipe
  File "D:\a\yasb\yasb\src\core\utils\cli_server.py", line 138 in _run_server
  File "C:\hostedtoolcache\windows\Python\3.14.6\x64\Lib\threading.py", line 1024 in run
  File "C:\hostedtoolcache\windows\Python\3.14.6\x64\Lib\threading.py", line 1082 in _bootstrap_inner
  File "C:\hostedtoolcache\windows\Python\3.14.6\x64\Lib\threading.py", line 1044 in _bootstrap

Thread 0x00004708 [CLIPipeServer] (most recent call first):
  File "D:\a\yasb\yasb\src\core\utils\win32\bindings\kernel32.py", line 291 in ConnectNamedPipe
  File "D:\a\yasb\yasb\src\core\utils\cli_server.py", line 235 in _run_server
  File "C:\hostedtoolcache\windows\Python\3.14.6\x64\Lib\threading.py", line 1024 in run
  File "C:\hostedtoolcache\windows\Python\3.14.6\x64\Lib\threading.py", line 1082 in _bootstrap_inner
  File "C:\hostedtoolcache\windows\Python\3.14.6\x64\Lib\threading.py", line 1044 in _bootstrap

Current thread 0x00004634 (most recent call first):
  File "D:\a\yasb\yasb\src\core\widgets\yasb\active_window.py", line 337 in _update_window_title
  File "D:\a\yasb\yasb\src\core\widgets\yasb\active_window.py", line 237 in _on_focus_change_event
  File "D:\a\yasb\yasb\venv\Lib\site-packages\qasync\__init__.py", line 404 in run_forever
  File "D:\a\yasb\yasb\venv\Lib\site-packages\qasync\__init__.py", line 428 in run_until_complete
  File "main.py", line 100 in main
  File "main.py", line 203 in <module>
  File "D:\a\yasb\yasb\venv\Lib\site-packages\freeze_core\initscripts\console.py", line 43 in run
  File "src/freeze_core/initscripts/__startup__.py", line 147 in run
2026-09-03 02:28:30,232 [INFO] [MainThread] [root/bar_manager.py:111]: Stopping HotkeyListener...
2026-09-03 02:28:30,242 [INFO] [MainThread] [root/bar_manager.py:119]: Stopping WindowsNotificationEventListener...
2026-09-03 02:28:30,243 [INFO] [Dummy-11] [root/windows_notification.py:97]: Notification service stopped
2026-09-03 02:28:30,248 [INFO] [MainThread] [root/bar_manager.py:119]: Stopping SystemEventListener...
2026-09-03 17:01:28,069 [INFO] [MainThread] [root/log.py:104]: YASB v2.0.6
2026-09-03 17:01:28,069 [INFO] [CLIPipeServer] [cli_server/cli_server.py:216]: CLI server started v1.1.7
2026-09-03 17:01:28,070 [INFO] [MainThread] [cli_server/cli_server.py:106]: Log pipe server started
2026-09-03 17:01:28,462 [INFO] [MainThread] [windows_desktop_service/service.py:108]: Registered COM virtual desktop event successfully
2026-09-03 17:01:29,102 [INFO] [MainThread] [root/service.py:41]: AudioInputService starting...
2026-09-03 17:01:29,173 [INFO] [MainThread] [root/service.py:52]: AudioOutputService starting...
2026-09-03 17:01:29,284 [INFO] [MainThread] [root/bar_manager.py:238]: Starting HotkeyListener...
2026-09-03 17:01:29,285 [INFO] [MainThread] [root/bar_manager.py:103]: Starting WindowsNotificationEventListener...
2026-09-03 17:01:29,285 [INFO] [MainThread] [root/bar_manager.py:103]: Starting SystemEventListener...
2026-09-03 17:01:29,287 [INFO] [MainThread] [root/watcher.py:65]: Watching directory: c:\users\doria\.config\yasb
2026-09-03 17:01:29,287 [INFO] [MainThread] [root/watcher.py:104]: Created file watcher
2026-09-03 17:01:29,302 [INFO] [MainThread] [root/update_service.py:434]: Background update checker started
2026-09-03 17:01:29,324 [INFO] [Dummy-11] [root/windows_notification.py:161]: Notification service started (WNF_SHEL_NOTIFICATION_TOTAL)
2026-09-03 17:05:46,917 [INFO] [CLIPipeServer] [cli_server/cli_server.py:257]: CLI server received command: stop
2026-09-03 17:05:46,918 [INFO] [CLIPipeServer] [root/controller.py:43]: Exiting Application from CLI...
2026-09-03 17:05:47,029 [INFO] [CLIPipeServer] [cli_server/cli_server.py:114]: Log pipe server stopped
2026-09-03 17:05:47,052 [INFO] [MainThread] [root/bar_manager.py:111]: Stopping HotkeyListener...
2026-09-03 17:05:47,055 [INFO] [MainThread] [root/bar_manager.py:119]: Stopping WindowsNotificationEventListener...
2026-09-03 17:05:47,055 [INFO] [Dummy-11] [root/windows_notification.py:97]: Notification service stopped
2026-09-03 17:05:47,057 [INFO] [MainThread] [root/bar_manager.py:119]: Stopping SystemEventListener...
2026-09-03 17:05:48,012 [INFO] [MainThread] [root/log.py:104]: YASB v2.0.6
2026-09-03 17:05:48,012 [INFO] [CLIPipeServer] [cli_server/cli_server.py:216]: CLI server started v1.1.7
2026-09-03 17:05:48,013 [INFO] [MainThread] [cli_server/cli_server.py:106]: Log pipe server started
2026-09-03 17:05:48,819 [INFO] [MainThread] [taskbar_window_manager/window_manager.py:178]: TaskbarWindowManager is starting...
2026-09-03 17:05:48,824 [INFO] [MainThread] [root/bar_manager.py:238]: Starting HotkeyListener...
2026-09-03 17:05:48,824 [INFO] [MainThread] [root/bar_manager.py:103]: Starting KomorebiEventListener...
2026-09-03 17:05:48,825 [INFO] [Dummy-7] [root/event_listener.py:54]: Created named pipe yasb-f264feec-a7a8-11f1-babd-00d86114443b
2026-09-03 17:05:48,825 [INFO] [MainThread] [root/watcher.py:65]: Watching directory: c:\users\doria\.config\yasb
2026-09-03 17:05:48,825 [INFO] [MainThread] [root/watcher.py:104]: Created file watcher
2026-09-03 17:05:48,841 [INFO] [MainThread] [root/update_service.py:434]: Background update checker started
2026-09-03 17:05:48,886 [ERROR] [Dummy-7] [root/event_listener.py:100]: Komorebi has disconnected from the named pipe yasb-f264feec-a7a8-11f1-babd-00d86114443b
Traceback (most recent call last):
  File "D:\a\yasb\yasb\src\core\widgets\services\komorebi\event_listener.py", line 69, in run
  File "D:\a\yasb\yasb\src\core\widgets\services\komorebi\event_listener.py", line 130, in _wait_until_komorebi_online
UnicodeDecodeError: 'utf-8' codec can't decode byte 0x82 in position 91: invalid start byte
2026-09-03 17:05:48,898 [INFO] [Dummy-7] [root/event_listener.py:107]: Attempting to reconnect to Komorebi...
2026-09-03 17:05:51,898 [INFO] [Dummy-7] [root/event_listener.py:54]: Created named pipe yasb-f264feec-a7a8-11f1-babd-00d86114443b
2026-09-03 17:05:51,953 [ERROR] [Dummy-7] [root/event_listener.py:100]: Komorebi has disconnected from the named pipe yasb-f264feec-a7a8-11f1-babd-00d86114443b
Traceback (most recent call last):
  File "D:\a\yasb\yasb\src\core\widgets\services\komorebi\event_listener.py", line 69, in run
  File "D:\a\yasb\yasb\src\core\widgets\services\komorebi\event_listener.py", line 130, in _wait_until_komorebi_online
UnicodeDecodeError: 'utf-8' codec can't decode byte 0x82 in position 91: invalid start byte
2026-09-03 17:05:51,954 [INFO] [Dummy-7] [root/event_listener.py:107]: Attempting to reconnect to Komorebi...
2026-09-03 17:05:54,955 [INFO] [Dummy-7] [root/event_listener.py:54]: Created named pipe yasb-f264feec-a7a8-11f1-babd-00d86114443b
2026-09-03 17:05:55,006 [ERROR] [Dummy-7] [root/event_listener.py:100]: Komorebi has disconnected from the named pipe yasb-f264feec-a7a8-11f1-babd-00d86114443b
Traceback (most recent call last):
  File "D:\a\yasb\yasb\src\core\widgets\services\komorebi\event_listener.py", line 69, in run
  File "D:\a\yasb\yasb\src\core\widgets\services\komorebi\event_listener.py", line 130, in _wait_until_komorebi_online
UnicodeDecodeError: 'utf-8' codec can't decode byte 0x82 in position 91: invalid start byte
2026-09-03 17:05:55,008 [INFO] [Dummy-7] [root/event_listener.py:107]: Attempting to reconnect to Komorebi...
2026-09-03 17:05:58,009 [INFO] [Dummy-7] [root/event_listener.py:54]: Created named pipe yasb-f264feec-a7a8-11f1-babd-00d86114443b
2026-09-03 17:05:58,059 [ERROR] [Dummy-7] [root/event_listener.py:100]: Komorebi has disconnected from the named pipe yasb-f264feec-a7a8-11f1-babd-00d86114443b
Traceback (most recent call last):
  File "D:\a\yasb\yasb\src\core\widgets\services\komorebi\event_listener.py", line 69, in run
  File "D:\a\yasb\yasb\src\core\widgets\services\komorebi\event_listener.py", line 130, in _wait_until_komorebi_online
UnicodeDecodeError: 'utf-8' codec can't decode byte 0x82 in position 91: invalid start byte
2026-09-03 17:05:58,061 [INFO] [Dummy-7] [root/event_listener.py:107]: Attempting to reconnect to Komorebi...
2026-09-03 17:06:01,061 [INFO] [Dummy-7] [root/event_listener.py:54]: Created named pipe yasb-f264feec-a7a8-11f1-babd-00d86114443b
2026-09-03 17:06:01,111 [ERROR] [Dummy-7] [root/event_listener.py:100]: Komorebi has disconnected from the named pipe yasb-f264feec-a7a8-11f1-babd-00d86114443b
Traceback (most recent call last):
  File "D:\a\yasb\yasb\src\core\widgets\services\komorebi\event_listener.py", line 69, in run
  File "D:\a\yasb\yasb\src\core\widgets\services\komorebi\event_listener.py", line 130, in _wait_until_komorebi_online
UnicodeDecodeError: 'utf-8' codec can't decode byte 0x82 in position 91: invalid start byte
2026-09-03 17:06:01,113 [INFO] [Dummy-7] [root/event_listener.py:107]: Attempting to reconnect to Komorebi...
2026-09-03 17:06:04,113 [INFO] [Dummy-7] [root/event_listener.py:54]: Created named pipe yasb-f264feec-a7a8-11f1-babd-00d86114443b
2026-09-03 17:06:04,164 [ERROR] [Dummy-7] [root/event_listener.py:100]: Komorebi has disconnected from the named pipe yasb-f264feec-a7a8-11f1-babd-00d86114443b
Traceback (most recent call last):
  File "D:\a\yasb\yasb\src\core\widgets\services\komorebi\event_listener.py", line 69, in run
  File "D:\a\yasb\yasb\src\core\widgets\services\komorebi\event_listener.py", line 130, in _wait_until_komorebi_online
UnicodeDecodeError: 'utf-8' codec can't decode byte 0x82 in position 91: invalid start byte
2026-09-03 17:06:04,165 [INFO] [Dummy-7] [root/event_listener.py:107]: Attempting to reconnect to Komorebi...
2026-09-03 17:06:07,165 [INFO] [Dummy-7] [root/event_listener.py:54]: Created named pipe yasb-f264feec-a7a8-11f1-babd-00d86114443b
2026-09-03 17:06:07,215 [ERROR] [Dummy-7] [root/event_listener.py:100]: Komorebi has disconnected from the named pipe yasb-f264feec-a7a8-11f1-babd-00d86114443b
Traceback (most recent call last):
  File "D:\a\yasb\yasb\src\core\widgets\services\komorebi\event_listener.py", line 69, in run
  File "D:\a\yasb\yasb\src\core\widgets\services\komorebi\event_listener.py", line 130, in _wait_until_komorebi_online
UnicodeDecodeError: 'utf-8' codec can't decode byte 0x82 in position 91: invalid start byte
2026-09-03 17:06:07,217 [INFO] [Dummy-7] [root/event_listener.py:107]: Attempting to reconnect to Komorebi...
2026-09-03 17:06:10,216 [INFO] [Dummy-7] [root/event_listener.py:54]: Created named pipe yasb-f264feec-a7a8-11f1-babd-00d86114443b
2026-09-03 17:06:10,266 [ERROR] [Dummy-7] [root/event_listener.py:100]: Komorebi has disconnected from the named pipe yasb-f264feec-a7a8-11f1-babd-00d86114443b
Traceback (most recent call last):
  File "D:\a\yasb\yasb\src\core\widgets\services\komorebi\event_listener.py", line 69, in run
  File "D:\a\yasb\yasb\src\core\widgets\services\komorebi\event_listener.py", line 130, in _wait_until_komorebi_online
UnicodeDecodeError: 'utf-8' codec can't decode byte 0x82 in position 91: invalid start byte
2026-09-03 17:06:10,268 [INFO] [Dummy-7] [root/event_listener.py:107]: Attempting to reconnect to Komorebi...
2026-09-03 17:06:13,269 [INFO] [Dummy-7] [root/event_listener.py:54]: Created named pipe yasb-f264feec-a7a8-11f1-babd-00d86114443b
2026-09-03 17:06:13,323 [ERROR] [Dummy-7] [root/event_listener.py:100]: Komorebi has disconnected from the named pipe yasb-f264feec-a7a8-11f1-babd-00d86114443b
Traceback (most recent call last):
  File "D:\a\yasb\yasb\src\core\widgets\services\komorebi\event_listener.py", line 69, in run
  File "D:\a\yasb\yasb\src\core\widgets\services\komorebi\event_listener.py", line 130, in _wait_until_komorebi_online
UnicodeDecodeError: 'utf-8' codec can't decode byte 0x82 in position 91: invalid start byte
2026-09-03 17:06:13,325 [INFO] [Dummy-7] [root/event_listener.py:107]: Attempting to reconnect to Komorebi...
2026-09-03 17:06:16,325 [INFO] [Dummy-7] [root/event_listener.py:54]: Created named pipe yasb-f264feec-a7a8-11f1-babd-00d86114443b
2026-09-03 17:06:16,377 [ERROR] [Dummy-7] [root/event_listener.py:100]: Komorebi has disconnected from the named pipe yasb-f264feec-a7a8-11f1-babd-00d86114443b
Traceback (most recent call last):
  File "D:\a\yasb\yasb\src\core\widgets\services\komorebi\event_listener.py", line 69, in run
  File "D:\a\yasb\yasb\src\core\widgets\services\komorebi\event_listener.py", line 130, in _wait_until_komorebi_online
UnicodeDecodeError: 'utf-8' codec can't decode byte 0x82 in position 91: invalid start byte
2026-09-03 17:06:16,379 [INFO] [Dummy-7] [root/event_listener.py:107]: Attempting to reconnect to Komorebi...
2026-09-03 17:06:19,379 [INFO] [Dummy-7] [root/event_listener.py:54]: Created named pipe yasb-f264feec-a7a8-11f1-babd-00d86114443b
2026-09-03 17:06:19,430 [ERROR] [Dummy-7] [root/event_listener.py:100]: Komorebi has disconnected from the named pipe yasb-f264feec-a7a8-11f1-babd-00d86114443b
Traceback (most recent call last):
  File "D:\a\yasb\yasb\src\core\widgets\services\komorebi\event_listener.py", line 69, in run
  File "D:\a\yasb\yasb\src\core\widgets\services\komorebi\event_listener.py", line 130, in _wait_until_komorebi_online
UnicodeDecodeError: 'utf-8' codec can't decode byte 0x82 in position 91: invalid start byte
2026-09-03 17:06:19,432 [INFO] [Dummy-7] [root/event_listener.py:107]: Attempting to reconnect to Komorebi...
2026-09-03 17:06:22,432 [INFO] [Dummy-7] [root/event_listener.py:54]: Created named pipe yasb-f264feec-a7a8-11f1-babd-00d86114443b
2026-09-03 17:06:22,482 [ERROR] [Dummy-7] [root/event_listener.py:100]: Komorebi has disconnected from the named pipe yasb-f264feec-a7a8-11f1-babd-00d86114443b
Traceback (most recent call last):
  File "D:\a\yasb\yasb\src\core\widgets\services\komorebi\event_listener.py", line 69, in run
  File "D:\a\yasb\yasb\src\core\widgets\services\komorebi\event_listener.py", line 130, in _wait_until_komorebi_online
UnicodeDecodeError: 'utf-8' codec can't decode byte 0x82 in position 91: invalid start byte
2026-09-03 17:06:22,484 [INFO] [Dummy-7] [root/event_listener.py:107]: Attempting to reconnect to Komorebi...
2026-09-03 17:06:25,484 [INFO] [Dummy-7] [root/event_listener.py:54]: Created named pipe yasb-f264feec-a7a8-11f1-babd-00d86114443b
2026-09-03 17:06:25,535 [ERROR] [Dummy-7] [root/event_listener.py:100]: Komorebi has disconnected from the named pipe yasb-f264feec-a7a8-11f1-babd-00d86114443b
Traceback (most recent call last):
  File "D:\a\yasb\yasb\src\core\widgets\services\komorebi\event_listener.py", line 69, in run
  File "D:\a\yasb\yasb\src\core\widgets\services\komorebi\event_listener.py", line 130, in _wait_until_komorebi_online
UnicodeDecodeError: 'utf-8' codec can't decode byte 0x82 in position 91: invalid start byte
2026-09-03 17:06:25,536 [INFO] [Dummy-7] [root/event_listener.py:107]: Attempting to reconnect to Komorebi...
2026-09-03 17:06:28,536 [INFO] [Dummy-7] [root/event_listener.py:54]: Created named pipe yasb-f264feec-a7a8-11f1-babd-00d86114443b
2026-09-03 17:06:28,587 [ERROR] [Dummy-7] [root/event_listener.py:100]: Komorebi has disconnected from the named pipe yasb-f264feec-a7a8-11f1-babd-00d86114443b
Traceback (most recent call last):
  File "D:\a\yasb\yasb\src\core\widgets\services\komorebi\event_listener.py", line 69, in run
  File "D:\a\yasb\yasb\src\core\widgets\services\komorebi\event_listener.py", line 130, in _wait_until_komorebi_online
UnicodeDecodeError: 'utf-8' codec can't decode byte 0x82 in position 91: invalid start byte
2026-09-03 17:06:28,589 [INFO] [Dummy-7] [root/event_listener.py:107]: Attempting to reconnect to Komorebi...
2026-09-03 17:06:31,589 [INFO] [Dummy-7] [root/event_listener.py:54]: Created named pipe yasb-f264feec-a7a8-11f1-babd-00d86114443b
2026-09-03 17:06:31,642 [ERROR] [Dummy-7] [root/event_listener.py:100]: Komorebi has disconnected from the named pipe yasb-f264feec-a7a8-11f1-babd-00d86114443b
Traceback (most recent call last):
  File "D:\a\yasb\yasb\src\core\widgets\services\komorebi\event_listener.py", line 69, in run
  File "D:\a\yasb\yasb\src\core\widgets\services\komorebi\event_listener.py", line 130, in _wait_until_komorebi_online
UnicodeDecodeError: 'utf-8' codec can't decode byte 0x82 in position 91: invalid start byte
2026-09-03 17:06:31,644 [INFO] [Dummy-7] [root/event_listener.py:107]: Attempting to reconnect to Komorebi...
2026-09-03 17:06:34,643 [INFO] [Dummy-7] [root/event_listener.py:54]: Created named pipe yasb-f264feec-a7a8-11f1-babd-00d86114443b
2026-09-03 17:06:34,694 [ERROR] [Dummy-7] [root/event_listener.py:100]: Komorebi has disconnected from the named pipe yasb-f264feec-a7a8-11f1-babd-00d86114443b
Traceback (most recent call last):
  File "D:\a\yasb\yasb\src\core\widgets\services\komorebi\event_listener.py", line 69, in run
  File "D:\a\yasb\yasb\src\core\widgets\services\komorebi\event_listener.py", line 130, in _wait_until_komorebi_online
UnicodeDecodeError: 'utf-8' codec can't decode byte 0x82 in position 91: invalid start byte
2026-09-03 17:06:34,696 [INFO] [Dummy-7] [root/event_listener.py:107]: Attempting to reconnect to Komorebi...
2026-09-03 17:06:37,697 [INFO] [Dummy-7] [root/event_listener.py:54]: Created named pipe yasb-f264feec-a7a8-11f1-babd-00d86114443b
2026-09-03 17:06:37,746 [ERROR] [Dummy-7] [root/event_listener.py:100]: Komorebi has disconnected from the named pipe yasb-f264feec-a7a8-11f1-babd-00d86114443b
Traceback (most recent call last):
  File "D:\a\yasb\yasb\src\core\widgets\services\komorebi\event_listener.py", line 69, in run
  File "D:\a\yasb\yasb\src\core\widgets\services\komorebi\event_listener.py", line 130, in _wait_until_komorebi_online
UnicodeDecodeError: 'utf-8' codec can't decode byte 0x82 in position 91: invalid start byte
2026-09-03 17:06:37,748 [INFO] [Dummy-7] [root/event_listener.py:107]: Attempting to reconnect to Komorebi...
2026-09-03 17:06:40,748 [INFO] [Dummy-7] [root/event_listener.py:54]: Created named pipe yasb-f264feec-a7a8-11f1-babd-00d86114443b
2026-09-03 17:06:40,799 [ERROR] [Dummy-7] [root/event_listener.py:100]: Komorebi has disconnected from the named pipe yasb-f264feec-a7a8-11f1-babd-00d86114443b
Traceback (most recent call last):
  File "D:\a\yasb\yasb\src\core\widgets\services\komorebi\event_listener.py", line 69, in run
  File "D:\a\yasb\yasb\src\core\widgets\services\komorebi\event_listener.py", line 130, in _wait_until_komorebi_online
UnicodeDecodeError: 'utf-8' codec can't decode byte 0x82 in position 91: invalid start byte
2026-09-03 17:06:40,800 [INFO] [Dummy-7] [root/event_listener.py:107]: Attempting to reconnect to Komorebi...
2026-09-03 17:06:43,801 [INFO] [Dummy-7] [root/event_listener.py:54]: Created named pipe yasb-f264feec-a7a8-11f1-babd-00d86114443b
2026-09-03 17:06:43,945 [ERROR] [Dummy-7] [root/event_listener.py:100]: Komorebi has disconnected from the named pipe yasb-f264feec-a7a8-11f1-babd-00d86114443b
Traceback (most recent call last):
  File "D:\a\yasb\yasb\src\core\widgets\services\komorebi\event_listener.py", line 69, in run
  File "D:\a\yasb\yasb\src\core\widgets\services\komorebi\event_listener.py", line 130, in _wait_until_komorebi_online
UnicodeDecodeError: 'utf-8' codec can't decode byte 0x82 in position 91: invalid start byte
2026-09-03 17:06:43,948 [INFO] [Dummy-7] [root/event_listener.py:107]: Attempting to reconnect to Komorebi...
2026-09-03 17:06:46,963 [INFO] [Dummy-7] [root/event_listener.py:54]: Created named pipe yasb-f264feec-a7a8-11f1-babd-00d86114443b
2026-09-03 17:06:47,016 [ERROR] [Dummy-7] [root/event_listener.py:100]: Komorebi has disconnected from the named pipe yasb-f264feec-a7a8-11f1-babd-00d86114443b
Traceback (most recent call last):
  File "D:\a\yasb\yasb\src\core\widgets\services\komorebi\event_listener.py", line 69, in run
  File "D:\a\yasb\yasb\src\core\widgets\services\komorebi\event_listener.py", line 130, in _wait_until_komorebi_online
UnicodeDecodeError: 'utf-8' codec can't decode byte 0x82 in position 91: invalid start byte
2026-09-03 17:06:47,018 [INFO] [Dummy-7] [root/event_listener.py:107]: Attempting to reconnect to Komorebi...
2026-09-03 17:06:50,025 [INFO] [Dummy-7] [root/event_listener.py:54]: Created named pipe yasb-f264feec-a7a8-11f1-babd-00d86114443b
2026-09-03 17:06:50,083 [ERROR] [Dummy-7] [root/event_listener.py:100]: Komorebi has disconnected from the named pipe yasb-f264feec-a7a8-11f1-babd-00d86114443b
Traceback (most recent call last):
  File "D:\a\yasb\yasb\src\core\widgets\services\komorebi\event_listener.py", line 69, in run
  File "D:\a\yasb\yasb\src\core\widgets\services\komorebi\event_listener.py", line 130, in _wait_until_komorebi_online
UnicodeDecodeError: 'utf-8' codec can't decode byte 0x82 in position 91: invalid start byte
2026-09-03 17:06:50,085 [INFO] [Dummy-7] [root/event_listener.py:107]: Attempting to reconnect to Komorebi...
2026-09-03 17:06:53,099 [INFO] [Dummy-7] [root/event_listener.py:54]: Created named pipe yasb-f264feec-a7a8-11f1-babd-00d86114443b
2026-09-03 17:06:53,183 [ERROR] [Dummy-7] [root/event_listener.py:100]: Komorebi has disconnected from the named pipe yasb-f264feec-a7a8-11f1-babd-00d86114443b
Traceback (most recent call last):
  File "D:\a\yasb\yasb\src\core\widgets\services\komorebi\event_listener.py", line 69, in run
  File "D:\a\yasb\yasb\src\core\widgets\services\komorebi\event_listener.py", line 130, in _wait_until_komorebi_online
UnicodeDecodeError: 'utf-8' codec can't decode byte 0x82 in position 91: invalid start byte
2026-09-03 17:06:53,186 [INFO] [Dummy-7] [root/event_listener.py:107]: Attempting to reconnect to Komorebi...
2026-09-03 17:06:56,191 [INFO] [Dummy-7] [root/event_listener.py:54]: Created named pipe yasb-f264feec-a7a8-11f1-babd-00d86114443b
2026-09-03 17:06:56,245 [ERROR] [Dummy-7] [root/event_listener.py:100]: Komorebi has disconnected from the named pipe yasb-f264feec-a7a8-11f1-babd-00d86114443b
Traceback (most recent call last):
  File "D:\a\yasb\yasb\src\core\widgets\services\komorebi\event_listener.py", line 69, in run
  File "D:\a\yasb\yasb\src\core\widgets\services\komorebi\event_listener.py", line 130, in _wait_until_komorebi_online
UnicodeDecodeError: 'utf-8' codec can't decode byte 0x82 in position 91: invalid start byte
2026-09-03 17:06:56,247 [INFO] [Dummy-7] [root/event_listener.py:107]: Attempting to reconnect to Komorebi...
2026-09-03 17:06:59,253 [INFO] [Dummy-7] [root/event_listener.py:54]: Created named pipe yasb-f264feec-a7a8-11f1-babd-00d86114443b
2026-09-03 17:06:59,308 [ERROR] [Dummy-7] [root/event_listener.py:100]: Komorebi has disconnected from the named pipe yasb-f264feec-a7a8-11f1-babd-00d86114443b
Traceback (most recent call last):
  File "D:\a\yasb\yasb\src\core\widgets\services\komorebi\event_listener.py", line 69, in run
  File "D:\a\yasb\yasb\src\core\widgets\services\komorebi\event_listener.py", line 130, in _wait_until_komorebi_online
UnicodeDecodeError: 'utf-8' codec can't decode byte 0x82 in position 91: invalid start byte
2026-09-03 17:06:59,310 [INFO] [Dummy-7] [root/event_listener.py:107]: Attempting to reconnect to Komorebi...
2026-09-03 17:07:02,321 [INFO] [Dummy-7] [root/event_listener.py:54]: Created named pipe yasb-f264feec-a7a8-11f1-babd-00d86114443b
2026-09-03 17:07:02,373 [ERROR] [Dummy-7] [root/event_listener.py:100]: Komorebi has disconnected from the named pipe yasb-f264feec-a7a8-11f1-babd-00d86114443b
Traceback (most recent call last):
  File "D:\a\yasb\yasb\src\core\widgets\services\komorebi\event_listener.py", line 69, in run
  File "D:\a\yasb\yasb\src\core\widgets\services\komorebi\event_listener.py", line 130, in _wait_until_komorebi_online
UnicodeDecodeError: 'utf-8' codec can't decode byte 0x82 in position 91: invalid start byte
2026-09-03 17:07:02,375 [INFO] [Dummy-7] [root/event_listener.py:107]: Attempting to reconnect to Komorebi...
2026-09-03 17:07:05,385 [INFO] [Dummy-7] [root/event_listener.py:54]: Created named pipe yasb-f264feec-a7a8-11f1-babd-00d86114443b
2026-09-03 17:07:05,437 [ERROR] [Dummy-7] [root/event_listener.py:100]: Komorebi has disconnected from the named pipe yasb-f264feec-a7a8-11f1-babd-00d86114443b
Traceback (most recent call last):
  File "D:\a\yasb\yasb\src\core\widgets\services\komorebi\event_listener.py", line 69, in run
  File "D:\a\yasb\yasb\src\core\widgets\services\komorebi\event_listener.py", line 130, in _wait_until_komorebi_online
UnicodeDecodeError: 'utf-8' codec can't decode byte 0x82 in position 91: invalid start byte
2026-09-03 17:07:05,439 [INFO] [Dummy-7] [root/event_listener.py:107]: Attempting to reconnect to Komorebi...
2026-09-03 17:07:08,453 [INFO] [Dummy-7] [root/event_listener.py:54]: Created named pipe yasb-f264feec-a7a8-11f1-babd-00d86114443b
2026-09-03 17:07:08,504 [ERROR] [Dummy-7] [root/event_listener.py:100]: Komorebi has disconnected from the named pipe yasb-f264feec-a7a8-11f1-babd-00d86114443b
Traceback (most recent call last):
  File "D:\a\yasb\yasb\src\core\widgets\services\komorebi\event_listener.py", line 69, in run
  File "D:\a\yasb\yasb\src\core\widgets\services\komorebi\event_listener.py", line 130, in _wait_until_komorebi_online
UnicodeDecodeError: 'utf-8' codec can't decode byte 0x82 in position 91: invalid start byte
2026-09-03 17:07:08,506 [INFO] [Dummy-7] [root/event_listener.py:107]: Attempting to reconnect to Komorebi...
2026-09-03 17:07:11,508 [INFO] [Dummy-7] [root/event_listener.py:54]: Created named pipe yasb-f264feec-a7a8-11f1-babd-00d86114443b
2026-09-03 17:07:11,559 [ERROR] [Dummy-7] [root/event_listener.py:100]: Komorebi has disconnected from the named pipe yasb-f264feec-a7a8-11f1-babd-00d86114443b
Traceback (most recent call last):
  File "D:\a\yasb\yasb\src\core\widgets\services\komorebi\event_listener.py", line 69, in run
  File "D:\a\yasb\yasb\src\core\widgets\services\komorebi\event_listener.py", line 130, in _wait_until_komorebi_online
UnicodeDecodeError: 'utf-8' codec can't decode byte 0x82 in position 91: invalid start byte
2026-09-03 17:07:11,561 [INFO] [Dummy-7] [root/event_listener.py:107]: Attempting to reconnect to Komorebi...
2026-09-03 17:07:14,560 [INFO] [Dummy-7] [root/event_listener.py:54]: Created named pipe yasb-f264feec-a7a8-11f1-babd-00d86114443b
2026-09-03 17:07:14,612 [ERROR] [Dummy-7] [root/event_listener.py:100]: Komorebi has disconnected from the named pipe yasb-f264feec-a7a8-11f1-babd-00d86114443b
Traceback (most recent call last):
  File "D:\a\yasb\yasb\src\core\widgets\services\komorebi\event_listener.py", line 69, in run
  File "D:\a\yasb\yasb\src\core\widgets\services\komorebi\event_listener.py", line 130, in _wait_until_komorebi_online
UnicodeDecodeError: 'utf-8' codec can't decode byte 0x82 in position 91: invalid start byte
2026-09-03 17:07:14,613 [INFO] [Dummy-7] [root/event_listener.py:107]: Attempting to reconnect to Komorebi...
2026-09-03 17:07:17,626 [INFO] [Dummy-7] [root/event_listener.py:54]: Created named pipe yasb-f264feec-a7a8-11f1-babd-00d86114443b
2026-09-03 17:07:17,678 [ERROR] [Dummy-7] [root/event_listener.py:100]: Komorebi has disconnected from the named pipe yasb-f264feec-a7a8-11f1-babd-00d86114443b
Traceback (most recent call last):
  File "D:\a\yasb\yasb\src\core\widgets\services\komorebi\event_listener.py", line 69, in run
  File "D:\a\yasb\yasb\src\core\widgets\services\komorebi\event_listener.py", line 130, in _wait_until_komorebi_online
UnicodeDecodeError: 'utf-8' codec can't decode byte 0x82 in position 91: invalid start byte
2026-09-03 17:07:17,680 [INFO] [Dummy-7] [root/event_listener.py:107]: Attempting to reconnect to Komorebi...
2026-09-03 17:07:20,695 [INFO] [Dummy-7] [root/event_listener.py:54]: Created named pipe yasb-f264feec-a7a8-11f1-babd-00d86114443b
2026-09-03 17:07:20,753 [ERROR] [Dummy-7] [root/event_listener.py:100]: Komorebi has disconnected from the named pipe yasb-f264feec-a7a8-11f1-babd-00d86114443b
Traceback (most recent call last):
  File "D:\a\yasb\yasb\src\core\widgets\services\komorebi\event_listener.py", line 69, in run
  File "D:\a\yasb\yasb\src\core\widgets\services\komorebi\event_listener.py", line 130, in _wait_until_komorebi_online
UnicodeDecodeError: 'utf-8' codec can't decode byte 0x82 in position 91: invalid start byte
2026-09-03 17:07:20,755 [INFO] [Dummy-7] [root/event_listener.py:107]: Attempting to reconnect to Komorebi...
2026-09-03 17:07:23,756 [INFO] [Dummy-7] [root/event_listener.py:54]: Created named pipe yasb-f264feec-a7a8-11f1-babd-00d86114443b
2026-09-03 17:07:23,808 [ERROR] [Dummy-7] [root/event_listener.py:100]: Komorebi has disconnected from the named pipe yasb-f264feec-a7a8-11f1-babd-00d86114443b
Traceback (most recent call last):
  File "D:\a\yasb\yasb\src\core\widgets\services\komorebi\event_listener.py", line 69, in run
  File "D:\a\yasb\yasb\src\core\widgets\services\komorebi\event_listener.py", line 130, in _wait_until_komorebi_online
UnicodeDecodeError: 'utf-8' codec can't decode byte 0x82 in position 91: invalid start byte
2026-09-03 17:07:23,809 [INFO] [Dummy-7] [root/event_listener.py:107]: Attempting to reconnect to Komorebi...
2026-09-03 17:07:26,810 [INFO] [Dummy-7] [root/event_listener.py:54]: Created named pipe yasb-f264feec-a7a8-11f1-babd-00d86114443b
2026-09-03 17:07:26,861 [ERROR] [Dummy-7] [root/event_listener.py:100]: Komorebi has disconnected from the named pipe yasb-f264feec-a7a8-11f1-babd-00d86114443b
Traceback (most recent call last):
  File "D:\a\yasb\yasb\src\core\widgets\services\komorebi\event_listener.py", line 69, in run
  File "D:\a\yasb\yasb\src\core\widgets\services\komorebi\event_listener.py", line 130, in _wait_until_komorebi_online
UnicodeDecodeError: 'utf-8' codec can't decode byte 0x82 in position 91: invalid start byte
2026-09-03 17:07:26,863 [INFO] [Dummy-7] [root/event_listener.py:107]: Attempting to reconnect to Komorebi...
2026-09-03 17:07:29,864 [INFO] [Dummy-7] [root/event_listener.py:54]: Created named pipe yasb-f264feec-a7a8-11f1-babd-00d86114443b
2026-09-03 17:07:29,915 [ERROR] [Dummy-7] [root/event_listener.py:100]: Komorebi has disconnected from the named pipe yasb-f264feec-a7a8-11f1-babd-00d86114443b
Traceback (most recent call last):
  File "D:\a\yasb\yasb\src\core\widgets\services\komorebi\event_listener.py", line 69, in run
  File "D:\a\yasb\yasb\src\core\widgets\services\komorebi\event_listener.py", line 130, in _wait_until_komorebi_online
UnicodeDecodeError: 'utf-8' codec can't decode byte 0x82 in position 91: invalid start byte
2026-09-03 17:07:29,917 [INFO] [Dummy-7] [root/event_listener.py:107]: Attempting to reconnect to Komorebi...
2026-09-03 17:07:32,918 [INFO] [Dummy-7] [root/event_listener.py:54]: Created named pipe yasb-f264feec-a7a8-11f1-babd-00d86114443b
2026-09-03 17:07:32,968 [ERROR] [Dummy-7] [root/event_listener.py:100]: Komorebi has disconnected from the named pipe yasb-f264feec-a7a8-11f1-babd-00d86114443b
Traceback (most recent call last):
  File "D:\a\yasb\yasb\src\core\widgets\services\komorebi\event_listener.py", line 69, in run
  File "D:\a\yasb\yasb\src\core\widgets\services\komorebi\event_listener.py", line 130, in _wait_until_komorebi_online
UnicodeDecodeError: 'utf-8' codec can't decode byte 0x82 in position 91: invalid start byte
2026-09-03 17:07:32,970 [INFO] [Dummy-7] [root/event_listener.py:107]: Attempting to reconnect to Komorebi...
2026-09-03 17:07:35,969 [INFO] [Dummy-7] [root/event_listener.py:54]: Created named pipe yasb-f264feec-a7a8-11f1-babd-00d86114443b
2026-09-03 17:07:36,021 [ERROR] [Dummy-7] [root/event_listener.py:100]: Komorebi has disconnected from the named pipe yasb-f264feec-a7a8-11f1-babd-00d86114443b
Traceback (most recent call last):
  File "D:\a\yasb\yasb\src\core\widgets\services\komorebi\event_listener.py", line 69, in run
  File "D:\a\yasb\yasb\src\core\widgets\services\komorebi\event_listener.py", line 130, in _wait_until_komorebi_online
UnicodeDecodeError: 'utf-8' codec can't decode byte 0x82 in position 91: invalid start byte
2026-09-03 17:07:36,023 [INFO] [Dummy-7] [root/event_listener.py:107]: Attempting to reconnect to Komorebi...
2026-09-03 17:07:39,023 [INFO] [Dummy-7] [root/event_listener.py:54]: Created named pipe yasb-f264feec-a7a8-11f1-babd-00d86114443b
2026-09-03 17:07:39,074 [ERROR] [Dummy-7] [root/event_listener.py:100]: Komorebi has disconnected from the named pipe yasb-f264feec-a7a8-11f1-babd-00d86114443b
Traceback (most recent call last):
  File "D:\a\yasb\yasb\src\core\widgets\services\komorebi\event_listener.py", line 69, in run
  File "D:\a\yasb\yasb\src\core\widgets\services\komorebi\event_listener.py", line 130, in _wait_until_komorebi_online
UnicodeDecodeError: 'utf-8' codec can't decode byte 0x82 in position 91: invalid start byte
2026-09-03 17:07:39,076 [INFO] [Dummy-7] [root/event_listener.py:107]: Attempting to reconnect to Komorebi...
2026-09-03 17:07:42,076 [INFO] [Dummy-7] [root/event_listener.py:54]: Created named pipe yasb-f264feec-a7a8-11f1-babd-00d86114443b
2026-09-03 17:07:42,127 [ERROR] [Dummy-7] [root/event_listener.py:100]: Komorebi has disconnected from the named pipe yasb-f264feec-a7a8-11f1-babd-00d86114443b
Traceback (most recent call last):
  File "D:\a\yasb\yasb\src\core\widgets\services\komorebi\event_listener.py", line 69, in run
  File "D:\a\yasb\yasb\src\core\widgets\services\komorebi\event_listener.py", line 130, in _wait_until_komorebi_online
UnicodeDecodeError: 'utf-8' codec can't decode byte 0x82 in position 91: invalid start byte
2026-09-03 17:07:42,129 [INFO] [Dummy-7] [root/event_listener.py:107]: Attempting to reconnect to Komorebi...
2026-09-03 17:07:45,130 [INFO] [Dummy-7] [root/event_listener.py:54]: Created named pipe yasb-f264feec-a7a8-11f1-babd-00d86114443b
2026-09-03 17:07:45,184 [ERROR] [Dummy-7] [root/event_listener.py:100]: Komorebi has disconnected from the named pipe yasb-f264feec-a7a8-11f1-babd-00d86114443b
Traceback (most recent call last):
  File "D:\a\yasb\yasb\src\core\widgets\services\komorebi\event_listener.py", line 69, in run
  File "D:\a\yasb\yasb\src\core\widgets\services\komorebi\event_listener.py", line 130, in _wait_until_komorebi_online
UnicodeDecodeError: 'utf-8' codec can't decode byte 0x82 in position 91: invalid start byte
2026-09-03 17:07:45,186 [INFO] [Dummy-7] [root/event_listener.py:107]: Attempting to reconnect to Komorebi...
2026-09-03 17:07:48,186 [INFO] [Dummy-7] [root/event_listener.py:54]: Created named pipe yasb-f264feec-a7a8-11f1-babd-00d86114443b
2026-09-03 17:07:48,236 [ERROR] [Dummy-7] [root/event_listener.py:100]: Komorebi has disconnected from the named pipe yasb-f264feec-a7a8-11f1-babd-00d86114443b
Traceback (most recent call last):
  File "D:\a\yasb\yasb\src\core\widgets\services\komorebi\event_listener.py", line 69, in run
  File "D:\a\yasb\yasb\src\core\widgets\services\komorebi\event_listener.py", line 130, in _wait_until_komorebi_online
UnicodeDecodeError: 'utf-8' codec can't decode byte 0x82 in position 91: invalid start byte
2026-09-03 17:07:48,238 [INFO] [Dummy-7] [root/event_listener.py:107]: Attempting to reconnect to Komorebi...
2026-09-03 17:07:51,239 [INFO] [Dummy-7] [root/event_listener.py:54]: Created named pipe yasb-f264feec-a7a8-11f1-babd-00d86114443b
2026-09-03 17:07:51,294 [ERROR] [Dummy-7] [root/event_listener.py:100]: Komorebi has disconnected from the named pipe yasb-f264feec-a7a8-11f1-babd-00d86114443b
Traceback (most recent call last):
  File "D:\a\yasb\yasb\src\core\widgets\services\komorebi\event_listener.py", line 69, in run
  File "D:\a\yasb\yasb\src\core\widgets\services\komorebi\event_listener.py", line 130, in _wait_until_komorebi_online
UnicodeDecodeError: 'utf-8' codec can't decode byte 0x82 in position 91: invalid start byte
2026-09-03 17:07:51,296 [INFO] [Dummy-7] [root/event_listener.py:107]: Attempting to reconnect to Komorebi...
2026-09-03 17:07:54,297 [INFO] [Dummy-7] [root/event_listener.py:54]: Created named pipe yasb-f264feec-a7a8-11f1-babd-00d86114443b
2026-09-03 17:07:54,348 [ERROR] [Dummy-7] [root/event_listener.py:100]: Komorebi has disconnected from the named pipe yasb-f264feec-a7a8-11f1-babd-00d86114443b
Traceback (most recent call last):
  File "D:\a\yasb\yasb\src\core\widgets\services\komorebi\event_listener.py", line 69, in run
  File "D:\a\yasb\yasb\src\core\widgets\services\komorebi\event_listener.py", line 130, in _wait_until_komorebi_online
UnicodeDecodeError: 'utf-8' codec can't decode byte 0x82 in position 91: invalid start byte
2026-09-03 17:07:54,349 [INFO] [Dummy-7] [root/event_listener.py:107]: Attempting to reconnect to Komorebi...
2026-09-03 17:07:57,350 [INFO] [Dummy-7] [root/event_listener.py:54]: Created named pipe yasb-f264feec-a7a8-11f1-babd-00d86114443b
2026-09-03 17:07:57,402 [ERROR] [Dummy-7] [root/event_listener.py:100]: Komorebi has disconnected from the named pipe yasb-f264feec-a7a8-11f1-babd-00d86114443b
Traceback (most recent call last):
  File "D:\a\yasb\yasb\src\core\widgets\services\komorebi\event_listener.py", line 69, in run
  File "D:\a\yasb\yasb\src\core\widgets\services\komorebi\event_listener.py", line 130, in _wait_until_komorebi_online
UnicodeDecodeError: 'utf-8' codec can't decode byte 0x82 in position 91: invalid start byte
2026-09-03 17:07:57,404 [INFO] [Dummy-7] [root/event_listener.py:107]: Attempting to reconnect to Komorebi...
2026-09-03 17:08:00,403 [INFO] [Dummy-7] [root/event_listener.py:54]: Created named pipe yasb-f264feec-a7a8-11f1-babd-00d86114443b
2026-09-03 17:08:00,455 [ERROR] [Dummy-7] [root/event_listener.py:100]: Komorebi has disconnected from the named pipe yasb-f264feec-a7a8-11f1-babd-00d86114443b
Traceback (most recent call last):
  File "D:\a\yasb\yasb\src\core\widgets\services\komorebi\event_listener.py", line 69, in run
  File "D:\a\yasb\yasb\src\core\widgets\services\komorebi\event_listener.py", line 130, in _wait_until_komorebi_online
UnicodeDecodeError: 'utf-8' codec can't decode byte 0x82 in position 91: invalid start byte
2026-09-03 17:08:00,457 [INFO] [Dummy-7] [root/event_listener.py:107]: Attempting to reconnect to Komorebi...
2026-09-03 17:08:03,458 [INFO] [Dummy-7] [root/event_listener.py:54]: Created named pipe yasb-f264feec-a7a8-11f1-babd-00d86114443b
2026-09-03 17:08:03,509 [ERROR] [Dummy-7] [root/event_listener.py:100]: Komorebi has disconnected from the named pipe yasb-f264feec-a7a8-11f1-babd-00d86114443b
Traceback (most recent call last):
  File "D:\a\yasb\yasb\src\core\widgets\services\komorebi\event_listener.py", line 69, in run
  File "D:\a\yasb\yasb\src\core\widgets\services\komorebi\event_listener.py", line 130, in _wait_until_komorebi_online
UnicodeDecodeError: 'utf-8' codec can't decode byte 0x82 in position 91: invalid start byte
2026-09-03 17:08:03,510 [INFO] [Dummy-7] [root/event_listener.py:107]: Attempting to reconnect to Komorebi...
2026-09-03 17:08:06,511 [INFO] [Dummy-7] [root/event_listener.py:54]: Created named pipe yasb-f264feec-a7a8-11f1-babd-00d86114443b
2026-09-03 17:08:06,562 [ERROR] [Dummy-7] [root/event_listener.py:100]: Komorebi has disconnected from the named pipe yasb-f264feec-a7a8-11f1-babd-00d86114443b
Traceback (most recent call last):
  File "D:\a\yasb\yasb\src\core\widgets\services\komorebi\event_listener.py", line 69, in run
  File "D:\a\yasb\yasb\src\core\widgets\services\komorebi\event_listener.py", line 130, in _wait_until_komorebi_online
UnicodeDecodeError: 'utf-8' codec can't decode byte 0x82 in position 91: invalid start byte
2026-09-03 17:08:06,564 [INFO] [Dummy-7] [root/event_listener.py:107]: Attempting to reconnect to Komorebi...
2026-09-03 17:08:09,563 [INFO] [Dummy-7] [root/event_listener.py:54]: Created named pipe yasb-f264feec-a7a8-11f1-babd-00d86114443b
2026-09-03 17:08:09,613 [ERROR] [Dummy-7] [root/event_listener.py:100]: Komorebi has disconnected from the named pipe yasb-f264feec-a7a8-11f1-babd-00d86114443b
Traceback (most recent call last):
  File "D:\a\yasb\yasb\src\core\widgets\services\komorebi\event_listener.py", line 69, in run
  File "D:\a\yasb\yasb\src\core\widgets\services\komorebi\event_listener.py", line 130, in _wait_until_komorebi_online
UnicodeDecodeError: 'utf-8' codec can't decode byte 0x82 in position 91: invalid start byte
2026-09-03 17:08:09,616 [INFO] [Dummy-7] [root/event_listener.py:107]: Attempting to reconnect to Komorebi...
2026-09-03 17:08:12,616 [INFO] [Dummy-7] [root/event_listener.py:54]: Created named pipe yasb-f264feec-a7a8-11f1-babd-00d86114443b
2026-09-03 17:08:12,667 [ERROR] [Dummy-7] [root/event_listener.py:100]: Komorebi has disconnected from the named pipe yasb-f264feec-a7a8-11f1-babd-00d86114443b
Traceback (most recent call last):
  File "D:\a\yasb\yasb\src\core\widgets\services\komorebi\event_listener.py", line 69, in run
  File "D:\a\yasb\yasb\src\core\widgets\services\komorebi\event_listener.py", line 130, in _wait_until_komorebi_online
UnicodeDecodeError: 'utf-8' codec can't decode byte 0x82 in position 91: invalid start byte
2026-09-03 17:08:12,669 [INFO] [Dummy-7] [root/event_listener.py:107]: Attempting to reconnect to Komorebi...
2026-09-03 17:08:15,669 [INFO] [Dummy-7] [root/event_listener.py:54]: Created named pipe yasb-f264feec-a7a8-11f1-babd-00d86114443b
2026-09-03 17:08:15,720 [ERROR] [Dummy-7] [root/event_listener.py:100]: Komorebi has disconnected from the named pipe yasb-f264feec-a7a8-11f1-babd-00d86114443b
Traceback (most recent call last):
  File "D:\a\yasb\yasb\src\core\widgets\services\komorebi\event_listener.py", line 69, in run
  File "D:\a\yasb\yasb\src\core\widgets\services\komorebi\event_listener.py", line 130, in _wait_until_komorebi_online
UnicodeDecodeError: 'utf-8' codec can't decode byte 0x82 in position 91: invalid start byte
2026-09-03 17:08:15,722 [INFO] [Dummy-7] [root/event_listener.py:107]: Attempting to reconnect to Komorebi...
2026-09-03 17:08:18,722 [INFO] [Dummy-7] [root/event_listener.py:54]: Created named pipe yasb-f264feec-a7a8-11f1-babd-00d86114443b
2026-09-03 17:08:18,773 [ERROR] [Dummy-7] [root/event_listener.py:100]: Komorebi has disconnected from the named pipe yasb-f264feec-a7a8-11f1-babd-00d86114443b
Traceback (most recent call last):
  File "D:\a\yasb\yasb\src\core\widgets\services\komorebi\event_listener.py", line 69, in run
  File "D:\a\yasb\yasb\src\core\widgets\services\komorebi\event_listener.py", line 130, in _wait_until_komorebi_online
UnicodeDecodeError: 'utf-8' codec can't decode byte 0x82 in position 91: invalid start byte
2026-09-03 17:08:18,775 [INFO] [Dummy-7] [root/event_listener.py:107]: Attempting to reconnect to Komorebi...
2026-09-03 17:08:21,775 [INFO] [Dummy-7] [root/event_listener.py:54]: Created named pipe yasb-f264feec-a7a8-11f1-babd-00d86114443b
2026-09-03 17:08:21,827 [ERROR] [Dummy-7] [root/event_listener.py:100]: Komorebi has disconnected from the named pipe yasb-f264feec-a7a8-11f1-babd-00d86114443b
Traceback (most recent call last):
  File "D:\a\yasb\yasb\src\core\widgets\services\komorebi\event_listener.py", line 69, in run
  File "D:\a\yasb\yasb\src\core\widgets\services\komorebi\event_listener.py", line 130, in _wait_until_komorebi_online
UnicodeDecodeError: 'utf-8' codec can't decode byte 0x82 in position 91: invalid start byte
2026-09-03 17:08:21,829 [INFO] [Dummy-7] [root/event_listener.py:107]: Attempting to reconnect to Komorebi...
2026-09-03 17:08:24,829 [INFO] [Dummy-7] [root/event_listener.py:54]: Created named pipe yasb-f264feec-a7a8-11f1-babd-00d86114443b
2026-09-03 17:08:24,883 [ERROR] [Dummy-7] [root/event_listener.py:100]: Komorebi has disconnected from the named pipe yasb-f264feec-a7a8-11f1-babd-00d86114443b
Traceback (most recent call last):
  File "D:\a\yasb\yasb\src\core\widgets\services\komorebi\event_listener.py", line 69, in run
  File "D:\a\yasb\yasb\src\core\widgets\services\komorebi\event_listener.py", line 130, in _wait_until_komorebi_online
UnicodeDecodeError: 'utf-8' codec can't decode byte 0x82 in position 91: invalid start byte
2026-09-03 17:08:24,885 [INFO] [Dummy-7] [root/event_listener.py:107]: Attempting to reconnect to Komorebi...
2026-09-03 17:08:27,884 [INFO] [Dummy-7] [root/event_listener.py:54]: Created named pipe yasb-f264feec-a7a8-11f1-babd-00d86114443b
2026-09-03 17:08:27,935 [ERROR] [Dummy-7] [root/event_listener.py:100]: Komorebi has disconnected from the named pipe yasb-f264feec-a7a8-11f1-babd-00d86114443b
Traceback (most recent call last):
  File "D:\a\yasb\yasb\src\core\widgets\services\komorebi\event_listener.py", line 69, in run
  File "D:\a\yasb\yasb\src\core\widgets\services\komorebi\event_listener.py", line 130, in _wait_until_komorebi_online
UnicodeDecodeError: 'utf-8' codec can't decode byte 0x82 in position 91: invalid start byte
2026-09-03 17:08:27,937 [INFO] [Dummy-7] [root/event_listener.py:107]: Attempting to reconnect to Komorebi...
2026-09-03 17:08:30,938 [INFO] [Dummy-7] [root/event_listener.py:54]: Created named pipe yasb-f264feec-a7a8-11f1-babd-00d86114443b
2026-09-03 17:08:30,988 [ERROR] [Dummy-7] [root/event_listener.py:100]: Komorebi has disconnected from the named pipe yasb-f264feec-a7a8-11f1-babd-00d86114443b
Traceback (most recent call last):
  File "D:\a\yasb\yasb\src\core\widgets\services\komorebi\event_listener.py", line 69, in run
  File "D:\a\yasb\yasb\src\core\widgets\services\komorebi\event_listener.py", line 130, in _wait_until_komorebi_online
UnicodeDecodeError: 'utf-8' codec can't decode byte 0x82 in position 91: invalid start byte
2026-09-03 17:08:30,990 [INFO] [Dummy-7] [root/event_listener.py:107]: Attempting to reconnect to Komorebi...
2026-09-03 17:08:31,715 [INFO] [CLIPipeServer] [cli_server/cli_server.py:257]: CLI server received command: stop
2026-09-03 17:08:31,715 [INFO] [CLIPipeServer] [root/controller.py:43]: Exiting Application from CLI...
2026-09-03 17:08:31,821 [INFO] [CLIPipeServer] [cli_server/cli_server.py:114]: Log pipe server stopped
2026-09-03 17:08:31,848 [INFO] [MainThread] [root/bar_manager.py:111]: Stopping HotkeyListener...
2026-09-03 17:08:31,851 [INFO] [MainThread] [root/bar_manager.py:119]: Stopping KomorebiEventListener...
2026-09-03 17:08:31,856 [INFO] [MainThread] [taskbar_window_manager/window_manager.py:205]: TaskbarWindowManager stopped
2026-09-03 17:08:32,841 [INFO] [MainThread] [root/log.py:104]: YASB v2.0.6
2026-09-03 17:08:32,842 [INFO] [CLIPipeServer] [cli_server/cli_server.py:216]: CLI server started v1.1.7
2026-09-03 17:08:32,842 [INFO] [MainThread] [cli_server/cli_server.py:106]: Log pipe server started
2026-09-03 17:08:32,882 [ERROR] [MainThread] [root/css_processor.py:43]: CSSProcessor Error 'C:\Users\doria\.config\yasb\yasb_colors.css': [Errno 2] No such file or directory: 'C:\\Users\\doria\\.config\\yasb\\yasb_colors.css'
2026-09-03 17:08:33,487 [INFO] [MainThread] [root/service.py:52]: AudioOutputService starting...
2026-09-03 17:08:33,602 [INFO] [MainThread] [root/bar_manager.py:238]: Starting HotkeyListener...
2026-09-03 17:08:33,602 [INFO] [MainThread] [root/bar_manager.py:103]: Starting SystemEventListener...
2026-09-03 17:08:33,602 [INFO] [MainThread] [root/bar_manager.py:103]: Starting WindowsNotificationEventListener...
2026-09-03 17:08:33,603 [INFO] [MainThread] [root/bar_manager.py:103]: Starting KomorebiEventListener...
2026-09-03 17:08:33,603 [ERROR] [MainThread] [root/css_processor.py:43]: CSSProcessor Error 'c:\users\doria\.config\yasb\yasb_colors.css': [Errno 2] No such file or directory: 'c:\\users\\doria\\.config\\yasb\\yasb_colors.css'
2026-09-03 17:08:33,604 [INFO] [MainThread] [root/watcher.py:65]: Watching directory: c:\users\doria\.config\yasb
2026-09-03 17:08:33,604 [INFO] [MainThread] [root/watcher.py:104]: Created file watcher
2026-09-03 17:08:33,605 [INFO] [Dummy-10] [root/event_listener.py:54]: Created named pipe yasb-549c3932-a7a9-11f1-86d8-00d86114443b
2026-09-03 17:08:33,613 [INFO] [MainThread] [system_colors/system_colors.py:59]: System Colors Service started.
2026-09-03 17:08:33,626 [INFO] [Dummy-11] [root/windows_notification.py:161]: Notification service started (WNF_SHEL_NOTIFICATION_TOTAL)
2026-09-03 17:08:33,626 [INFO] [MainThread] [root/update_service.py:434]: Background update checker started
2026-09-03 17:08:33,664 [ERROR] [Dummy-10] [root/event_listener.py:100]: Komorebi has disconnected from the named pipe yasb-549c3932-a7a9-11f1-86d8-00d86114443b
Traceback (most recent call last):
  File "D:\a\yasb\yasb\src\core\widgets\services\komorebi\event_listener.py", line 69, in run
  File "D:\a\yasb\yasb\src\core\widgets\services\komorebi\event_listener.py", line 130, in _wait_until_komorebi_online
UnicodeDecodeError: 'utf-8' codec can't decode byte 0x82 in position 91: invalid start byte
2026-09-03 17:08:33,669 [INFO] [Dummy-10] [root/event_listener.py:107]: Attempting to reconnect to Komorebi...
2026-09-03 17:08:36,669 [INFO] [Dummy-10] [root/event_listener.py:54]: Created named pipe yasb-549c3932-a7a9-11f1-86d8-00d86114443b
2026-09-03 17:08:36,721 [ERROR] [Dummy-10] [root/event_listener.py:100]: Komorebi has disconnected from the named pipe yasb-549c3932-a7a9-11f1-86d8-00d86114443b
Traceback (most recent call last):
  File "D:\a\yasb\yasb\src\core\widgets\services\komorebi\event_listener.py", line 69, in run
  File "D:\a\yasb\yasb\src\core\widgets\services\komorebi\event_listener.py", line 130, in _wait_until_komorebi_online
UnicodeDecodeError: 'utf-8' codec can't decode byte 0x82 in position 91: invalid start byte
2026-09-03 17:08:36,723 [INFO] [Dummy-10] [root/event_listener.py:107]: Attempting to reconnect to Komorebi...
2026-09-03 17:08:39,731 [INFO] [Dummy-10] [root/event_listener.py:54]: Created named pipe yasb-549c3932-a7a9-11f1-86d8-00d86114443b
2026-09-03 17:08:39,783 [ERROR] [Dummy-10] [root/event_listener.py:100]: Komorebi has disconnected from the named pipe yasb-549c3932-a7a9-11f1-86d8-00d86114443b
Traceback (most recent call last):
  File "D:\a\yasb\yasb\src\core\widgets\services\komorebi\event_listener.py", line 69, in run
  File "D:\a\yasb\yasb\src\core\widgets\services\komorebi\event_listener.py", line 130, in _wait_until_komorebi_online
UnicodeDecodeError: 'utf-8' codec can't decode byte 0x82 in position 91: invalid start byte
2026-09-03 17:08:39,785 [INFO] [Dummy-10] [root/event_listener.py:107]: Attempting to reconnect to Komorebi...
2026-09-03 17:08:42,788 [INFO] [Dummy-10] [root/event_listener.py:54]: Created named pipe yasb-549c3932-a7a9-11f1-86d8-00d86114443b
2026-09-03 17:08:42,839 [ERROR] [Dummy-10] [root/event_listener.py:100]: Komorebi has disconnected from the named pipe yasb-549c3932-a7a9-11f1-86d8-00d86114443b
Traceback (most recent call last):
  File "D:\a\yasb\yasb\src\core\widgets\services\komorebi\event_listener.py", line 69, in run
  File "D:\a\yasb\yasb\src\core\widgets\services\komorebi\event_listener.py", line 130, in _wait_until_komorebi_online
UnicodeDecodeError: 'utf-8' codec can't decode byte 0x82 in position 91: invalid start byte
2026-09-03 17:08:42,841 [INFO] [Dummy-10] [root/event_listener.py:107]: Attempting to reconnect to Komorebi...
2026-09-03 17:08:45,848 [INFO] [Dummy-10] [root/event_listener.py:54]: Created named pipe yasb-549c3932-a7a9-11f1-86d8-00d86114443b
2026-09-03 17:08:45,899 [ERROR] [Dummy-10] [root/event_listener.py:100]: Komorebi has disconnected from the named pipe yasb-549c3932-a7a9-11f1-86d8-00d86114443b
Traceback (most recent call last):
  File "D:\a\yasb\yasb\src\core\widgets\services\komorebi\event_listener.py", line 69, in run
  File "D:\a\yasb\yasb\src\core\widgets\services\komorebi\event_listener.py", line 130, in _wait_until_komorebi_online
UnicodeDecodeError: 'utf-8' codec can't decode byte 0x82 in position 91: invalid start byte
2026-09-03 17:08:45,901 [INFO] [Dummy-10] [root/event_listener.py:107]: Attempting to reconnect to Komorebi...
2026-09-03 17:08:48,907 [INFO] [Dummy-10] [root/event_listener.py:54]: Created named pipe yasb-549c3932-a7a9-11f1-86d8-00d86114443b
2026-09-03 17:08:48,957 [ERROR] [Dummy-10] [root/event_listener.py:100]: Komorebi has disconnected from the named pipe yasb-549c3932-a7a9-11f1-86d8-00d86114443b
Traceback (most recent call last):
  File "D:\a\yasb\yasb\src\core\widgets\services\komorebi\event_listener.py", line 69, in run
  File "D:\a\yasb\yasb\src\core\widgets\services\komorebi\event_listener.py", line 130, in _wait_until_komorebi_online
UnicodeDecodeError: 'utf-8' codec can't decode byte 0x82 in position 91: invalid start byte
2026-09-03 17:08:48,959 [INFO] [Dummy-10] [root/event_listener.py:107]: Attempting to reconnect to Komorebi...
2026-09-03 17:08:51,973 [INFO] [Dummy-10] [root/event_listener.py:54]: Created named pipe yasb-549c3932-a7a9-11f1-86d8-00d86114443b
2026-09-03 17:08:52,024 [ERROR] [Dummy-10] [root/event_listener.py:100]: Komorebi has disconnected from the named pipe yasb-549c3932-a7a9-11f1-86d8-00d86114443b
Traceback (most recent call last):
  File "D:\a\yasb\yasb\src\core\widgets\services\komorebi\event_listener.py", line 69, in run
  File "D:\a\yasb\yasb\src\core\widgets\services\komorebi\event_listener.py", line 130, in _wait_until_komorebi_online
UnicodeDecodeError: 'utf-8' codec can't decode byte 0x82 in position 91: invalid start byte
2026-09-03 17:08:52,026 [INFO] [Dummy-10] [root/event_listener.py:107]: Attempting to reconnect to Komorebi...
2026-09-03 17:08:55,037 [INFO] [Dummy-10] [root/event_listener.py:54]: Created named pipe yasb-549c3932-a7a9-11f1-86d8-00d86114443b
2026-09-03 17:08:55,087 [ERROR] [Dummy-10] [root/event_listener.py:100]: Komorebi has disconnected from the named pipe yasb-549c3932-a7a9-11f1-86d8-00d86114443b
Traceback (most recent call last):
  File "D:\a\yasb\yasb\src\core\widgets\services\komorebi\event_listener.py", line 69, in run
  File "D:\a\yasb\yasb\src\core\widgets\services\komorebi\event_listener.py", line 130, in _wait_until_komorebi_online
UnicodeDecodeError: 'utf-8' codec can't decode byte 0x82 in position 91: invalid start byte
2026-09-03 17:08:55,089 [INFO] [Dummy-10] [root/event_listener.py:107]: Attempting to reconnect to Komorebi...
2026-09-03 17:08:58,097 [INFO] [Dummy-10] [root/event_listener.py:54]: Created named pipe yasb-549c3932-a7a9-11f1-86d8-00d86114443b
2026-09-03 17:08:58,147 [ERROR] [Dummy-10] [root/event_listener.py:100]: Komorebi has disconnected from the named pipe yasb-549c3932-a7a9-11f1-86d8-00d86114443b
Traceback (most recent call last):
  File "D:\a\yasb\yasb\src\core\widgets\services\komorebi\event_listener.py", line 69, in run
  File "D:\a\yasb\yasb\src\core\widgets\services\komorebi\event_listener.py", line 130, in _wait_until_komorebi_online
UnicodeDecodeError: 'utf-8' codec can't decode byte 0x82 in position 91: invalid start byte
2026-09-03 17:08:58,149 [INFO] [Dummy-10] [root/event_listener.py:107]: Attempting to reconnect to Komorebi...
2026-09-03 17:09:01,163 [INFO] [Dummy-10] [root/event_listener.py:54]: Created named pipe yasb-549c3932-a7a9-11f1-86d8-00d86114443b
2026-09-03 17:09:01,214 [ERROR] [Dummy-10] [root/event_listener.py:100]: Komorebi has disconnected from the named pipe yasb-549c3932-a7a9-11f1-86d8-00d86114443b
Traceback (most recent call last):
  File "D:\a\yasb\yasb\src\core\widgets\services\komorebi\event_listener.py", line 69, in run
  File "D:\a\yasb\yasb\src\core\widgets\services\komorebi\event_listener.py", line 130, in _wait_until_komorebi_online
UnicodeDecodeError: 'utf-8' codec can't decode byte 0x82 in position 91: invalid start byte
2026-09-03 17:09:01,216 [INFO] [Dummy-10] [root/event_listener.py:107]: Attempting to reconnect to Komorebi...
2026-09-03 17:09:04,225 [INFO] [Dummy-10] [root/event_listener.py:54]: Created named pipe yasb-549c3932-a7a9-11f1-86d8-00d86114443b
2026-09-03 17:09:04,275 [ERROR] [Dummy-10] [root/event_listener.py:100]: Komorebi has disconnected from the named pipe yasb-549c3932-a7a9-11f1-86d8-00d86114443b
Traceback (most recent call last):
  File "D:\a\yasb\yasb\src\core\widgets\services\komorebi\event_listener.py", line 69, in run
  File "D:\a\yasb\yasb\src\core\widgets\services\komorebi\event_listener.py", line 130, in _wait_until_komorebi_online
UnicodeDecodeError: 'utf-8' codec can't decode byte 0x82 in position 91: invalid start byte
2026-09-03 17:09:04,277 [INFO] [Dummy-10] [root/event_listener.py:107]: Attempting to reconnect to Komorebi...
2026-09-03 17:09:07,286 [INFO] [Dummy-10] [root/event_listener.py:54]: Created named pipe yasb-549c3932-a7a9-11f1-86d8-00d86114443b
2026-09-03 17:09:07,336 [ERROR] [Dummy-10] [root/event_listener.py:100]: Komorebi has disconnected from the named pipe yasb-549c3932-a7a9-11f1-86d8-00d86114443b
Traceback (most recent call last):
  File "D:\a\yasb\yasb\src\core\widgets\services\komorebi\event_listener.py", line 69, in run
  File "D:\a\yasb\yasb\src\core\widgets\services\komorebi\event_listener.py", line 130, in _wait_until_komorebi_online
UnicodeDecodeError: 'utf-8' codec can't decode byte 0x82 in position 91: invalid start byte
2026-09-03 17:09:07,338 [INFO] [Dummy-10] [root/event_listener.py:107]: Attempting to reconnect to Komorebi...
2026-09-03 17:09:10,369 [INFO] [Dummy-10] [root/event_listener.py:54]: Created named pipe yasb-549c3932-a7a9-11f1-86d8-00d86114443b
2026-09-03 17:09:10,427 [ERROR] [Dummy-10] [root/event_listener.py:100]: Komorebi has disconnected from the named pipe yasb-549c3932-a7a9-11f1-86d8-00d86114443b
Traceback (most recent call last):
  File "D:\a\yasb\yasb\src\core\widgets\services\komorebi\event_listener.py", line 69, in run
  File "D:\a\yasb\yasb\src\core\widgets\services\komorebi\event_listener.py", line 130, in _wait_until_komorebi_online
UnicodeDecodeError: 'utf-8' codec can't decode byte 0x82 in position 91: invalid start byte
2026-09-03 17:09:10,429 [INFO] [Dummy-10] [root/event_listener.py:107]: Attempting to reconnect to Komorebi...
2026-09-03 17:09:13,430 [INFO] [Dummy-10] [root/event_listener.py:54]: Created named pipe yasb-549c3932-a7a9-11f1-86d8-00d86114443b
2026-09-03 17:09:13,485 [ERROR] [Dummy-10] [root/event_listener.py:100]: Komorebi has disconnected from the named pipe yasb-549c3932-a7a9-11f1-86d8-00d86114443b
Traceback (most recent call last):
  File "D:\a\yasb\yasb\src\core\widgets\services\komorebi\event_listener.py", line 69, in run
  File "D:\a\yasb\yasb\src\core\widgets\services\komorebi\event_listener.py", line 130, in _wait_until_komorebi_online
UnicodeDecodeError: 'utf-8' codec can't decode byte 0x82 in position 91: invalid start byte
2026-09-03 17:09:13,487 [INFO] [Dummy-10] [root/event_listener.py:107]: Attempting to reconnect to Komorebi...
2026-09-03 17:09:16,487 [INFO] [Dummy-10] [root/event_listener.py:54]: Created named pipe yasb-549c3932-a7a9-11f1-86d8-00d86114443b
2026-09-03 17:09:16,545 [ERROR] [Dummy-10] [root/event_listener.py:100]: Komorebi has disconnected from the named pipe yasb-549c3932-a7a9-11f1-86d8-00d86114443b
Traceback (most recent call last):
  File "D:\a\yasb\yasb\src\core\widgets\services\komorebi\event_listener.py", line 69, in run
  File "D:\a\yasb\yasb\src\core\widgets\services\komorebi\event_listener.py", line 130, in _wait_until_komorebi_online
UnicodeDecodeError: 'utf-8' codec can't decode byte 0x82 in position 91: invalid start byte
2026-09-03 17:09:16,547 [INFO] [Dummy-10] [root/event_listener.py:107]: Attempting to reconnect to Komorebi...
2026-09-03 17:09:19,547 [INFO] [Dummy-10] [root/event_listener.py:54]: Created named pipe yasb-549c3932-a7a9-11f1-86d8-00d86114443b
2026-09-03 17:09:19,598 [ERROR] [Dummy-10] [root/event_listener.py:100]: Komorebi has disconnected from the named pipe yasb-549c3932-a7a9-11f1-86d8-00d86114443b
Traceback (most recent call last):
  File "D:\a\yasb\yasb\src\core\widgets\services\komorebi\event_listener.py", line 69, in run
  File "D:\a\yasb\yasb\src\core\widgets\services\komorebi\event_listener.py", line 130, in _wait_until_komorebi_online
UnicodeDecodeError: 'utf-8' codec can't decode byte 0x82 in position 91: invalid start byte
2026-09-03 17:09:19,599 [INFO] [Dummy-10] [root/event_listener.py:107]: Attempting to reconnect to Komorebi...
2026-09-03 17:09:22,602 [INFO] [Dummy-10] [root/event_listener.py:54]: Created named pipe yasb-549c3932-a7a9-11f1-86d8-00d86114443b
2026-09-03 17:09:22,653 [ERROR] [Dummy-10] [root/event_listener.py:100]: Komorebi has disconnected from the named pipe yasb-549c3932-a7a9-11f1-86d8-00d86114443b
Traceback (most recent call last):
  File "D:\a\yasb\yasb\src\core\widgets\services\komorebi\event_listener.py", line 69, in run
  File "D:\a\yasb\yasb\src\core\widgets\services\komorebi\event_listener.py", line 130, in _wait_until_komorebi_online
UnicodeDecodeError: 'utf-8' codec can't decode byte 0x82 in position 91: invalid start byte
2026-09-03 17:09:22,655 [INFO] [Dummy-10] [root/event_listener.py:107]: Attempting to reconnect to Komorebi...
2026-09-03 17:09:25,657 [INFO] [Dummy-10] [root/event_listener.py:54]: Created named pipe yasb-549c3932-a7a9-11f1-86d8-00d86114443b
2026-09-03 17:09:25,710 [ERROR] [Dummy-10] [root/event_listener.py:100]: Komorebi has disconnected from the named pipe yasb-549c3932-a7a9-11f1-86d8-00d86114443b
Traceback (most recent call last):
  File "D:\a\yasb\yasb\src\core\widgets\services\komorebi\event_listener.py", line 69, in run
  File "D:\a\yasb\yasb\src\core\widgets\services\komorebi\event_listener.py", line 130, in _wait_until_komorebi_online
UnicodeDecodeError: 'utf-8' codec can't decode byte 0x82 in position 91: invalid start byte
2026-09-03 17:09:25,712 [INFO] [Dummy-10] [root/event_listener.py:107]: Attempting to reconnect to Komorebi...
2026-09-03 17:09:28,715 [INFO] [Dummy-10] [root/event_listener.py:54]: Created named pipe yasb-549c3932-a7a9-11f1-86d8-00d86114443b
2026-09-03 17:09:28,767 [ERROR] [Dummy-10] [root/event_listener.py:100]: Komorebi has disconnected from the named pipe yasb-549c3932-a7a9-11f1-86d8-00d86114443b
Traceback (most recent call last):
  File "D:\a\yasb\yasb\src\core\widgets\services\komorebi\event_listener.py", line 69, in run
  File "D:\a\yasb\yasb\src\core\widgets\services\komorebi\event_listener.py", line 130, in _wait_until_komorebi_online
UnicodeDecodeError: 'utf-8' codec can't decode byte 0x82 in position 91: invalid start byte
2026-09-03 17:09:28,769 [INFO] [Dummy-10] [root/event_listener.py:107]: Attempting to reconnect to Komorebi...
2026-09-03 17:09:31,773 [INFO] [Dummy-10] [root/event_listener.py:54]: Created named pipe yasb-549c3932-a7a9-11f1-86d8-00d86114443b
2026-09-03 17:09:31,823 [ERROR] [Dummy-10] [root/event_listener.py:100]: Komorebi has disconnected from the named pipe yasb-549c3932-a7a9-11f1-86d8-00d86114443b
Traceback (most recent call last):
  File "D:\a\yasb\yasb\src\core\widgets\services\komorebi\event_listener.py", line 69, in run
  File "D:\a\yasb\yasb\src\core\widgets\services\komorebi\event_listener.py", line 130, in _wait_until_komorebi_online
UnicodeDecodeError: 'utf-8' codec can't decode byte 0x82 in position 91: invalid start byte
2026-09-03 17:09:31,825 [INFO] [Dummy-10] [root/event_listener.py:107]: Attempting to reconnect to Komorebi...
2026-09-03 17:09:34,826 [INFO] [Dummy-10] [root/event_listener.py:54]: Created named pipe yasb-549c3932-a7a9-11f1-86d8-00d86114443b
2026-09-03 17:09:34,881 [ERROR] [Dummy-10] [root/event_listener.py:100]: Komorebi has disconnected from the named pipe yasb-549c3932-a7a9-11f1-86d8-00d86114443b
Traceback (most recent call last):
  File "D:\a\yasb\yasb\src\core\widgets\services\komorebi\event_listener.py", line 69, in run
  File "D:\a\yasb\yasb\src\core\widgets\services\komorebi\event_listener.py", line 130, in _wait_until_komorebi_online
UnicodeDecodeError: 'utf-8' codec can't decode byte 0x82 in position 91: invalid start byte
2026-09-03 17:09:34,883 [INFO] [Dummy-10] [root/event_listener.py:107]: Attempting to reconnect to Komorebi...
2026-09-03 17:09:36,753 [INFO] [CLIPipeServer] [cli_server/cli_server.py:257]: CLI server received command: stop
2026-09-03 17:09:36,753 [INFO] [CLIPipeServer] [root/controller.py:43]: Exiting Application from CLI...
2026-09-03 17:09:36,867 [INFO] [CLIPipeServer] [cli_server/cli_server.py:114]: Log pipe server stopped
2026-09-03 17:09:36,894 [INFO] [MainThread] [root/bar_manager.py:111]: Stopping HotkeyListener...
2026-09-03 17:09:36,897 [INFO] [MainThread] [root/bar_manager.py:119]: Stopping SystemEventListener...
2026-09-03 17:09:36,898 [INFO] [MainThread] [root/bar_manager.py:119]: Stopping WindowsNotificationEventListener...
2026-09-03 17:09:36,899 [INFO] [Dummy-11] [root/windows_notification.py:97]: Notification service stopped
2026-09-03 17:09:36,900 [INFO] [MainThread] [root/bar_manager.py:119]: Stopping KomorebiEventListener...
2026-09-03 17:09:36,904 [INFO] [MainThread] [system_colors/system_colors.py:69]: System Colors Service stopped.
2026-09-03 17:09:37,743 [INFO] [MainThread] [root/log.py:104]: YASB v2.0.6
2026-09-03 17:09:37,743 [INFO] [CLIPipeServer] [cli_server/cli_server.py:216]: CLI server started v1.1.7
2026-09-03 17:09:37,744 [INFO] [MainThread] [cli_server/cli_server.py:106]: Log pipe server started
2026-09-03 17:09:38,238 [INFO] [MainThread] [root/service.py:225]: BrightnessService started with 1 monitors
2026-09-03 17:09:38,250 [INFO] [MainThread] [root/service.py:52]: AudioOutputService starting...
2026-09-03 17:09:38,289 [INFO] [MainThread] [root/service.py:41]: AudioInputService starting...
2026-09-03 17:09:38,587 [INFO] [MainThread] [root/bar_manager.py:103]: Starting SystemEventListener...
2026-09-03 17:09:38,588 [INFO] [MainThread] [root/watcher.py:65]: Watching directory: c:\users\doria\.config\yasb
2026-09-03 17:09:38,588 [INFO] [MainThread] [root/watcher.py:104]: Created file watcher
2026-09-03 17:09:38,604 [INFO] [MainThread] [root/update_service.py:434]: Background update checker started
2026-09-03 17:09:46,724 [WARNING] [MainThread] [glazewm_client/client.py:134]: WebSocket error: SocketError.ConnectionRefusedError. Reconnecting...
2026-09-03 17:09:46,803 [WARNING] [MainThread] [glazewm_client/client.py:134]: WebSocket error: SocketError.ConnectionRefusedError. Reconnecting...
2026-09-03 17:11:33,952 [INFO] [CLIPipeServer] [cli_server/cli_server.py:257]: CLI server received command: stop
2026-09-03 17:11:33,952 [INFO] [CLIPipeServer] [root/controller.py:43]: Exiting Application from CLI...
2026-09-03 17:11:34,067 [INFO] [CLIPipeServer] [cli_server/cli_server.py:114]: Log pipe server stopped
2026-09-03 17:11:34,108 [INFO] [MainThread] [root/bar_manager.py:119]: Stopping SystemEventListener...
2026-09-03 17:11:34,956 [INFO] [MainThread] [root/log.py:104]: YASB v2.0.6
2026-09-03 17:11:34,957 [INFO] [CLIPipeServer] [cli_server/cli_server.py:216]: CLI server started v1.1.7
2026-09-03 17:11:34,957 [INFO] [MainThread] [cli_server/cli_server.py:106]: Log pipe server started
2026-09-03 17:11:35,429 [ERROR] [MainThread] [root/weather.py:40]: API key or location is missing. Please provide a valid API key and location.
2026-09-03 17:11:35,539 [INFO] [MainThread] [root/service.py:52]: AudioOutputService starting...
2026-09-03 17:11:35,580 [INFO] [MainThread] [root/service.py:41]: AudioInputService starting...
2026-09-03 17:11:35,746 [INFO] [MainThread] [taskbar_window_manager/window_manager.py:178]: TaskbarWindowManager is starting...
2026-09-03 17:11:35,752 [INFO] [MainThread] [root/bar_manager.py:103]: Starting WindowsNotificationEventListener...
2026-09-03 17:11:35,752 [INFO] [MainThread] [root/bar_manager.py:103]: Starting SystemEventListener...
2026-09-03 17:11:35,753 [INFO] [MainThread] [root/watcher.py:65]: Watching directory: c:\users\doria\.config\yasb
2026-09-03 17:11:35,753 [INFO] [MainThread] [root/watcher.py:104]: Created file watcher
2026-09-03 17:11:35,767 [INFO] [MainThread] [root/update_service.py:434]: Background update checker started
2026-09-03 17:11:35,774 [INFO] [Dummy-7] [root/windows_notification.py:161]: Notification service started (WNF_SHEL_NOTIFICATION_TOTAL)
2026-09-03 17:11:43,971 [WARNING] [MainThread] [glazewm_client/client.py:134]: WebSocket error: SocketError.ConnectionRefusedError. Reconnecting...
2026-09-03 17:13:21,874 [INFO] [CLIPipeServer] [cli_server/cli_server.py:257]: CLI server received command: stop
2026-09-03 17:13:21,874 [INFO] [CLIPipeServer] [root/controller.py:43]: Exiting Application from CLI...
2026-09-03 17:13:21,975 [INFO] [CLIPipeServer] [cli_server/cli_server.py:114]: Log pipe server stopped
2026-09-03 17:13:22,022 [INFO] [MainThread] [root/bar_manager.py:119]: Stopping WindowsNotificationEventListener...
2026-09-03 17:13:22,022 [INFO] [Dummy-7] [root/windows_notification.py:97]: Notification service stopped
2026-09-03 17:13:22,023 [INFO] [MainThread] [root/bar_manager.py:119]: Stopping SystemEventListener...
2026-09-03 17:13:22,024 [INFO] [MainThread] [taskbar_window_manager/window_manager.py:205]: TaskbarWindowManager stopped
2026-09-03 17:13:23,573 [INFO] [MainThread] [root/log.py:104]: YASB v2.0.6
2026-09-03 17:13:23,573 [INFO] [CLIPipeServer] [cli_server/cli_server.py:216]: CLI server started v1.1.7
2026-09-03 17:13:23,574 [INFO] [MainThread] [cli_server/cli_server.py:106]: Log pipe server started
2026-09-03 17:13:23,831 [INFO] [MainThread] [root/service.py:52]: AudioOutputService starting...
2026-09-03 17:13:23,949 [INFO] [MainThread] [root/bar_manager.py:103]: Starting SystemEventListener...
2026-09-03 17:13:23,950 [INFO] [MainThread] [root/watcher.py:65]: Watching directory: c:\users\doria\.config\yasb
2026-09-03 17:13:23,950 [INFO] [MainThread] [root/watcher.py:104]: Created file watcher
2026-09-03 17:13:23,967 [INFO] [MainThread] [root/update_service.py:434]: Background update checker started
2026-09-03 17:13:24,007 [INFO] [MainThread] [root/log.py:104]: YASB v2.0.6
2026-09-03 17:13:24,008 [INFO] [CLIPipeServer] [cli_server/cli_server.py:216]: CLI server started v1.1.7
2026-09-03 17:13:24,008 [INFO] [MainThread] [cli_server/cli_server.py:106]: Log pipe server started
2026-09-03 17:13:24,008 [ERROR] [MainThread] [root/main.py:77]: Another instance of the YASB is already running.
2026-09-03 17:13:24,113 [ERROR] [MainThread] [root/api.py:82]: Weather API invalid JSON response: Expecting value: line 1 column 1 (char 0)
2026-09-03 17:13:24,113 [WARNING] [MainThread] [root/weather.py:565]: Error processing weather data: Weather data is empty.. Retrying fetch in 10 seconds.
2026-09-03 17:13:32,190 [WARNING] [MainThread] [glazewm_client/client.py:134]: WebSocket error: SocketError.ConnectionRefusedError. Reconnecting...
2026-09-03 17:13:34,277 [ERROR] [MainThread] [root/api.py:82]: Weather API invalid JSON response: Expecting value: line 1 column 1 (char 0)
2026-09-03 17:13:34,277 [WARNING] [MainThread] [root/weather.py:565]: Error processing weather data: Weather data is empty.. Retrying fetch in 10 seconds.
2026-09-03 17:13:44,286 [ERROR] [MainThread] [root/api.py:82]: Weather API invalid JSON response: Expecting value: line 1 column 1 (char 0)
2026-09-03 17:13:44,286 [WARNING] [MainThread] [root/weather.py:565]: Error processing weather data: Weather data is empty.. Retrying fetch in 10 seconds.
2026-09-03 17:13:54,301 [ERROR] [MainThread] [root/api.py:82]: Weather API invalid JSON response: Expecting value: line 1 column 1 (char 0)
2026-09-03 17:13:54,301 [WARNING] [MainThread] [root/weather.py:565]: Error processing weather data: Weather data is empty.. Retrying fetch in 10 seconds.
2026-09-03 17:14:04,317 [ERROR] [MainThread] [root/api.py:82]: Weather API invalid JSON response: Expecting value: line 1 column 1 (char 0)
2026-09-03 17:14:04,317 [WARNING] [MainThread] [root/weather.py:565]: Error processing weather data: Weather data is empty.. Retrying fetch in 10 seconds.
2026-09-03 17:14:14,346 [ERROR] [MainThread] [root/api.py:82]: Weather API invalid JSON response: Expecting value: line 1 column 1 (char 0)
2026-09-03 17:14:14,346 [WARNING] [MainThread] [root/weather.py:565]: Error processing weather data: Weather data is empty.. Retrying fetch in 10 seconds.
2026-09-03 17:14:24,365 [ERROR] [MainThread] [root/api.py:82]: Weather API invalid JSON response: Expecting value: line 1 column 1 (char 0)
2026-09-03 17:14:24,365 [WARNING] [MainThread] [root/weather.py:565]: Error processing weather data: Weather data is empty.. Retrying fetch in 10 seconds.
2026-09-03 17:14:34,379 [ERROR] [MainThread] [root/api.py:82]: Weather API invalid JSON response: Expecting value: line 1 column 1 (char 0)
2026-09-03 17:14:34,379 [WARNING] [MainThread] [root/weather.py:565]: Error processing weather data: Weather data is empty.. Retrying fetch in 10 seconds.
2026-09-03 17:14:44,403 [ERROR] [MainThread] [root/api.py:82]: Weather API invalid JSON response: Expecting value: line 1 column 1 (char 0)
2026-09-03 17:14:44,404 [WARNING] [MainThread] [root/weather.py:565]: Error processing weather data: Weather data is empty.. Retrying fetch in 10 seconds.
2026-09-03 17:14:54,425 [ERROR] [MainThread] [root/api.py:82]: Weather API invalid JSON response: Expecting value: line 1 column 1 (char 0)
2026-09-03 17:14:54,425 [WARNING] [MainThread] [root/weather.py:565]: Error processing weather data: Weather data is empty.. Retrying fetch in 10 seconds.
2026-09-03 17:15:04,450 [ERROR] [MainThread] [root/api.py:82]: Weather API invalid JSON response: Expecting value: line 1 column 1 (char 0)
2026-09-03 17:15:04,450 [WARNING] [MainThread] [root/weather.py:565]: Error processing weather data: Weather data is empty.. Retrying fetch in 10 seconds.
2026-09-03 17:15:14,459 [ERROR] [MainThread] [root/api.py:82]: Weather API invalid JSON response: Expecting value: line 1 column 1 (char 0)
2026-09-03 17:15:14,459 [WARNING] [MainThread] [root/weather.py:565]: Error processing weather data: Weather data is empty.. Retrying fetch in 10 seconds.
2026-09-03 17:15:24,480 [ERROR] [MainThread] [root/api.py:82]: Weather API invalid JSON response: Expecting value: line 1 column 1 (char 0)
2026-09-03 17:15:24,480 [WARNING] [MainThread] [root/weather.py:565]: Error processing weather data: Weather data is empty.. Retrying fetch in 10 seconds.
2026-09-03 17:15:34,492 [ERROR] [MainThread] [root/api.py:82]: Weather API invalid JSON response: Expecting value: line 1 column 1 (char 0)
2026-09-03 17:15:34,492 [WARNING] [MainThread] [root/weather.py:565]: Error processing weather data: Weather data is empty.. Retrying fetch in 10 seconds.
2026-09-03 17:15:44,514 [ERROR] [MainThread] [root/api.py:82]: Weather API invalid JSON response: Expecting value: line 1 column 1 (char 0)
2026-09-03 17:15:44,514 [WARNING] [MainThread] [root/weather.py:565]: Error processing weather data: Weather data is empty.. Retrying fetch in 10 seconds.
2026-09-03 17:15:54,522 [ERROR] [MainThread] [root/api.py:82]: Weather API invalid JSON response: Expecting value: line 1 column 1 (char 0)
2026-09-03 17:15:54,522 [WARNING] [MainThread] [root/weather.py:565]: Error processing weather data: Weather data is empty.. Retrying fetch in 10 seconds.
2026-09-03 17:16:04,546 [ERROR] [MainThread] [root/api.py:82]: Weather API invalid JSON response: Expecting value: line 1 column 1 (char 0)
2026-09-03 17:16:04,546 [WARNING] [MainThread] [root/weather.py:565]: Error processing weather data: Weather data is empty.. Retrying fetch in 10 seconds.
2026-09-03 17:16:14,570 [ERROR] [MainThread] [root/api.py:82]: Weather API invalid JSON response: Expecting value: line 1 column 1 (char 0)
2026-09-03 17:16:14,570 [WARNING] [MainThread] [root/weather.py:565]: Error processing weather data: Weather data is empty.. Retrying fetch in 10 seconds.
2026-09-03 17:16:24,584 [ERROR] [MainThread] [root/api.py:82]: Weather API invalid JSON response: Expecting value: line 1 column 1 (char 0)
2026-09-03 17:16:24,584 [WARNING] [MainThread] [root/weather.py:565]: Error processing weather data: Weather data is empty.. Retrying fetch in 10 seconds.
2026-09-03 17:16:34,603 [ERROR] [MainThread] [root/api.py:82]: Weather API invalid JSON response: Expecting value: line 1 column 1 (char 0)
2026-09-03 17:16:34,604 [WARNING] [MainThread] [root/weather.py:565]: Error processing weather data: Weather data is empty.. Retrying fetch in 10 seconds.
2026-09-03 17:16:44,613 [ERROR] [MainThread] [root/api.py:82]: Weather API invalid JSON response: Expecting value: line 1 column 1 (char 0)
2026-09-03 17:16:44,613 [WARNING] [MainThread] [root/weather.py:565]: Error processing weather data: Weather data is empty.. Retrying fetch in 10 seconds.
2026-09-03 17:16:54,634 [ERROR] [MainThread] [root/api.py:82]: Weather API invalid JSON response: Expecting value: line 1 column 1 (char 0)
2026-09-03 17:16:54,634 [WARNING] [MainThread] [root/weather.py:565]: Error processing weather data: Weather data is empty.. Retrying fetch in 10 seconds.
2026-09-03 17:17:04,648 [ERROR] [MainThread] [root/api.py:82]: Weather API invalid JSON response: Expecting value: line 1 column 1 (char 0)
2026-09-03 17:17:04,648 [WARNING] [MainThread] [root/weather.py:565]: Error processing weather data: Weather data is empty.. Retrying fetch in 10 seconds.
2026-09-03 17:17:14,667 [ERROR] [MainThread] [root/api.py:82]: Weather API invalid JSON response: Expecting value: line 1 column 1 (char 0)
2026-09-03 17:17:14,667 [WARNING] [MainThread] [root/weather.py:565]: Error processing weather data: Weather data is empty.. Retrying fetch in 10 seconds.
2026-09-03 17:17:24,687 [ERROR] [MainThread] [root/api.py:82]: Weather API invalid JSON response: Expecting value: line 1 column 1 (char 0)
2026-09-03 17:17:24,687 [WARNING] [MainThread] [root/weather.py:565]: Error processing weather data: Weather data is empty.. Retrying fetch in 10 seconds.
2026-09-03 17:17:34,712 [ERROR] [MainThread] [root/api.py:82]: Weather API invalid JSON response: Expecting value: line 1 column 1 (char 0)
2026-09-03 17:17:34,712 [WARNING] [MainThread] [root/weather.py:565]: Error processing weather data: Weather data is empty.. Retrying fetch in 10 seconds.
2026-09-03 17:17:44,726 [ERROR] [MainThread] [root/api.py:82]: Weather API invalid JSON response: Expecting value: line 1 column 1 (char 0)
2026-09-03 17:17:44,727 [WARNING] [MainThread] [root/weather.py:565]: Error processing weather data: Weather data is empty.. Retrying fetch in 10 seconds.
2026-09-03 17:17:54,749 [ERROR] [MainThread] [root/api.py:82]: Weather API invalid JSON response: Expecting value: line 1 column 1 (char 0)
2026-09-03 17:17:54,750 [WARNING] [MainThread] [root/weather.py:565]: Error processing weather data: Weather data is empty.. Retrying fetch in 10 seconds.
2026-09-03 17:18:04,770 [ERROR] [MainThread] [root/api.py:82]: Weather API invalid JSON response: Expecting value: line 1 column 1 (char 0)
2026-09-03 17:18:04,770 [WARNING] [MainThread] [root/weather.py:565]: Error processing weather data: Weather data is empty.. Retrying fetch in 10 seconds.
2026-09-03 17:18:14,786 [ERROR] [MainThread] [root/api.py:82]: Weather API invalid JSON response: Expecting value: line 1 column 1 (char 0)
2026-09-03 17:18:14,786 [WARNING] [MainThread] [root/weather.py:565]: Error processing weather data: Weather data is empty.. Retrying fetch in 10 seconds.
2026-09-03 17:18:24,803 [ERROR] [MainThread] [root/api.py:82]: Weather API invalid JSON response: Expecting value: line 1 column 1 (char 0)
2026-09-03 17:18:24,803 [WARNING] [MainThread] [root/weather.py:565]: Error processing weather data: Weather data is empty.. Retrying fetch in 10 seconds.
2026-09-03 17:18:34,825 [ERROR] [MainThread] [root/api.py:82]: Weather API invalid JSON response: Expecting value: line 1 column 1 (char 0)
2026-09-03 17:18:34,825 [WARNING] [MainThread] [root/weather.py:565]: Error processing weather data: Weather data is empty.. Retrying fetch in 10 seconds.
2026-09-03 17:18:44,838 [ERROR] [MainThread] [root/api.py:82]: Weather API invalid JSON response: Expecting value: line 1 column 1 (char 0)
2026-09-03 17:18:44,838 [WARNING] [MainThread] [root/weather.py:565]: Error processing weather data: Weather data is empty.. Retrying fetch in 10 seconds.
2026-09-03 17:18:54,849 [ERROR] [MainThread] [root/api.py:82]: Weather API invalid JSON response: Expecting value: line 1 column 1 (char 0)
2026-09-03 17:18:54,850 [WARNING] [MainThread] [root/weather.py:565]: Error processing weather data: Weather data is empty.. Retrying fetch in 10 seconds.
2026-09-03 17:19:04,874 [ERROR] [MainThread] [root/api.py:82]: Weather API invalid JSON response: Expecting value: line 1 column 1 (char 0)
2026-09-03 17:19:04,874 [WARNING] [MainThread] [root/weather.py:565]: Error processing weather data: Weather data is empty.. Retrying fetch in 10 seconds.
2026-09-03 17:19:14,898 [ERROR] [MainThread] [root/api.py:82]: Weather API invalid JSON response: Expecting value: line 1 column 1 (char 0)
2026-09-03 17:19:14,898 [WARNING] [MainThread] [root/weather.py:565]: Error processing weather data: Weather data is empty.. Retrying fetch in 10 seconds.
2026-09-03 17:19:24,919 [ERROR] [MainThread] [root/api.py:82]: Weather API invalid JSON response: Expecting value: line 1 column 1 (char 0)
2026-09-03 17:19:24,919 [WARNING] [MainThread] [root/weather.py:565]: Error processing weather data: Weather data is empty.. Retrying fetch in 10 seconds.
2026-09-03 17:19:34,946 [ERROR] [MainThread] [root/api.py:82]: Weather API invalid JSON response: Expecting value: line 1 column 1 (char 0)
2026-09-03 17:19:34,947 [WARNING] [MainThread] [root/weather.py:565]: Error processing weather data: Weather data is empty.. Retrying fetch in 10 seconds.
2026-09-03 17:19:44,964 [ERROR] [MainThread] [root/api.py:82]: Weather API invalid JSON response: Expecting value: line 1 column 1 (char 0)
2026-09-03 17:19:44,964 [WARNING] [MainThread] [root/weather.py:565]: Error processing weather data: Weather data is empty.. Retrying fetch in 10 seconds.
2026-09-03 17:19:54,981 [ERROR] [MainThread] [root/api.py:82]: Weather API invalid JSON response: Expecting value: line 1 column 1 (char 0)
2026-09-03 17:19:54,981 [WARNING] [MainThread] [root/weather.py:565]: Error processing weather data: Weather data is empty.. Retrying fetch in 10 seconds.
2026-09-03 17:20:05,001 [ERROR] [MainThread] [root/api.py:82]: Weather API invalid JSON response: Expecting value: line 1 column 1 (char 0)
2026-09-03 17:20:05,001 [WARNING] [MainThread] [root/weather.py:565]: Error processing weather data: Weather data is empty.. Retrying fetch in 10 seconds.
2026-09-03 17:20:15,014 [ERROR] [MainThread] [root/api.py:82]: Weather API invalid JSON response: Expecting value: line 1 column 1 (char 0)
2026-09-03 17:20:15,014 [WARNING] [MainThread] [root/weather.py:565]: Error processing weather data: Weather data is empty.. Retrying fetch in 10 seconds.
2026-09-03 17:20:25,031 [ERROR] [MainThread] [root/api.py:82]: Weather API invalid JSON response: Expecting value: line 1 column 1 (char 0)
2026-09-03 17:20:25,031 [WARNING] [MainThread] [root/weather.py:565]: Error processing weather data: Weather data is empty.. Retrying fetch in 10 seconds.
2026-09-03 17:20:35,045 [ERROR] [MainThread] [root/api.py:82]: Weather API invalid JSON response: Expecting value: line 1 column 1 (char 0)
2026-09-03 17:20:35,045 [WARNING] [MainThread] [root/weather.py:565]: Error processing weather data: Weather data is empty.. Retrying fetch in 10 seconds.
2026-09-03 17:20:45,060 [ERROR] [MainThread] [root/api.py:82]: Weather API invalid JSON response: Expecting value: line 1 column 1 (char 0)
2026-09-03 17:20:45,060 [WARNING] [MainThread] [root/weather.py:565]: Error processing weather data: Weather data is empty.. Retrying fetch in 10 seconds.
2026-09-03 17:20:55,077 [ERROR] [MainThread] [root/api.py:82]: Weather API invalid JSON response: Expecting value: line 1 column 1 (char 0)
2026-09-03 17:20:55,077 [WARNING] [MainThread] [root/weather.py:565]: Error processing weather data: Weather data is empty.. Retrying fetch in 10 seconds.
2026-09-03 17:21:05,091 [ERROR] [MainThread] [root/api.py:82]: Weather API invalid JSON response: Expecting value: line 1 column 1 (char 0)
2026-09-03 17:21:05,092 [WARNING] [MainThread] [root/weather.py:565]: Error processing weather data: Weather data is empty.. Retrying fetch in 10 seconds.
2026-09-03 17:21:15,107 [ERROR] [MainThread] [root/api.py:82]: Weather API invalid JSON response: Expecting value: line 1 column 1 (char 0)
2026-09-03 17:21:15,107 [WARNING] [MainThread] [root/weather.py:565]: Error processing weather data: Weather data is empty.. Retrying fetch in 10 seconds.
2026-09-03 17:21:25,122 [ERROR] [MainThread] [root/api.py:82]: Weather API invalid JSON response: Expecting value: line 1 column 1 (char 0)
2026-09-03 17:21:25,122 [WARNING] [MainThread] [root/weather.py:565]: Error processing weather data: Weather data is empty.. Retrying fetch in 10 seconds.
2026-09-03 17:21:35,142 [ERROR] [MainThread] [root/api.py:82]: Weather API invalid JSON response: Expecting value: line 1 column 1 (char 0)
2026-09-03 17:21:35,142 [WARNING] [MainThread] [root/weather.py:565]: Error processing weather data: Weather data is empty.. Retrying fetch in 10 seconds.
2026-09-03 17:21:45,150 [ERROR] [MainThread] [root/api.py:82]: Weather API invalid JSON response: Expecting value: line 1 column 1 (char 0)
2026-09-03 17:21:45,151 [WARNING] [MainThread] [root/weather.py:565]: Error processing weather data: Weather data is empty.. Retrying fetch in 10 seconds.
2026-09-03 17:21:55,170 [ERROR] [MainThread] [root/api.py:82]: Weather API invalid JSON response: Expecting value: line 1 column 1 (char 0)
2026-09-03 17:21:55,170 [WARNING] [MainThread] [root/weather.py:565]: Error processing weather data: Weather data is empty.. Retrying fetch in 10 seconds.
2026-09-03 17:22:05,180 [ERROR] [MainThread] [root/api.py:82]: Weather API invalid JSON response: Expecting value: line 1 column 1 (char 0)
2026-09-03 17:22:05,180 [WARNING] [MainThread] [root/weather.py:565]: Error processing weather data: Weather data is empty.. Retrying fetch in 10 seconds.
2026-09-03 17:22:15,195 [ERROR] [MainThread] [root/api.py:82]: Weather API invalid JSON response: Expecting value: line 1 column 1 (char 0)
2026-09-03 17:22:15,195 [WARNING] [MainThread] [root/weather.py:565]: Error processing weather data: Weather data is empty.. Retrying fetch in 10 seconds.
2026-09-03 17:22:25,210 [ERROR] [MainThread] [root/api.py:82]: Weather API invalid JSON response: Expecting value: line 1 column 1 (char 0)
2026-09-03 17:22:25,210 [WARNING] [MainThread] [root/weather.py:565]: Error processing weather data: Weather data is empty.. Retrying fetch in 10 seconds.
2026-09-03 17:22:35,226 [ERROR] [MainThread] [root/api.py:82]: Weather API invalid JSON response: Expecting value: line 1 column 1 (char 0)
2026-09-03 17:22:35,226 [WARNING] [MainThread] [root/weather.py:565]: Error processing weather data: Weather data is empty.. Retrying fetch in 10 seconds.
2026-09-03 17:22:45,240 [ERROR] [MainThread] [root/api.py:82]: Weather API invalid JSON response: Expecting value: line 1 column 1 (char 0)
2026-09-03 17:22:45,240 [WARNING] [MainThread] [root/weather.py:565]: Error processing weather data: Weather data is empty.. Retrying fetch in 10 seconds.
2026-09-03 17:22:55,258 [ERROR] [MainThread] [root/api.py:82]: Weather API invalid JSON response: Expecting value: line 1 column 1 (char 0)
2026-09-03 17:22:55,258 [WARNING] [MainThread] [root/weather.py:565]: Error processing weather data: Weather data is empty.. Retrying fetch in 10 seconds.
2026-09-03 17:23:05,270 [ERROR] [MainThread] [root/api.py:82]: Weather API invalid JSON response: Expecting value: line 1 column 1 (char 0)
2026-09-03 17:23:05,270 [WARNING] [MainThread] [root/weather.py:565]: Error processing weather data: Weather data is empty.. Retrying fetch in 10 seconds.
2026-09-03 17:23:15,293 [ERROR] [MainThread] [root/api.py:82]: Weather API invalid JSON response: Expecting value: line 1 column 1 (char 0)
2026-09-03 17:23:15,293 [WARNING] [MainThread] [root/weather.py:565]: Error processing weather data: Weather data is empty.. Retrying fetch in 10 seconds.
2026-09-03 17:23:23,772 [ERROR] [MainThread] [root/api.py:82]: Weather API invalid JSON response: Expecting value: line 1 column 1 (char 0)
2026-09-03 17:23:25,303 [ERROR] [MainThread] [root/api.py:82]: Weather API invalid JSON response: Expecting value: line 1 column 1 (char 0)
2026-09-03 17:23:25,303 [WARNING] [MainThread] [root/weather.py:565]: Error processing weather data: Weather data is empty.. Retrying fetch in 10 seconds.
2026-09-03 17:23:35,323 [ERROR] [MainThread] [root/api.py:82]: Weather API invalid JSON response: Expecting value: line 1 column 1 (char 0)
2026-09-03 17:23:35,323 [WARNING] [MainThread] [root/weather.py:565]: Error processing weather data: Weather data is empty.. Retrying fetch in 10 seconds.
2026-09-03 17:23:45,330 [ERROR] [MainThread] [root/api.py:82]: Weather API invalid JSON response: Expecting value: line 1 column 1 (char 0)
2026-09-03 17:23:45,330 [WARNING] [MainThread] [root/weather.py:565]: Error processing weather data: Weather data is empty.. Retrying fetch in 10 seconds.
2026-09-03 17:23:55,350 [ERROR] [MainThread] [root/api.py:82]: Weather API invalid JSON response: Expecting value: line 1 column 1 (char 0)
2026-09-03 17:23:55,350 [WARNING] [MainThread] [root/weather.py:565]: Error processing weather data: Weather data is empty.. Retrying fetch in 10 seconds.
2026-09-03 17:24:05,363 [ERROR] [MainThread] [root/api.py:82]: Weather API invalid JSON response: Expecting value: line 1 column 1 (char 0)
2026-09-03 17:24:05,363 [WARNING] [MainThread] [root/weather.py:565]: Error processing weather data: Weather data is empty.. Retrying fetch in 10 seconds.
2026-09-03 17:24:15,376 [ERROR] [MainThread] [root/api.py:82]: Weather API invalid JSON response: Expecting value: line 1 column 1 (char 0)
2026-09-03 17:24:15,377 [WARNING] [MainThread] [root/weather.py:565]: Error processing weather data: Weather data is empty.. Retrying fetch in 10 seconds.
2026-09-03 17:24:25,401 [ERROR] [MainThread] [root/api.py:82]: Weather API invalid JSON response: Expecting value: line 1 column 1 (char 0)
2026-09-03 17:24:25,401 [WARNING] [MainThread] [root/weather.py:565]: Error processing weather data: Weather data is empty.. Retrying fetch in 10 seconds.
2026-09-03 17:24:35,425 [ERROR] [MainThread] [root/api.py:82]: Weather API invalid JSON response: Expecting value: line 1 column 1 (char 0)
2026-09-03 17:24:35,425 [WARNING] [MainThread] [root/weather.py:565]: Error processing weather data: Weather data is empty.. Retrying fetch in 10 seconds.
2026-09-03 17:24:45,442 [ERROR] [MainThread] [root/api.py:82]: Weather API invalid JSON response: Expecting value: line 1 column 1 (char 0)
2026-09-03 17:24:45,442 [WARNING] [MainThread] [root/weather.py:565]: Error processing weather data: Weather data is empty.. Retrying fetch in 10 seconds.
2026-09-03 17:24:55,465 [ERROR] [MainThread] [root/api.py:82]: Weather API invalid JSON response: Expecting value: line 1 column 1 (char 0)
2026-09-03 17:24:55,466 [WARNING] [MainThread] [root/weather.py:565]: Error processing weather data: Weather data is empty.. Retrying fetch in 10 seconds.
2026-09-03 17:25:05,482 [ERROR] [MainThread] [root/api.py:82]: Weather API invalid JSON response: Expecting value: line 1 column 1 (char 0)
2026-09-03 17:25:05,482 [WARNING] [MainThread] [root/weather.py:565]: Error processing weather data: Weather data is empty.. Retrying fetch in 10 seconds.
2026-09-03 17:25:15,501 [ERROR] [MainThread] [root/api.py:82]: Weather API invalid JSON response: Expecting value: line 1 column 1 (char 0)
2026-09-03 17:25:15,501 [WARNING] [MainThread] [root/weather.py:565]: Error processing weather data: Weather data is empty.. Retrying fetch in 10 seconds.
2026-09-03 17:25:25,512 [ERROR] [MainThread] [root/api.py:82]: Weather API invalid JSON response: Expecting value: line 1 column 1 (char 0)
2026-09-03 17:25:25,512 [WARNING] [MainThread] [root/weather.py:565]: Error processing weather data: Weather data is empty.. Retrying fetch in 10 seconds.
2026-09-03 17:25:35,526 [ERROR] [MainThread] [root/api.py:82]: Weather API invalid JSON response: Expecting value: line 1 column 1 (char 0)
2026-09-03 17:25:35,527 [WARNING] [MainThread] [root/weather.py:565]: Error processing weather data: Weather data is empty.. Retrying fetch in 10 seconds.
2026-09-03 17:25:45,541 [ERROR] [MainThread] [root/api.py:82]: Weather API invalid JSON response: Expecting value: line 1 column 1 (char 0)
2026-09-03 17:25:45,541 [WARNING] [MainThread] [root/weather.py:565]: Error processing weather data: Weather data is empty.. Retrying fetch in 10 seconds.
2026-09-03 17:25:55,559 [ERROR] [MainThread] [root/api.py:82]: Weather API invalid JSON response: Expecting value: line 1 column 1 (char 0)
2026-09-03 17:25:55,559 [WARNING] [MainThread] [root/weather.py:565]: Error processing weather data: Weather data is empty.. Retrying fetch in 10 seconds.
2026-09-03 17:26:05,571 [ERROR] [MainThread] [root/api.py:82]: Weather API invalid JSON response: Expecting value: line 1 column 1 (char 0)
2026-09-03 17:26:05,572 [WARNING] [MainThread] [root/weather.py:565]: Error processing weather data: Weather data is empty.. Retrying fetch in 10 seconds.
2026-09-03 17:26:15,587 [ERROR] [MainThread] [root/api.py:82]: Weather API invalid JSON response: Expecting value: line 1 column 1 (char 0)
2026-09-03 17:26:15,587 [WARNING] [MainThread] [root/weather.py:565]: Error processing weather data: Weather data is empty.. Retrying fetch in 10 seconds.
2026-09-03 17:26:25,601 [ERROR] [MainThread] [root/api.py:82]: Weather API invalid JSON response: Expecting value: line 1 column 1 (char 0)
2026-09-03 17:26:25,601 [WARNING] [MainThread] [root/weather.py:565]: Error processing weather data: Weather data is empty.. Retrying fetch in 10 seconds.
2026-09-03 17:26:35,618 [ERROR] [MainThread] [root/api.py:82]: Weather API invalid JSON response: Expecting value: line 1 column 1 (char 0)
2026-09-03 17:26:35,618 [WARNING] [MainThread] [root/weather.py:565]: Error processing weather data: Weather data is empty.. Retrying fetch in 10 seconds.
2026-09-03 17:26:45,635 [ERROR] [MainThread] [root/api.py:82]: Weather API invalid JSON response: Expecting value: line 1 column 1 (char 0)
2026-09-03 17:26:45,635 [WARNING] [MainThread] [root/weather.py:565]: Error processing weather data: Weather data is empty.. Retrying fetch in 10 seconds.
2026-09-03 17:26:55,651 [ERROR] [MainThread] [root/api.py:82]: Weather API invalid JSON response: Expecting value: line 1 column 1 (char 0)
2026-09-03 17:26:55,651 [WARNING] [MainThread] [root/weather.py:565]: Error processing weather data: Weather data is empty.. Retrying fetch in 10 seconds.
2026-09-03 17:27:05,695 [ERROR] [MainThread] [root/api.py:82]: Weather API invalid JSON response: Expecting value: line 1 column 1 (char 0)
2026-09-03 17:27:05,695 [WARNING] [MainThread] [root/weather.py:565]: Error processing weather data: Weather data is empty.. Retrying fetch in 10 seconds.
2026-09-03 17:27:15,709 [ERROR] [MainThread] [root/api.py:82]: Weather API invalid JSON response: Expecting value: line 1 column 1 (char 0)
2026-09-03 17:27:15,709 [WARNING] [MainThread] [root/weather.py:565]: Error processing weather data: Weather data is empty.. Retrying fetch in 10 seconds.
2026-09-03 17:27:25,725 [ERROR] [MainThread] [root/api.py:82]: Weather API invalid JSON response: Expecting value: line 1 column 1 (char 0)
2026-09-03 17:27:25,725 [WARNING] [MainThread] [root/weather.py:565]: Error processing weather data: Weather data is empty.. Retrying fetch in 10 seconds.
2026-09-03 17:27:35,739 [ERROR] [MainThread] [root/api.py:82]: Weather API invalid JSON response: Expecting value: line 1 column 1 (char 0)
2026-09-03 17:27:35,740 [WARNING] [MainThread] [root/weather.py:565]: Error processing weather data: Weather data is empty.. Retrying fetch in 10 seconds.
2026-09-03 17:27:45,756 [ERROR] [MainThread] [root/api.py:82]: Weather API invalid JSON response: Expecting value: line 1 column 1 (char 0)
2026-09-03 17:27:45,756 [WARNING] [MainThread] [root/weather.py:565]: Error processing weather data: Weather data is empty.. Retrying fetch in 10 seconds.
2026-09-03 17:27:55,770 [ERROR] [MainThread] [root/api.py:82]: Weather API invalid JSON response: Expecting value: line 1 column 1 (char 0)
2026-09-03 17:27:55,770 [WARNING] [MainThread] [root/weather.py:565]: Error processing weather data: Weather data is empty.. Retrying fetch in 10 seconds.
2026-09-03 17:28:05,786 [ERROR] [MainThread] [root/api.py:82]: Weather API invalid JSON response: Expecting value: line 1 column 1 (char 0)
2026-09-03 17:28:05,787 [WARNING] [MainThread] [root/weather.py:565]: Error processing weather data: Weather data is empty.. Retrying fetch in 10 seconds.
2026-09-03 17:28:15,801 [ERROR] [MainThread] [root/api.py:82]: Weather API invalid JSON response: Expecting value: line 1 column 1 (char 0)
2026-09-03 17:28:15,801 [WARNING] [MainThread] [root/weather.py:565]: Error processing weather data: Weather data is empty.. Retrying fetch in 10 seconds.
2026-09-03 17:28:25,815 [ERROR] [MainThread] [root/api.py:82]: Weather API invalid JSON response: Expecting value: line 1 column 1 (char 0)
2026-09-03 17:28:25,815 [WARNING] [MainThread] [root/weather.py:565]: Error processing weather data: Weather data is empty.. Retrying fetch in 10 seconds.
2026-09-03 17:28:35,833 [ERROR] [MainThread] [root/api.py:82]: Weather API invalid JSON response: Expecting value: line 1 column 1 (char 0)
2026-09-03 17:28:35,833 [WARNING] [MainThread] [root/weather.py:565]: Error processing weather data: Weather data is empty.. Retrying fetch in 10 seconds.
2026-09-03 17:28:45,843 [ERROR] [MainThread] [root/api.py:82]: Weather API invalid JSON response: Expecting value: line 1 column 1 (char 0)
2026-09-03 17:28:45,843 [WARNING] [MainThread] [root/weather.py:565]: Error processing weather data: Weather data is empty.. Retrying fetch in 10 seconds.
2026-09-03 17:28:55,858 [ERROR] [MainThread] [root/api.py:82]: Weather API invalid JSON response: Expecting value: line 1 column 1 (char 0)
2026-09-03 17:28:55,858 [WARNING] [MainThread] [root/weather.py:565]: Error processing weather data: Weather data is empty.. Retrying fetch in 10 seconds.
2026-09-03 17:29:05,875 [ERROR] [MainThread] [root/api.py:82]: Weather API invalid JSON response: Expecting value: line 1 column 1 (char 0)
2026-09-03 17:29:05,876 [WARNING] [MainThread] [root/weather.py:565]: Error processing weather data: Weather data is empty.. Retrying fetch in 10 seconds.
2026-09-03 17:29:15,887 [ERROR] [MainThread] [root/api.py:82]: Weather API invalid JSON response: Expecting value: line 1 column 1 (char 0)
2026-09-03 17:29:15,888 [WARNING] [MainThread] [root/weather.py:565]: Error processing weather data: Weather data is empty.. Retrying fetch in 10 seconds.
2026-09-03 17:29:25,902 [ERROR] [MainThread] [root/api.py:82]: Weather API invalid JSON response: Expecting value: line 1 column 1 (char 0)
2026-09-03 17:29:25,903 [WARNING] [MainThread] [root/weather.py:565]: Error processing weather data: Weather data is empty.. Retrying fetch in 10 seconds.
2026-09-03 17:29:35,919 [ERROR] [MainThread] [root/api.py:82]: Weather API invalid JSON response: Expecting value: line 1 column 1 (char 0)
2026-09-03 17:29:35,919 [WARNING] [MainThread] [root/weather.py:565]: Error processing weather data: Weather data is empty.. Retrying fetch in 10 seconds.
2026-09-03 17:29:45,934 [ERROR] [MainThread] [root/api.py:82]: Weather API invalid JSON response: Expecting value: line 1 column 1 (char 0)
2026-09-03 17:29:45,934 [WARNING] [MainThread] [root/weather.py:565]: Error processing weather data: Weather data is empty.. Retrying fetch in 10 seconds.
2026-09-03 17:29:46,226 [INFO] [CLIPipeServer] [cli_server/cli_server.py:257]: CLI server received command: stop
2026-09-03 17:29:46,226 [INFO] [CLIPipeServer] [root/controller.py:43]: Exiting Application from CLI...
2026-09-03 17:29:46,328 [INFO] [CLIPipeServer] [cli_server/cli_server.py:114]: Log pipe server stopped
2026-09-03 17:29:46,375 [INFO] [MainThread] [root/bar_manager.py:119]: Stopping SystemEventListener...
2026-09-03 17:29:47,227 [INFO] [MainThread] [root/log.py:104]: YASB v2.0.6
2026-09-03 17:29:47,227 [INFO] [CLIPipeServer] [cli_server/cli_server.py:216]: CLI server started v1.1.7
2026-09-03 17:29:47,228 [INFO] [MainThread] [cli_server/cli_server.py:106]: Log pipe server started
2026-09-03 17:29:47,466 [INFO] [MainThread] [root/service.py:52]: AudioOutputService starting...
2026-09-03 17:29:48,091 [INFO] [MainThread] [taskbar_window_manager/window_manager.py:178]: TaskbarWindowManager is starting...
2026-09-03 17:29:48,098 [INFO] [MainThread] [root/bar_manager.py:238]: Starting HotkeyListener...
2026-09-03 17:29:48,098 [INFO] [MainThread] [root/bar_manager.py:103]: Starting WindowsNotificationEventListener...
2026-09-03 17:29:48,098 [INFO] [MainThread] [root/bar_manager.py:103]: Starting KomorebiEventListener...
2026-09-03 17:29:48,099 [INFO] [Dummy-8] [root/event_listener.py:54]: Created named pipe yasb-4c44d8fd-a7ac-11f1-af94-00d86114443b
2026-09-03 17:29:48,100 [INFO] [MainThread] [root/watcher.py:65]: Watching directory: c:\users\doria\.config\yasb
2026-09-03 17:29:48,100 [INFO] [MainThread] [root/watcher.py:104]: Created file watcher
2026-09-03 17:29:48,113 [INFO] [MainThread] [root/update_service.py:434]: Background update checker started
2026-09-03 17:29:48,120 [INFO] [Dummy-13] [root/windows_notification.py:161]: Notification service started (WNF_SHEL_NOTIFICATION_TOTAL)
2026-09-03 17:29:48,165 [ERROR] [Dummy-8] [root/event_listener.py:100]: Komorebi has disconnected from the named pipe yasb-4c44d8fd-a7ac-11f1-af94-00d86114443b
Traceback (most recent call last):
  File "D:\a\yasb\yasb\src\core\widgets\services\komorebi\event_listener.py", line 69, in run
  File "D:\a\yasb\yasb\src\core\widgets\services\komorebi\event_listener.py", line 130, in _wait_until_komorebi_online
UnicodeDecodeError: 'utf-8' codec can't decode byte 0x82 in position 91: invalid start byte
2026-09-03 17:29:48,167 [INFO] [Dummy-8] [root/event_listener.py:107]: Attempting to reconnect to Komorebi...
2026-09-03 17:29:51,167 [INFO] [Dummy-8] [root/event_listener.py:54]: Created named pipe yasb-4c44d8fd-a7ac-11f1-af94-00d86114443b
2026-09-03 17:29:51,224 [ERROR] [Dummy-8] [root/event_listener.py:100]: Komorebi has disconnected from the named pipe yasb-4c44d8fd-a7ac-11f1-af94-00d86114443b
Traceback (most recent call last):
  File "D:\a\yasb\yasb\src\core\widgets\services\komorebi\event_listener.py", line 69, in run
  File "D:\a\yasb\yasb\src\core\widgets\services\komorebi\event_listener.py", line 130, in _wait_until_komorebi_online
UnicodeDecodeError: 'utf-8' codec can't decode byte 0x82 in position 91: invalid start byte
2026-09-03 17:29:51,226 [INFO] [Dummy-8] [root/event_listener.py:107]: Attempting to reconnect to Komorebi...
2026-09-03 17:29:54,225 [INFO] [Dummy-8] [root/event_listener.py:54]: Created named pipe yasb-4c44d8fd-a7ac-11f1-af94-00d86114443b
2026-09-03 17:29:54,279 [ERROR] [Dummy-8] [root/event_listener.py:100]: Komorebi has disconnected from the named pipe yasb-4c44d8fd-a7ac-11f1-af94-00d86114443b
Traceback (most recent call last):
  File "D:\a\yasb\yasb\src\core\widgets\services\komorebi\event_listener.py", line 69, in run
  File "D:\a\yasb\yasb\src\core\widgets\services\komorebi\event_listener.py", line 130, in _wait_until_komorebi_online
UnicodeDecodeError: 'utf-8' codec can't decode byte 0x82 in position 91: invalid start byte
2026-09-03 17:29:54,281 [INFO] [Dummy-8] [root/event_listener.py:107]: Attempting to reconnect to Komorebi...
2026-09-03 17:29:55,482 [INFO] [CLIPipeServer] [cli_server/cli_server.py:257]: CLI server received command: stop
2026-09-03 17:29:55,482 [INFO] [CLIPipeServer] [root/controller.py:43]: Exiting Application from CLI...
2026-09-03 17:29:55,593 [INFO] [CLIPipeServer] [cli_server/cli_server.py:114]: Log pipe server stopped
2026-09-03 17:29:55,657 [INFO] [MainThread] [root/bar_manager.py:111]: Stopping HotkeyListener...
2026-09-03 17:29:55,657 [INFO] [MainThread] [root/bar_manager.py:119]: Stopping WindowsNotificationEventListener...
2026-09-03 17:29:55,658 [INFO] [Dummy-13] [root/windows_notification.py:97]: Notification service stopped
2026-09-03 17:29:55,659 [INFO] [MainThread] [root/bar_manager.py:119]: Stopping KomorebiEventListener...
2026-09-03 17:29:55,660 [INFO] [MainThread] [taskbar_window_manager/window_manager.py:205]: TaskbarWindowManager stopped
2026-09-03 17:29:56,169 [INFO] [MainThread] [root/log.py:104]: YASB v2.0.6
2026-09-03 17:29:56,170 [INFO] [CLIPipeServer] [cli_server/cli_server.py:216]: CLI server started v1.1.7
2026-09-03 17:29:56,170 [INFO] [MainThread] [cli_server/cli_server.py:106]: Log pipe server started
2026-09-03 17:29:56,405 [INFO] [MainThread] [root/service.py:52]: AudioOutputService starting...
2026-09-03 17:29:57,016 [INFO] [MainThread] [taskbar_window_manager/window_manager.py:178]: TaskbarWindowManager is starting...
2026-09-03 17:29:57,023 [INFO] [MainThread] [root/bar_manager.py:238]: Starting HotkeyListener...
2026-09-03 17:29:57,024 [INFO] [MainThread] [root/bar_manager.py:103]: Starting WindowsNotificationEventListener...
2026-09-03 17:29:57,024 [INFO] [MainThread] [root/bar_manager.py:103]: Starting KomorebiEventListener...
2026-09-03 17:29:57,025 [INFO] [Dummy-8] [root/event_listener.py:54]: Created named pipe yasb-5196c2fb-a7ac-11f1-a556-00d86114443b
2026-09-03 17:29:57,026 [INFO] [MainThread] [root/watcher.py:65]: Watching directory: c:\users\doria\.config\yasb
2026-09-03 17:29:57,026 [INFO] [MainThread] [root/watcher.py:104]: Created file watcher
2026-09-03 17:29:57,039 [INFO] [MainThread] [root/update_service.py:434]: Background update checker started
2026-09-03 17:29:57,045 [INFO] [Dummy-12] [root/windows_notification.py:161]: Notification service started (WNF_SHEL_NOTIFICATION_TOTAL)
2026-09-03 17:29:57,083 [ERROR] [Dummy-8] [root/event_listener.py:100]: Komorebi has disconnected from the named pipe yasb-5196c2fb-a7ac-11f1-a556-00d86114443b
Traceback (most recent call last):
  File "D:\a\yasb\yasb\src\core\widgets\services\komorebi\event_listener.py", line 69, in run
  File "D:\a\yasb\yasb\src\core\widgets\services\komorebi\event_listener.py", line 130, in _wait_until_komorebi_online
UnicodeDecodeError: 'utf-8' codec can't decode byte 0x82 in position 91: invalid start byte
2026-09-03 17:29:57,085 [INFO] [Dummy-8] [root/event_listener.py:107]: Attempting to reconnect to Komorebi...
2026-09-03 17:30:00,086 [INFO] [Dummy-8] [root/event_listener.py:54]: Created named pipe yasb-5196c2fb-a7ac-11f1-a556-00d86114443b
2026-09-03 17:30:00,144 [ERROR] [Dummy-8] [root/event_listener.py:100]: Komorebi has disconnected from the named pipe yasb-5196c2fb-a7ac-11f1-a556-00d86114443b
Traceback (most recent call last):
  File "D:\a\yasb\yasb\src\core\widgets\services\komorebi\event_listener.py", line 69, in run
  File "D:\a\yasb\yasb\src\core\widgets\services\komorebi\event_listener.py", line 130, in _wait_until_komorebi_online
UnicodeDecodeError: 'utf-8' codec can't decode byte 0x82 in position 91: invalid start byte
2026-09-03 17:30:00,146 [INFO] [Dummy-8] [root/event_listener.py:107]: Attempting to reconnect to Komorebi...
2026-09-03 17:30:03,146 [INFO] [Dummy-8] [root/event_listener.py:54]: Created named pipe yasb-5196c2fb-a7ac-11f1-a556-00d86114443b
2026-09-03 17:30:03,200 [ERROR] [Dummy-8] [root/event_listener.py:100]: Komorebi has disconnected from the named pipe yasb-5196c2fb-a7ac-11f1-a556-00d86114443b
Traceback (most recent call last):
  File "D:\a\yasb\yasb\src\core\widgets\services\komorebi\event_listener.py", line 69, in run
  File "D:\a\yasb\yasb\src\core\widgets\services\komorebi\event_listener.py", line 130, in _wait_until_komorebi_online
UnicodeDecodeError: 'utf-8' codec can't decode byte 0x82 in position 91: invalid start byte
2026-09-03 17:30:03,202 [INFO] [Dummy-8] [root/event_listener.py:107]: Attempting to reconnect to Komorebi...
2026-09-03 17:30:06,202 [INFO] [Dummy-8] [root/event_listener.py:54]: Created named pipe yasb-5196c2fb-a7ac-11f1-a556-00d86114443b
2026-09-03 17:30:06,258 [ERROR] [Dummy-8] [root/event_listener.py:100]: Komorebi has disconnected from the named pipe yasb-5196c2fb-a7ac-11f1-a556-00d86114443b
Traceback (most recent call last):
  File "D:\a\yasb\yasb\src\core\widgets\services\komorebi\event_listener.py", line 69, in run
  File "D:\a\yasb\yasb\src\core\widgets\services\komorebi\event_listener.py", line 130, in _wait_until_komorebi_online
UnicodeDecodeError: 'utf-8' codec can't decode byte 0x82 in position 91: invalid start byte
2026-09-03 17:30:06,260 [INFO] [Dummy-8] [root/event_listener.py:107]: Attempting to reconnect to Komorebi...
2026-09-03 17:30:06,676 [INFO] [CLIPipeServer] [cli_server/cli_server.py:257]: CLI server received command: stop
2026-09-03 17:30:06,676 [INFO] [CLIPipeServer] [root/controller.py:43]: Exiting Application from CLI...
2026-09-03 17:30:06,778 [INFO] [CLIPipeServer] [cli_server/cli_server.py:114]: Log pipe server stopped
2026-09-03 17:30:06,827 [INFO] [MainThread] [root/bar_manager.py:111]: Stopping HotkeyListener...
2026-09-03 17:30:06,827 [INFO] [MainThread] [root/bar_manager.py:119]: Stopping WindowsNotificationEventListener...
2026-09-03 17:30:06,828 [INFO] [Dummy-12] [root/windows_notification.py:97]: Notification service stopped
2026-09-03 17:30:06,828 [INFO] [MainThread] [root/bar_manager.py:119]: Stopping KomorebiEventListener...
2026-09-03 17:30:06,829 [INFO] [MainThread] [taskbar_window_manager/window_manager.py:205]: TaskbarWindowManager stopped
2026-09-03 17:30:07,706 [INFO] [MainThread] [root/log.py:104]: YASB v2.0.6
2026-09-03 17:30:07,707 [INFO] [CLIPipeServer] [cli_server/cli_server.py:216]: CLI server started v1.1.7
2026-09-03 17:30:07,707 [INFO] [MainThread] [cli_server/cli_server.py:106]: Log pipe server started
2026-09-03 17:30:08,314 [INFO] [MainThread] [root/service.py:52]: AudioOutputService starting...
2026-09-03 17:30:08,422 [INFO] [MainThread] [root/bar_manager.py:238]: Starting HotkeyListener...
2026-09-03 17:30:08,422 [INFO] [MainThread] [root/bar_manager.py:103]: Starting KomorebiEventListener...
2026-09-03 17:30:08,422 [INFO] [MainThread] [root/bar_manager.py:103]: Starting SystemEventListener...
2026-09-03 17:30:08,422 [INFO] [MainThread] [root/bar_manager.py:103]: Starting WindowsNotificationEventListener...
2026-09-03 17:30:08,424 [INFO] [MainThread] [root/watcher.py:65]: Watching directory: c:\users\doria\.config\yasb
2026-09-03 17:30:08,424 [INFO] [MainThread] [root/watcher.py:104]: Created file watcher
2026-09-03 17:30:08,426 [INFO] [Dummy-10] [root/event_listener.py:54]: Created named pipe yasb-5861fc19-a7ac-11f1-b603-00d86114443b
2026-09-03 17:30:08,432 [INFO] [MainThread] [system_colors/system_colors.py:59]: System Colors Service started.
2026-09-03 17:30:08,445 [INFO] [Dummy-11] [root/windows_notification.py:161]: Notification service started (WNF_SHEL_NOTIFICATION_TOTAL)
2026-09-03 17:30:08,445 [INFO] [MainThread] [root/update_service.py:434]: Background update checker started
2026-09-03 17:30:08,486 [ERROR] [Dummy-10] [root/event_listener.py:100]: Komorebi has disconnected from the named pipe yasb-5861fc19-a7ac-11f1-b603-00d86114443b
Traceback (most recent call last):
  File "D:\a\yasb\yasb\src\core\widgets\services\komorebi\event_listener.py", line 69, in run
  File "D:\a\yasb\yasb\src\core\widgets\services\komorebi\event_listener.py", line 130, in _wait_until_komorebi_online
UnicodeDecodeError: 'utf-8' codec can't decode byte 0x82 in position 91: invalid start byte
2026-09-03 17:30:08,489 [INFO] [Dummy-10] [root/event_listener.py:107]: Attempting to reconnect to Komorebi...
2026-09-03 17:30:11,489 [INFO] [Dummy-10] [root/event_listener.py:54]: Created named pipe yasb-5861fc19-a7ac-11f1-b603-00d86114443b
2026-09-03 17:30:11,547 [ERROR] [Dummy-10] [root/event_listener.py:100]: Komorebi has disconnected from the named pipe yasb-5861fc19-a7ac-11f1-b603-00d86114443b
Traceback (most recent call last):
  File "D:\a\yasb\yasb\src\core\widgets\services\komorebi\event_listener.py", line 69, in run
  File "D:\a\yasb\yasb\src\core\widgets\services\komorebi\event_listener.py", line 130, in _wait_until_komorebi_online
UnicodeDecodeError: 'utf-8' codec can't decode byte 0x82 in position 91: invalid start byte
2026-09-03 17:30:11,548 [INFO] [Dummy-10] [root/event_listener.py:107]: Attempting to reconnect to Komorebi...
2026-09-03 17:30:14,556 [INFO] [Dummy-10] [root/event_listener.py:54]: Created named pipe yasb-5861fc19-a7ac-11f1-b603-00d86114443b
2026-09-03 17:30:14,618 [ERROR] [Dummy-10] [root/event_listener.py:100]: Komorebi has disconnected from the named pipe yasb-5861fc19-a7ac-11f1-b603-00d86114443b
Traceback (most recent call last):
  File "D:\a\yasb\yasb\src\core\widgets\services\komorebi\event_listener.py", line 69, in run
  File "D:\a\yasb\yasb\src\core\widgets\services\komorebi\event_listener.py", line 130, in _wait_until_komorebi_online
UnicodeDecodeError: 'utf-8' codec can't decode byte 0x82 in position 91: invalid start byte
2026-09-03 17:30:14,620 [INFO] [Dummy-10] [root/event_listener.py:107]: Attempting to reconnect to Komorebi...
2026-09-03 17:30:17,632 [INFO] [Dummy-10] [root/event_listener.py:54]: Created named pipe yasb-5861fc19-a7ac-11f1-b603-00d86114443b
2026-09-03 17:30:17,684 [ERROR] [Dummy-10] [root/event_listener.py:100]: Komorebi has disconnected from the named pipe yasb-5861fc19-a7ac-11f1-b603-00d86114443b
Traceback (most recent call last):
  File "D:\a\yasb\yasb\src\core\widgets\services\komorebi\event_listener.py", line 69, in run
  File "D:\a\yasb\yasb\src\core\widgets\services\komorebi\event_listener.py", line 130, in _wait_until_komorebi_online
UnicodeDecodeError: 'utf-8' codec can't decode byte 0x82 in position 91: invalid start byte
2026-09-03 17:30:17,686 [INFO] [Dummy-10] [root/event_listener.py:107]: Attempting to reconnect to Komorebi...
2026-09-03 17:30:20,697 [INFO] [Dummy-10] [root/event_listener.py:54]: Created named pipe yasb-5861fc19-a7ac-11f1-b603-00d86114443b
2026-09-03 17:30:20,749 [ERROR] [Dummy-10] [root/event_listener.py:100]: Komorebi has disconnected from the named pipe yasb-5861fc19-a7ac-11f1-b603-00d86114443b
Traceback (most recent call last):
  File "D:\a\yasb\yasb\src\core\widgets\services\komorebi\event_listener.py", line 69, in run
  File "D:\a\yasb\yasb\src\core\widgets\services\komorebi\event_listener.py", line 130, in _wait_until_komorebi_online
UnicodeDecodeError: 'utf-8' codec can't decode byte 0x82 in position 91: invalid start byte
2026-09-03 17:30:20,751 [INFO] [Dummy-10] [root/event_listener.py:107]: Attempting to reconnect to Komorebi...
2026-09-03 17:30:23,763 [INFO] [Dummy-10] [root/event_listener.py:54]: Created named pipe yasb-5861fc19-a7ac-11f1-b603-00d86114443b
2026-09-03 17:30:23,832 [ERROR] [Dummy-10] [root/event_listener.py:100]: Komorebi has disconnected from the named pipe yasb-5861fc19-a7ac-11f1-b603-00d86114443b
Traceback (most recent call last):
  File "D:\a\yasb\yasb\src\core\widgets\services\komorebi\event_listener.py", line 69, in run
  File "D:\a\yasb\yasb\src\core\widgets\services\komorebi\event_listener.py", line 130, in _wait_until_komorebi_online
UnicodeDecodeError: 'utf-8' codec can't decode byte 0x82 in position 91: invalid start byte
2026-09-03 17:30:23,834 [INFO] [Dummy-10] [root/event_listener.py:107]: Attempting to reconnect to Komorebi...
2026-09-03 17:30:26,834 [INFO] [Dummy-10] [root/event_listener.py:54]: Created named pipe yasb-5861fc19-a7ac-11f1-b603-00d86114443b
2026-09-03 17:30:26,889 [ERROR] [Dummy-10] [root/event_listener.py:100]: Komorebi has disconnected from the named pipe yasb-5861fc19-a7ac-11f1-b603-00d86114443b
Traceback (most recent call last):
  File "D:\a\yasb\yasb\src\core\widgets\services\komorebi\event_listener.py", line 69, in run
  File "D:\a\yasb\yasb\src\core\widgets\services\komorebi\event_listener.py", line 130, in _wait_until_komorebi_online
UnicodeDecodeError: 'utf-8' codec can't decode byte 0x82 in position 91: invalid start byte
2026-09-03 17:30:26,891 [INFO] [Dummy-10] [root/event_listener.py:107]: Attempting to reconnect to Komorebi...
2026-09-03 17:30:29,895 [INFO] [Dummy-10] [root/event_listener.py:54]: Created named pipe yasb-5861fc19-a7ac-11f1-b603-00d86114443b
2026-09-03 17:30:29,948 [ERROR] [Dummy-10] [root/event_listener.py:100]: Komorebi has disconnected from the named pipe yasb-5861fc19-a7ac-11f1-b603-00d86114443b
Traceback (most recent call last):
  File "D:\a\yasb\yasb\src\core\widgets\services\komorebi\event_listener.py", line 69, in run
  File "D:\a\yasb\yasb\src\core\widgets\services\komorebi\event_listener.py", line 130, in _wait_until_komorebi_online
UnicodeDecodeError: 'utf-8' codec can't decode byte 0x82 in position 91: invalid start byte
2026-09-03 17:30:29,950 [INFO] [Dummy-10] [root/event_listener.py:107]: Attempting to reconnect to Komorebi...
2026-09-03 17:30:32,963 [INFO] [Dummy-10] [root/event_listener.py:54]: Created named pipe yasb-5861fc19-a7ac-11f1-b603-00d86114443b
2026-09-03 17:30:33,019 [ERROR] [Dummy-10] [root/event_listener.py:100]: Komorebi has disconnected from the named pipe yasb-5861fc19-a7ac-11f1-b603-00d86114443b
Traceback (most recent call last):
  File "D:\a\yasb\yasb\src\core\widgets\services\komorebi\event_listener.py", line 69, in run
  File "D:\a\yasb\yasb\src\core\widgets\services\komorebi\event_listener.py", line 130, in _wait_until_komorebi_online
UnicodeDecodeError: 'utf-8' codec can't decode byte 0x82 in position 91: invalid start byte
2026-09-03 17:30:33,020 [INFO] [Dummy-10] [root/event_listener.py:107]: Attempting to reconnect to Komorebi...
2026-09-03 17:30:36,021 [INFO] [Dummy-10] [root/event_listener.py:54]: Created named pipe yasb-5861fc19-a7ac-11f1-b603-00d86114443b
2026-09-03 17:30:36,074 [ERROR] [Dummy-10] [root/event_listener.py:100]: Komorebi has disconnected from the named pipe yasb-5861fc19-a7ac-11f1-b603-00d86114443b
Traceback (most recent call last):
  File "D:\a\yasb\yasb\src\core\widgets\services\komorebi\event_listener.py", line 69, in run
  File "D:\a\yasb\yasb\src\core\widgets\services\komorebi\event_listener.py", line 130, in _wait_until_komorebi_online
UnicodeDecodeError: 'utf-8' codec can't decode byte 0x82 in position 91: invalid start byte
2026-09-03 17:30:36,075 [INFO] [Dummy-10] [root/event_listener.py:107]: Attempting to reconnect to Komorebi...
2026-09-03 17:30:39,087 [INFO] [Dummy-10] [root/event_listener.py:54]: Created named pipe yasb-5861fc19-a7ac-11f1-b603-00d86114443b
2026-09-03 17:30:39,140 [ERROR] [Dummy-10] [root/event_listener.py:100]: Komorebi has disconnected from the named pipe yasb-5861fc19-a7ac-11f1-b603-00d86114443b
Traceback (most recent call last):
  File "D:\a\yasb\yasb\src\core\widgets\services\komorebi\event_listener.py", line 69, in run
  File "D:\a\yasb\yasb\src\core\widgets\services\komorebi\event_listener.py", line 130, in _wait_until_komorebi_online
UnicodeDecodeError: 'utf-8' codec can't decode byte 0x82 in position 91: invalid start byte
2026-09-03 17:30:39,141 [INFO] [Dummy-10] [root/event_listener.py:107]: Attempting to reconnect to Komorebi...
2026-09-03 17:30:42,149 [INFO] [Dummy-10] [root/event_listener.py:54]: Created named pipe yasb-5861fc19-a7ac-11f1-b603-00d86114443b
2026-09-03 17:30:42,216 [ERROR] [Dummy-10] [root/event_listener.py:100]: Komorebi has disconnected from the named pipe yasb-5861fc19-a7ac-11f1-b603-00d86114443b
Traceback (most recent call last):
  File "D:\a\yasb\yasb\src\core\widgets\services\komorebi\event_listener.py", line 69, in run
  File "D:\a\yasb\yasb\src\core\widgets\services\komorebi\event_listener.py", line 130, in _wait_until_komorebi_online
UnicodeDecodeError: 'utf-8' codec can't decode byte 0x82 in position 91: invalid start byte
2026-09-03 17:30:42,218 [INFO] [Dummy-10] [root/event_listener.py:107]: Attempting to reconnect to Komorebi...
2026-09-03 17:30:45,226 [INFO] [Dummy-10] [root/event_listener.py:54]: Created named pipe yasb-5861fc19-a7ac-11f1-b603-00d86114443b
2026-09-03 17:30:45,279 [ERROR] [Dummy-10] [root/event_listener.py:100]: Komorebi has disconnected from the named pipe yasb-5861fc19-a7ac-11f1-b603-00d86114443b
Traceback (most recent call last):
  File "D:\a\yasb\yasb\src\core\widgets\services\komorebi\event_listener.py", line 69, in run
  File "D:\a\yasb\yasb\src\core\widgets\services\komorebi\event_listener.py", line 130, in _wait_until_komorebi_online
UnicodeDecodeError: 'utf-8' codec can't decode byte 0x82 in position 91: invalid start byte
2026-09-03 17:30:45,281 [INFO] [Dummy-10] [root/event_listener.py:107]: Attempting to reconnect to Komorebi...
2026-09-03 17:30:48,290 [INFO] [Dummy-10] [root/event_listener.py:54]: Created named pipe yasb-5861fc19-a7ac-11f1-b603-00d86114443b
2026-09-03 17:30:48,342 [ERROR] [Dummy-10] [root/event_listener.py:100]: Komorebi has disconnected from the named pipe yasb-5861fc19-a7ac-11f1-b603-00d86114443b
Traceback (most recent call last):
  File "D:\a\yasb\yasb\src\core\widgets\services\komorebi\event_listener.py", line 69, in run
  File "D:\a\yasb\yasb\src\core\widgets\services\komorebi\event_listener.py", line 130, in _wait_until_komorebi_online
UnicodeDecodeError: 'utf-8' codec can't decode byte 0x82 in position 91: invalid start byte
2026-09-03 17:30:48,344 [INFO] [Dummy-10] [root/event_listener.py:107]: Attempting to reconnect to Komorebi...
2026-09-03 17:30:51,350 [INFO] [Dummy-10] [root/event_listener.py:54]: Created named pipe yasb-5861fc19-a7ac-11f1-b603-00d86114443b
2026-09-03 17:30:51,414 [ERROR] [Dummy-10] [root/event_listener.py:100]: Komorebi has disconnected from the named pipe yasb-5861fc19-a7ac-11f1-b603-00d86114443b
Traceback (most recent call last):
  File "D:\a\yasb\yasb\src\core\widgets\services\komorebi\event_listener.py", line 69, in run
  File "D:\a\yasb\yasb\src\core\widgets\services\komorebi\event_listener.py", line 130, in _wait_until_komorebi_online
UnicodeDecodeError: 'utf-8' codec can't decode byte 0x82 in position 91: invalid start byte
2026-09-03 17:30:51,416 [INFO] [Dummy-10] [root/event_listener.py:107]: Attempting to reconnect to Komorebi...
2026-09-03 17:30:54,429 [INFO] [Dummy-10] [root/event_listener.py:54]: Created named pipe yasb-5861fc19-a7ac-11f1-b603-00d86114443b
2026-09-03 17:30:54,512 [ERROR] [Dummy-10] [root/event_listener.py:100]: Komorebi has disconnected from the named pipe yasb-5861fc19-a7ac-11f1-b603-00d86114443b
Traceback (most recent call last):
  File "D:\a\yasb\yasb\src\core\widgets\services\komorebi\event_listener.py", line 69, in run
  File "D:\a\yasb\yasb\src\core\widgets\services\komorebi\event_listener.py", line 130, in _wait_until_komorebi_online
UnicodeDecodeError: 'utf-8' codec can't decode byte 0x82 in position 91: invalid start byte
2026-09-03 17:30:54,514 [INFO] [Dummy-10] [root/event_listener.py:107]: Attempting to reconnect to Komorebi...
2026-09-03 17:30:57,515 [INFO] [Dummy-10] [root/event_listener.py:54]: Created named pipe yasb-5861fc19-a7ac-11f1-b603-00d86114443b
2026-09-03 17:30:57,579 [ERROR] [Dummy-10] [root/event_listener.py:100]: Komorebi has disconnected from the named pipe yasb-5861fc19-a7ac-11f1-b603-00d86114443b
Traceback (most recent call last):
  File "D:\a\yasb\yasb\src\core\widgets\services\komorebi\event_listener.py", line 69, in run
  File "D:\a\yasb\yasb\src\core\widgets\services\komorebi\event_listener.py", line 130, in _wait_until_komorebi_online
UnicodeDecodeError: 'utf-8' codec can't decode byte 0x82 in position 91: invalid start byte
2026-09-03 17:30:57,581 [INFO] [Dummy-10] [root/event_listener.py:107]: Attempting to reconnect to Komorebi...
2026-09-03 17:31:00,583 [INFO] [Dummy-10] [root/event_listener.py:54]: Created named pipe yasb-5861fc19-a7ac-11f1-b603-00d86114443b
2026-09-03 17:31:00,642 [ERROR] [Dummy-10] [root/event_listener.py:100]: Komorebi has disconnected from the named pipe yasb-5861fc19-a7ac-11f1-b603-00d86114443b
Traceback (most recent call last):
  File "D:\a\yasb\yasb\src\core\widgets\services\komorebi\event_listener.py", line 69, in run
  File "D:\a\yasb\yasb\src\core\widgets\services\komorebi\event_listener.py", line 130, in _wait_until_komorebi_online
UnicodeDecodeError: 'utf-8' codec can't decode byte 0x82 in position 91: invalid start byte
2026-09-03 17:31:00,644 [INFO] [Dummy-10] [root/event_listener.py:107]: Attempting to reconnect to Komorebi...
2026-09-03 17:31:03,655 [INFO] [Dummy-10] [root/event_listener.py:54]: Created named pipe yasb-5861fc19-a7ac-11f1-b603-00d86114443b
2026-09-03 17:31:03,711 [ERROR] [Dummy-10] [root/event_listener.py:100]: Komorebi has disconnected from the named pipe yasb-5861fc19-a7ac-11f1-b603-00d86114443b
Traceback (most recent call last):
  File "D:\a\yasb\yasb\src\core\widgets\services\komorebi\event_listener.py", line 69, in run
  File "D:\a\yasb\yasb\src\core\widgets\services\komorebi\event_listener.py", line 130, in _wait_until_komorebi_online
UnicodeDecodeError: 'utf-8' codec can't decode byte 0x82 in position 91: invalid start byte
2026-09-03 17:31:03,713 [INFO] [Dummy-10] [root/event_listener.py:107]: Attempting to reconnect to Komorebi...
2026-09-03 17:31:06,718 [INFO] [Dummy-10] [root/event_listener.py:54]: Created named pipe yasb-5861fc19-a7ac-11f1-b603-00d86114443b
2026-09-03 17:31:06,779 [ERROR] [Dummy-10] [root/event_listener.py:100]: Komorebi has disconnected from the named pipe yasb-5861fc19-a7ac-11f1-b603-00d86114443b
Traceback (most recent call last):
  File "D:\a\yasb\yasb\src\core\widgets\services\komorebi\event_listener.py", line 69, in run
  File "D:\a\yasb\yasb\src\core\widgets\services\komorebi\event_listener.py", line 130, in _wait_until_komorebi_online
UnicodeDecodeError: 'utf-8' codec can't decode byte 0x82 in position 91: invalid start byte
2026-09-03 17:31:06,780 [INFO] [Dummy-10] [root/event_listener.py:107]: Attempting to reconnect to Komorebi...
2026-09-03 17:31:09,780 [INFO] [Dummy-10] [root/event_listener.py:54]: Created named pipe yasb-5861fc19-a7ac-11f1-b603-00d86114443b
2026-09-03 17:31:09,836 [ERROR] [Dummy-10] [root/event_listener.py:100]: Komorebi has disconnected from the named pipe yasb-5861fc19-a7ac-11f1-b603-00d86114443b
Traceback (most recent call last):
  File "D:\a\yasb\yasb\src\core\widgets\services\komorebi\event_listener.py", line 69, in run
  File "D:\a\yasb\yasb\src\core\widgets\services\komorebi\event_listener.py", line 130, in _wait_until_komorebi_online
UnicodeDecodeError: 'utf-8' codec can't decode byte 0x82 in position 91: invalid start byte
2026-09-03 17:31:09,838 [INFO] [Dummy-10] [root/event_listener.py:107]: Attempting to reconnect to Komorebi...
2026-09-03 17:31:12,841 [INFO] [Dummy-10] [root/event_listener.py:54]: Created named pipe yasb-5861fc19-a7ac-11f1-b603-00d86114443b
2026-09-03 17:31:12,896 [ERROR] [Dummy-10] [root/event_listener.py:100]: Komorebi has disconnected from the named pipe yasb-5861fc19-a7ac-11f1-b603-00d86114443b
Traceback (most recent call last):
  File "D:\a\yasb\yasb\src\core\widgets\services\komorebi\event_listener.py", line 69, in run
  File "D:\a\yasb\yasb\src\core\widgets\services\komorebi\event_listener.py", line 130, in _wait_until_komorebi_online
UnicodeDecodeError: 'utf-8' codec can't decode byte 0x82 in position 91: invalid start byte
2026-09-03 17:31:12,898 [INFO] [Dummy-10] [root/event_listener.py:107]: Attempting to reconnect to Komorebi...
2026-09-03 17:31:15,901 [INFO] [Dummy-10] [root/event_listener.py:54]: Created named pipe yasb-5861fc19-a7ac-11f1-b603-00d86114443b
2026-09-03 17:31:15,961 [ERROR] [Dummy-10] [root/event_listener.py:100]: Komorebi has disconnected from the named pipe yasb-5861fc19-a7ac-11f1-b603-00d86114443b
Traceback (most recent call last):
  File "D:\a\yasb\yasb\src\core\widgets\services\komorebi\event_listener.py", line 69, in run
  File "D:\a\yasb\yasb\src\core\widgets\services\komorebi\event_listener.py", line 130, in _wait_until_komorebi_online
UnicodeDecodeError: 'utf-8' codec can't decode byte 0x82 in position 91: invalid start byte
2026-09-03 17:31:15,963 [INFO] [Dummy-10] [root/event_listener.py:107]: Attempting to reconnect to Komorebi...
2026-09-03 17:31:18,970 [INFO] [Dummy-10] [root/event_listener.py:54]: Created named pipe yasb-5861fc19-a7ac-11f1-b603-00d86114443b
2026-09-03 17:31:19,129 [ERROR] [Dummy-10] [root/event_listener.py:100]: Komorebi has disconnected from the named pipe yasb-5861fc19-a7ac-11f1-b603-00d86114443b
Traceback (most recent call last):
  File "D:\a\yasb\yasb\src\core\widgets\services\komorebi\event_listener.py", line 69, in run
  File "D:\a\yasb\yasb\src\core\widgets\services\komorebi\event_listener.py", line 130, in _wait_until_komorebi_online
UnicodeDecodeError: 'utf-8' codec can't decode byte 0x82 in position 91: invalid start byte
2026-09-03 17:31:19,133 [INFO] [Dummy-10] [root/event_listener.py:107]: Attempting to reconnect to Komorebi...
2026-09-03 17:31:22,137 [INFO] [Dummy-10] [root/event_listener.py:54]: Created named pipe yasb-5861fc19-a7ac-11f1-b603-00d86114443b
2026-09-03 17:31:22,195 [ERROR] [Dummy-10] [root/event_listener.py:100]: Komorebi has disconnected from the named pipe yasb-5861fc19-a7ac-11f1-b603-00d86114443b
Traceback (most recent call last):
  File "D:\a\yasb\yasb\src\core\widgets\services\komorebi\event_listener.py", line 69, in run
  File "D:\a\yasb\yasb\src\core\widgets\services\komorebi\event_listener.py", line 130, in _wait_until_komorebi_online
UnicodeDecodeError: 'utf-8' codec can't decode byte 0x82 in position 91: invalid start byte
2026-09-03 17:31:22,197 [INFO] [Dummy-10] [root/event_listener.py:107]: Attempting to reconnect to Komorebi...
2026-09-03 17:31:25,198 [INFO] [Dummy-10] [root/event_listener.py:54]: Created named pipe yasb-5861fc19-a7ac-11f1-b603-00d86114443b
2026-09-03 17:31:25,253 [ERROR] [Dummy-10] [root/event_listener.py:100]: Komorebi has disconnected from the named pipe yasb-5861fc19-a7ac-11f1-b603-00d86114443b
Traceback (most recent call last):
  File "D:\a\yasb\yasb\src\core\widgets\services\komorebi\event_listener.py", line 69, in run
  File "D:\a\yasb\yasb\src\core\widgets\services\komorebi\event_listener.py", line 130, in _wait_until_komorebi_online
UnicodeDecodeError: 'utf-8' codec can't decode byte 0x82 in position 91: invalid start byte
2026-09-03 17:31:25,255 [INFO] [Dummy-10] [root/event_listener.py:107]: Attempting to reconnect to Komorebi...
2026-09-03 17:31:28,266 [INFO] [Dummy-10] [root/event_listener.py:54]: Created named pipe yasb-5861fc19-a7ac-11f1-b603-00d86114443b
2026-09-03 17:31:28,322 [ERROR] [Dummy-10] [root/event_listener.py:100]: Komorebi has disconnected from the named pipe yasb-5861fc19-a7ac-11f1-b603-00d86114443b
Traceback (most recent call last):
  File "D:\a\yasb\yasb\src\core\widgets\services\komorebi\event_listener.py", line 69, in run
  File "D:\a\yasb\yasb\src\core\widgets\services\komorebi\event_listener.py", line 130, in _wait_until_komorebi_online
UnicodeDecodeError: 'utf-8' codec can't decode byte 0x82 in position 91: invalid start byte
2026-09-03 17:31:28,324 [INFO] [Dummy-10] [root/event_listener.py:107]: Attempting to reconnect to Komorebi...
2026-09-03 17:31:31,326 [INFO] [Dummy-10] [root/event_listener.py:54]: Created named pipe yasb-5861fc19-a7ac-11f1-b603-00d86114443b
2026-09-03 17:31:31,387 [ERROR] [Dummy-10] [root/event_listener.py:100]: Komorebi has disconnected from the named pipe yasb-5861fc19-a7ac-11f1-b603-00d86114443b
Traceback (most recent call last):
  File "D:\a\yasb\yasb\src\core\widgets\services\komorebi\event_listener.py", line 69, in run
  File "D:\a\yasb\yasb\src\core\widgets\services\komorebi\event_listener.py", line 130, in _wait_until_komorebi_online
UnicodeDecodeError: 'utf-8' codec can't decode byte 0x82 in position 91: invalid start byte
2026-09-03 17:31:31,389 [INFO] [Dummy-10] [root/event_listener.py:107]: Attempting to reconnect to Komorebi...
2026-09-03 17:31:34,393 [INFO] [Dummy-10] [root/event_listener.py:54]: Created named pipe yasb-5861fc19-a7ac-11f1-b603-00d86114443b
2026-09-03 17:31:34,448 [ERROR] [Dummy-10] [root/event_listener.py:100]: Komorebi has disconnected from the named pipe yasb-5861fc19-a7ac-11f1-b603-00d86114443b
Traceback (most recent call last):
  File "D:\a\yasb\yasb\src\core\widgets\services\komorebi\event_listener.py", line 69, in run
  File "D:\a\yasb\yasb\src\core\widgets\services\komorebi\event_listener.py", line 130, in _wait_until_komorebi_online
UnicodeDecodeError: 'utf-8' codec can't decode byte 0x82 in position 91: invalid start byte
2026-09-03 17:31:34,450 [INFO] [Dummy-10] [root/event_listener.py:107]: Attempting to reconnect to Komorebi...
2026-09-03 17:31:35,172 [INFO] [MainThread] [root/service.py:223]: Quick Launch rebuilding app list after install/uninstall detected
2026-09-03 17:31:37,461 [INFO] [Dummy-10] [root/event_listener.py:54]: Created named pipe yasb-5861fc19-a7ac-11f1-b603-00d86114443b
2026-09-03 17:31:37,519 [ERROR] [Dummy-10] [root/event_listener.py:100]: Komorebi has disconnected from the named pipe yasb-5861fc19-a7ac-11f1-b603-00d86114443b
Traceback (most recent call last):
  File "D:\a\yasb\yasb\src\core\widgets\services\komorebi\event_listener.py", line 69, in run
  File "D:\a\yasb\yasb\src\core\widgets\services\komorebi\event_listener.py", line 130, in _wait_until_komorebi_online
UnicodeDecodeError: 'utf-8' codec can't decode byte 0x82 in position 91: invalid start byte
2026-09-03 17:31:37,520 [INFO] [Dummy-10] [root/event_listener.py:107]: Attempting to reconnect to Komorebi...
2026-09-03 17:31:40,532 [INFO] [Dummy-10] [root/event_listener.py:54]: Created named pipe yasb-5861fc19-a7ac-11f1-b603-00d86114443b
2026-09-03 17:31:40,596 [ERROR] [Dummy-10] [root/event_listener.py:100]: Komorebi has disconnected from the named pipe yasb-5861fc19-a7ac-11f1-b603-00d86114443b
Traceback (most recent call last):
  File "D:\a\yasb\yasb\src\core\widgets\services\komorebi\event_listener.py", line 69, in run
  File "D:\a\yasb\yasb\src\core\widgets\services\komorebi\event_listener.py", line 130, in _wait_until_komorebi_online
UnicodeDecodeError: 'utf-8' codec can't decode byte 0x82 in position 91: invalid start byte
2026-09-03 17:31:40,598 [INFO] [Dummy-10] [root/event_listener.py:107]: Attempting to reconnect to Komorebi...
2026-09-03 17:31:43,608 [INFO] [Dummy-10] [root/event_listener.py:54]: Created named pipe yasb-5861fc19-a7ac-11f1-b603-00d86114443b
2026-09-03 17:31:43,673 [ERROR] [Dummy-10] [root/event_listener.py:100]: Komorebi has disconnected from the named pipe yasb-5861fc19-a7ac-11f1-b603-00d86114443b
Traceback (most recent call last):
  File "D:\a\yasb\yasb\src\core\widgets\services\komorebi\event_listener.py", line 69, in run
  File "D:\a\yasb\yasb\src\core\widgets\services\komorebi\event_listener.py", line 130, in _wait_until_komorebi_online
UnicodeDecodeError: 'utf-8' codec can't decode byte 0x82 in position 91: invalid start byte
2026-09-03 17:31:43,675 [INFO] [Dummy-10] [root/event_listener.py:107]: Attempting to reconnect to Komorebi...
2026-09-03 17:31:46,682 [INFO] [Dummy-10] [root/event_listener.py:54]: Created named pipe yasb-5861fc19-a7ac-11f1-b603-00d86114443b
2026-09-03 17:31:46,737 [ERROR] [Dummy-10] [root/event_listener.py:100]: Komorebi has disconnected from the named pipe yasb-5861fc19-a7ac-11f1-b603-00d86114443b
Traceback (most recent call last):
  File "D:\a\yasb\yasb\src\core\widgets\services\komorebi\event_listener.py", line 69, in run
  File "D:\a\yasb\yasb\src\core\widgets\services\komorebi\event_listener.py", line 130, in _wait_until_komorebi_online
UnicodeDecodeError: 'utf-8' codec can't decode byte 0x82 in position 91: invalid start byte
2026-09-03 17:31:46,739 [INFO] [Dummy-10] [root/event_listener.py:107]: Attempting to reconnect to Komorebi...
2026-09-03 17:31:49,749 [INFO] [Dummy-10] [root/event_listener.py:54]: Created named pipe yasb-5861fc19-a7ac-11f1-b603-00d86114443b
2026-09-03 17:31:49,802 [ERROR] [Dummy-10] [root/event_listener.py:100]: Komorebi has disconnected from the named pipe yasb-5861fc19-a7ac-11f1-b603-00d86114443b
Traceback (most recent call last):
  File "D:\a\yasb\yasb\src\core\widgets\services\komorebi\event_listener.py", line 69, in run
  File "D:\a\yasb\yasb\src\core\widgets\services\komorebi\event_listener.py", line 130, in _wait_until_komorebi_online
UnicodeDecodeError: 'utf-8' codec can't decode byte 0x82 in position 91: invalid start byte
2026-09-03 17:31:49,804 [INFO] [Dummy-10] [root/event_listener.py:107]: Attempting to reconnect to Komorebi...
2026-09-03 17:31:52,815 [INFO] [Dummy-10] [root/event_listener.py:54]: Created named pipe yasb-5861fc19-a7ac-11f1-b603-00d86114443b
2026-09-03 17:31:52,871 [ERROR] [Dummy-10] [root/event_listener.py:100]: Komorebi has disconnected from the named pipe yasb-5861fc19-a7ac-11f1-b603-00d86114443b
Traceback (most recent call last):
  File "D:\a\yasb\yasb\src\core\widgets\services\komorebi\event_listener.py", line 69, in run
  File "D:\a\yasb\yasb\src\core\widgets\services\komorebi\event_listener.py", line 130, in _wait_until_komorebi_online
UnicodeDecodeError: 'utf-8' codec can't decode byte 0x82 in position 91: invalid start byte
2026-09-03 17:31:52,873 [INFO] [Dummy-10] [root/event_listener.py:107]: Attempting to reconnect to Komorebi...
2026-09-03 17:31:55,880 [INFO] [Dummy-10] [root/event_listener.py:54]: Created named pipe yasb-5861fc19-a7ac-11f1-b603-00d86114443b
2026-09-03 17:31:55,941 [ERROR] [Dummy-10] [root/event_listener.py:100]: Komorebi has disconnected from the named pipe yasb-5861fc19-a7ac-11f1-b603-00d86114443b
Traceback (most recent call last):
  File "D:\a\yasb\yasb\src\core\widgets\services\komorebi\event_listener.py", line 69, in run
  File "D:\a\yasb\yasb\src\core\widgets\services\komorebi\event_listener.py", line 130, in _wait_until_komorebi_online
UnicodeDecodeError: 'utf-8' codec can't decode byte 0x82 in position 91: invalid start byte
2026-09-03 17:31:55,943 [INFO] [Dummy-10] [root/event_listener.py:107]: Attempting to reconnect to Komorebi...
2026-09-03 17:31:58,945 [INFO] [Dummy-10] [root/event_listener.py:54]: Created named pipe yasb-5861fc19-a7ac-11f1-b603-00d86114443b
2026-09-03 17:31:58,999 [ERROR] [Dummy-10] [root/event_listener.py:100]: Komorebi has disconnected from the named pipe yasb-5861fc19-a7ac-11f1-b603-00d86114443b
Traceback (most recent call last):
  File "D:\a\yasb\yasb\src\core\widgets\services\komorebi\event_listener.py", line 69, in run
  File "D:\a\yasb\yasb\src\core\widgets\services\komorebi\event_listener.py", line 130, in _wait_until_komorebi_online
UnicodeDecodeError: 'utf-8' codec can't decode byte 0x82 in position 91: invalid start byte
2026-09-03 17:31:59,001 [INFO] [Dummy-10] [root/event_listener.py:107]: Attempting to reconnect to Komorebi...
2026-09-03 17:32:02,013 [INFO] [Dummy-10] [root/event_listener.py:54]: Created named pipe yasb-5861fc19-a7ac-11f1-b603-00d86114443b
2026-09-03 17:32:02,068 [ERROR] [Dummy-10] [root/event_listener.py:100]: Komorebi has disconnected from the named pipe yasb-5861fc19-a7ac-11f1-b603-00d86114443b
Traceback (most recent call last):
  File "D:\a\yasb\yasb\src\core\widgets\services\komorebi\event_listener.py", line 69, in run
  File "D:\a\yasb\yasb\src\core\widgets\services\komorebi\event_listener.py", line 130, in _wait_until_komorebi_online
UnicodeDecodeError: 'utf-8' codec can't decode byte 0x82 in position 91: invalid start byte
2026-09-03 17:32:02,070 [INFO] [Dummy-10] [root/event_listener.py:107]: Attempting to reconnect to Komorebi...
2026-09-03 17:32:05,074 [INFO] [Dummy-10] [root/event_listener.py:54]: Created named pipe yasb-5861fc19-a7ac-11f1-b603-00d86114443b
2026-09-03 17:32:05,130 [ERROR] [Dummy-10] [root/event_listener.py:100]: Komorebi has disconnected from the named pipe yasb-5861fc19-a7ac-11f1-b603-00d86114443b
Traceback (most recent call last):
  File "D:\a\yasb\yasb\src\core\widgets\services\komorebi\event_listener.py", line 69, in run
  File "D:\a\yasb\yasb\src\core\widgets\services\komorebi\event_listener.py", line 130, in _wait_until_komorebi_online
UnicodeDecodeError: 'utf-8' codec can't decode byte 0x82 in position 91: invalid start byte
2026-09-03 17:32:05,132 [INFO] [Dummy-10] [root/event_listener.py:107]: Attempting to reconnect to Komorebi...
2026-09-03 17:32:08,142 [INFO] [Dummy-10] [root/event_listener.py:54]: Created named pipe yasb-5861fc19-a7ac-11f1-b603-00d86114443b
2026-09-03 17:32:08,196 [ERROR] [Dummy-10] [root/event_listener.py:100]: Komorebi has disconnected from the named pipe yasb-5861fc19-a7ac-11f1-b603-00d86114443b
Traceback (most recent call last):
  File "D:\a\yasb\yasb\src\core\widgets\services\komorebi\event_listener.py", line 69, in run
  File "D:\a\yasb\yasb\src\core\widgets\services\komorebi\event_listener.py", line 130, in _wait_until_komorebi_online
UnicodeDecodeError: 'utf-8' codec can't decode byte 0x82 in position 91: invalid start byte
2026-09-03 17:32:08,198 [INFO] [Dummy-10] [root/event_listener.py:107]: Attempting to reconnect to Komorebi...
2026-09-03 17:32:11,202 [INFO] [Dummy-10] [root/event_listener.py:54]: Created named pipe yasb-5861fc19-a7ac-11f1-b603-00d86114443b
2026-09-03 17:32:11,258 [ERROR] [Dummy-10] [root/event_listener.py:100]: Komorebi has disconnected from the named pipe yasb-5861fc19-a7ac-11f1-b603-00d86114443b
Traceback (most recent call last):
  File "D:\a\yasb\yasb\src\core\widgets\services\komorebi\event_listener.py", line 69, in run
  File "D:\a\yasb\yasb\src\core\widgets\services\komorebi\event_listener.py", line 130, in _wait_until_komorebi_online
UnicodeDecodeError: 'utf-8' codec can't decode byte 0x82 in position 91: invalid start byte
2026-09-03 17:32:11,260 [INFO] [Dummy-10] [root/event_listener.py:107]: Attempting to reconnect to Komorebi...
2026-09-03 17:32:14,272 [INFO] [Dummy-10] [root/event_listener.py:54]: Created named pipe yasb-5861fc19-a7ac-11f1-b603-00d86114443b
2026-09-03 17:32:14,335 [ERROR] [Dummy-10] [root/event_listener.py:100]: Komorebi has disconnected from the named pipe yasb-5861fc19-a7ac-11f1-b603-00d86114443b
Traceback (most recent call last):
  File "D:\a\yasb\yasb\src\core\widgets\services\komorebi\event_listener.py", line 69, in run
  File "D:\a\yasb\yasb\src\core\widgets\services\komorebi\event_listener.py", line 130, in _wait_until_komorebi_online
UnicodeDecodeError: 'utf-8' codec can't decode byte 0x82 in position 91: invalid start byte
2026-09-03 17:32:14,337 [INFO] [Dummy-10] [root/event_listener.py:107]: Attempting to reconnect to Komorebi...
2026-09-03 17:32:17,341 [INFO] [Dummy-10] [root/event_listener.py:54]: Created named pipe yasb-5861fc19-a7ac-11f1-b603-00d86114443b
2026-09-03 17:32:17,398 [ERROR] [Dummy-10] [root/event_listener.py:100]: Komorebi has disconnected from the named pipe yasb-5861fc19-a7ac-11f1-b603-00d86114443b
Traceback (most recent call last):
  File "D:\a\yasb\yasb\src\core\widgets\services\komorebi\event_listener.py", line 69, in run
  File "D:\a\yasb\yasb\src\core\widgets\services\komorebi\event_listener.py", line 130, in _wait_until_komorebi_online
UnicodeDecodeError: 'utf-8' codec can't decode byte 0x82 in position 91: invalid start byte
2026-09-03 17:32:17,400 [INFO] [Dummy-10] [root/event_listener.py:107]: Attempting to reconnect to Komorebi...
2026-09-03 17:32:20,401 [INFO] [Dummy-10] [root/event_listener.py:54]: Created named pipe yasb-5861fc19-a7ac-11f1-b603-00d86114443b
2026-09-03 17:32:20,457 [ERROR] [Dummy-10] [root/event_listener.py:100]: Komorebi has disconnected from the named pipe yasb-5861fc19-a7ac-11f1-b603-00d86114443b
Traceback (most recent call last):
  File "D:\a\yasb\yasb\src\core\widgets\services\komorebi\event_listener.py", line 69, in run
  File "D:\a\yasb\yasb\src\core\widgets\services\komorebi\event_listener.py", line 130, in _wait_until_komorebi_online
UnicodeDecodeError: 'utf-8' codec can't decode byte 0x82 in position 91: invalid start byte
2026-09-03 17:32:20,459 [INFO] [Dummy-10] [root/event_listener.py:107]: Attempting to reconnect to Komorebi...
2026-09-03 17:32:23,466 [INFO] [Dummy-10] [root/event_listener.py:54]: Created named pipe yasb-5861fc19-a7ac-11f1-b603-00d86114443b
2026-09-03 17:32:23,520 [ERROR] [Dummy-10] [root/event_listener.py:100]: Komorebi has disconnected from the named pipe yasb-5861fc19-a7ac-11f1-b603-00d86114443b
Traceback (most recent call last):
  File "D:\a\yasb\yasb\src\core\widgets\services\komorebi\event_listener.py", line 69, in run
  File "D:\a\yasb\yasb\src\core\widgets\services\komorebi\event_listener.py", line 130, in _wait_until_komorebi_online
UnicodeDecodeError: 'utf-8' codec can't decode byte 0x82 in position 91: invalid start byte
2026-09-03 17:32:23,521 [INFO] [Dummy-10] [root/event_listener.py:107]: Attempting to reconnect to Komorebi...
2026-09-03 17:32:26,530 [INFO] [Dummy-10] [root/event_listener.py:54]: Created named pipe yasb-5861fc19-a7ac-11f1-b603-00d86114443b
2026-09-03 17:32:26,583 [ERROR] [Dummy-10] [root/event_listener.py:100]: Komorebi has disconnected from the named pipe yasb-5861fc19-a7ac-11f1-b603-00d86114443b
Traceback (most recent call last):
  File "D:\a\yasb\yasb\src\core\widgets\services\komorebi\event_listener.py", line 69, in run
  File "D:\a\yasb\yasb\src\core\widgets\services\komorebi\event_listener.py", line 130, in _wait_until_komorebi_online
UnicodeDecodeError: 'utf-8' codec can't decode byte 0x82 in position 91: invalid start byte
2026-09-03 17:32:26,585 [INFO] [Dummy-10] [root/event_listener.py:107]: Attempting to reconnect to Komorebi...
2026-09-03 17:32:29,592 [INFO] [Dummy-10] [root/event_listener.py:54]: Created named pipe yasb-5861fc19-a7ac-11f1-b603-00d86114443b
2026-09-03 17:32:29,646 [ERROR] [Dummy-10] [root/event_listener.py:100]: Komorebi has disconnected from the named pipe yasb-5861fc19-a7ac-11f1-b603-00d86114443b
Traceback (most recent call last):
  File "D:\a\yasb\yasb\src\core\widgets\services\komorebi\event_listener.py", line 69, in run
  File "D:\a\yasb\yasb\src\core\widgets\services\komorebi\event_listener.py", line 130, in _wait_until_komorebi_online
UnicodeDecodeError: 'utf-8' codec can't decode byte 0x82 in position 91: invalid start byte
2026-09-03 17:32:29,647 [INFO] [Dummy-10] [root/event_listener.py:107]: Attempting to reconnect to Komorebi...
2026-09-03 17:32:32,659 [INFO] [Dummy-10] [root/event_listener.py:54]: Created named pipe yasb-5861fc19-a7ac-11f1-b603-00d86114443b
2026-09-03 17:32:32,713 [ERROR] [Dummy-10] [root/event_listener.py:100]: Komorebi has disconnected from the named pipe yasb-5861fc19-a7ac-11f1-b603-00d86114443b
Traceback (most recent call last):
  File "D:\a\yasb\yasb\src\core\widgets\services\komorebi\event_listener.py", line 69, in run
  File "D:\a\yasb\yasb\src\core\widgets\services\komorebi\event_listener.py", line 130, in _wait_until_komorebi_online
UnicodeDecodeError: 'utf-8' codec can't decode byte 0x82 in position 91: invalid start byte
2026-09-03 17:32:32,715 [INFO] [Dummy-10] [root/event_listener.py:107]: Attempting to reconnect to Komorebi...
2026-09-03 17:32:35,726 [INFO] [Dummy-10] [root/event_listener.py:54]: Created named pipe yasb-5861fc19-a7ac-11f1-b603-00d86114443b
2026-09-03 17:32:35,781 [ERROR] [Dummy-10] [root/event_listener.py:100]: Komorebi has disconnected from the named pipe yasb-5861fc19-a7ac-11f1-b603-00d86114443b
Traceback (most recent call last):
  File "D:\a\yasb\yasb\src\core\widgets\services\komorebi\event_listener.py", line 69, in run
  File "D:\a\yasb\yasb\src\core\widgets\services\komorebi\event_listener.py", line 130, in _wait_until_komorebi_online
UnicodeDecodeError: 'utf-8' codec can't decode byte 0x82 in position 91: invalid start byte
2026-09-03 17:32:35,783 [INFO] [Dummy-10] [root/event_listener.py:107]: Attempting to reconnect to Komorebi...
2026-09-03 17:32:38,786 [INFO] [Dummy-10] [root/event_listener.py:54]: Created named pipe yasb-5861fc19-a7ac-11f1-b603-00d86114443b
2026-09-03 17:32:38,839 [ERROR] [Dummy-10] [root/event_listener.py:100]: Komorebi has disconnected from the named pipe yasb-5861fc19-a7ac-11f1-b603-00d86114443b
Traceback (most recent call last):
  File "D:\a\yasb\yasb\src\core\widgets\services\komorebi\event_listener.py", line 69, in run
  File "D:\a\yasb\yasb\src\core\widgets\services\komorebi\event_listener.py", line 130, in _wait_until_komorebi_online
UnicodeDecodeError: 'utf-8' codec can't decode byte 0x82 in position 91: invalid start byte
2026-09-03 17:32:38,841 [INFO] [Dummy-10] [root/event_listener.py:107]: Attempting to reconnect to Komorebi...
2026-09-03 17:32:41,841 [INFO] [Dummy-10] [root/event_listener.py:54]: Created named pipe yasb-5861fc19-a7ac-11f1-b603-00d86114443b
2026-09-03 17:32:41,897 [ERROR] [Dummy-10] [root/event_listener.py:100]: Komorebi has disconnected from the named pipe yasb-5861fc19-a7ac-11f1-b603-00d86114443b
Traceback (most recent call last):
  File "D:\a\yasb\yasb\src\core\widgets\services\komorebi\event_listener.py", line 69, in run
  File "D:\a\yasb\yasb\src\core\widgets\services\komorebi\event_listener.py", line 130, in _wait_until_komorebi_online
UnicodeDecodeError: 'utf-8' codec can't decode byte 0x82 in position 91: invalid start byte
2026-09-03 17:32:41,899 [INFO] [Dummy-10] [root/event_listener.py:107]: Attempting to reconnect to Komorebi...
2026-09-03 17:32:44,908 [INFO] [Dummy-10] [root/event_listener.py:54]: Created named pipe yasb-5861fc19-a7ac-11f1-b603-00d86114443b
2026-09-03 17:32:44,963 [ERROR] [Dummy-10] [root/event_listener.py:100]: Komorebi has disconnected from the named pipe yasb-5861fc19-a7ac-11f1-b603-00d86114443b
Traceback (most recent call last):
  File "D:\a\yasb\yasb\src\core\widgets\services\komorebi\event_listener.py", line 69, in run
  File "D:\a\yasb\yasb\src\core\widgets\services\komorebi\event_listener.py", line 130, in _wait_until_komorebi_online
UnicodeDecodeError: 'utf-8' codec can't decode byte 0x82 in position 91: invalid start byte
2026-09-03 17:32:44,965 [INFO] [Dummy-10] [root/event_listener.py:107]: Attempting to reconnect to Komorebi...
2026-09-03 17:32:47,976 [INFO] [Dummy-10] [root/event_listener.py:54]: Created named pipe yasb-5861fc19-a7ac-11f1-b603-00d86114443b
2026-09-03 17:32:48,030 [ERROR] [Dummy-10] [root/event_listener.py:100]: Komorebi has disconnected from the named pipe yasb-5861fc19-a7ac-11f1-b603-00d86114443b
Traceback (most recent call last):
  File "D:\a\yasb\yasb\src\core\widgets\services\komorebi\event_listener.py", line 69, in run
  File "D:\a\yasb\yasb\src\core\widgets\services\komorebi\event_listener.py", line 130, in _wait_until_komorebi_online
UnicodeDecodeError: 'utf-8' codec can't decode byte 0x82 in position 91: invalid start byte
2026-09-03 17:32:48,031 [INFO] [Dummy-10] [root/event_listener.py:107]: Attempting to reconnect to Komorebi...
2026-09-03 17:32:51,042 [INFO] [Dummy-10] [root/event_listener.py:54]: Created named pipe yasb-5861fc19-a7ac-11f1-b603-00d86114443b
2026-09-03 17:32:51,101 [ERROR] [Dummy-10] [root/event_listener.py:100]: Komorebi has disconnected from the named pipe yasb-5861fc19-a7ac-11f1-b603-00d86114443b
Traceback (most recent call last):
  File "D:\a\yasb\yasb\src\core\widgets\services\komorebi\event_listener.py", line 69, in run
  File "D:\a\yasb\yasb\src\core\widgets\services\komorebi\event_listener.py", line 130, in _wait_until_komorebi_online
UnicodeDecodeError: 'utf-8' codec can't decode byte 0x82 in position 91: invalid start byte
2026-09-03 17:32:51,103 [INFO] [Dummy-10] [root/event_listener.py:107]: Attempting to reconnect to Komorebi...
2026-09-03 17:32:54,115 [INFO] [Dummy-10] [root/event_listener.py:54]: Created named pipe yasb-5861fc19-a7ac-11f1-b603-00d86114443b
2026-09-03 17:32:54,173 [ERROR] [Dummy-10] [root/event_listener.py:100]: Komorebi has disconnected from the named pipe yasb-5861fc19-a7ac-11f1-b603-00d86114443b
Traceback (most recent call last):
  File "D:\a\yasb\yasb\src\core\widgets\services\komorebi\event_listener.py", line 69, in run
  File "D:\a\yasb\yasb\src\core\widgets\services\komorebi\event_listener.py", line 130, in _wait_until_komorebi_online
UnicodeDecodeError: 'utf-8' codec can't decode byte 0x82 in position 91: invalid start byte
2026-09-03 17:32:54,175 [INFO] [Dummy-10] [root/event_listener.py:107]: Attempting to reconnect to Komorebi...
2026-09-03 17:32:57,186 [INFO] [Dummy-10] [root/event_listener.py:54]: Created named pipe yasb-5861fc19-a7ac-11f1-b603-00d86114443b
2026-09-03 17:32:57,242 [ERROR] [Dummy-10] [root/event_listener.py:100]: Komorebi has disconnected from the named pipe yasb-5861fc19-a7ac-11f1-b603-00d86114443b
Traceback (most recent call last):
  File "D:\a\yasb\yasb\src\core\widgets\services\komorebi\event_listener.py", line 69, in run
  File "D:\a\yasb\yasb\src\core\widgets\services\komorebi\event_listener.py", line 130, in _wait_until_komorebi_online
UnicodeDecodeError: 'utf-8' codec can't decode byte 0x82 in position 91: invalid start byte
2026-09-03 17:32:57,244 [INFO] [Dummy-10] [root/event_listener.py:107]: Attempting to reconnect to Komorebi...
2026-09-03 17:33:00,254 [INFO] [Dummy-10] [root/event_listener.py:54]: Created named pipe yasb-5861fc19-a7ac-11f1-b603-00d86114443b
2026-09-03 17:33:00,310 [ERROR] [Dummy-10] [root/event_listener.py:100]: Komorebi has disconnected from the named pipe yasb-5861fc19-a7ac-11f1-b603-00d86114443b
Traceback (most recent call last):
  File "D:\a\yasb\yasb\src\core\widgets\services\komorebi\event_listener.py", line 69, in run
  File "D:\a\yasb\yasb\src\core\widgets\services\komorebi\event_listener.py", line 130, in _wait_until_komorebi_online
UnicodeDecodeError: 'utf-8' codec can't decode byte 0x82 in position 91: invalid start byte
2026-09-03 17:33:00,312 [INFO] [Dummy-10] [root/event_listener.py:107]: Attempting to reconnect to Komorebi...
2026-09-03 17:33:03,316 [INFO] [Dummy-10] [root/event_listener.py:54]: Created named pipe yasb-5861fc19-a7ac-11f1-b603-00d86114443b
2026-09-03 17:33:03,372 [ERROR] [Dummy-10] [root/event_listener.py:100]: Komorebi has disconnected from the named pipe yasb-5861fc19-a7ac-11f1-b603-00d86114443b
Traceback (most recent call last):
  File "D:\a\yasb\yasb\src\core\widgets\services\komorebi\event_listener.py", line 69, in run
  File "D:\a\yasb\yasb\src\core\widgets\services\komorebi\event_listener.py", line 130, in _wait_until_komorebi_online
UnicodeDecodeError: 'utf-8' codec can't decode byte 0x82 in position 91: invalid start byte
2026-09-03 17:33:03,374 [INFO] [Dummy-10] [root/event_listener.py:107]: Attempting to reconnect to Komorebi...
2026-09-03 17:33:06,376 [INFO] [Dummy-10] [root/event_listener.py:54]: Created named pipe yasb-5861fc19-a7ac-11f1-b603-00d86114443b
2026-09-03 17:33:06,430 [ERROR] [Dummy-10] [root/event_listener.py:100]: Komorebi has disconnected from the named pipe yasb-5861fc19-a7ac-11f1-b603-00d86114443b
Traceback (most recent call last):
  File "D:\a\yasb\yasb\src\core\widgets\services\komorebi\event_listener.py", line 69, in run
  File "D:\a\yasb\yasb\src\core\widgets\services\komorebi\event_listener.py", line 130, in _wait_until_komorebi_online
UnicodeDecodeError: 'utf-8' codec can't decode byte 0x82 in position 91: invalid start byte
2026-09-03 17:33:06,432 [INFO] [Dummy-10] [root/event_listener.py:107]: Attempting to reconnect to Komorebi...
2026-09-03 17:33:09,435 [INFO] [Dummy-10] [root/event_listener.py:54]: Created named pipe yasb-5861fc19-a7ac-11f1-b603-00d86114443b
2026-09-03 17:33:09,489 [ERROR] [Dummy-10] [root/event_listener.py:100]: Komorebi has disconnected from the named pipe yasb-5861fc19-a7ac-11f1-b603-00d86114443b
Traceback (most recent call last):
  File "D:\a\yasb\yasb\src\core\widgets\services\komorebi\event_listener.py", line 69, in run
  File "D:\a\yasb\yasb\src\core\widgets\services\komorebi\event_listener.py", line 130, in _wait_until_komorebi_online
UnicodeDecodeError: 'utf-8' codec can't decode byte 0x82 in position 91: invalid start byte
2026-09-03 17:33:09,491 [INFO] [Dummy-10] [root/event_listener.py:107]: Attempting to reconnect to Komorebi...
2026-09-03 17:33:12,498 [INFO] [Dummy-10] [root/event_listener.py:54]: Created named pipe yasb-5861fc19-a7ac-11f1-b603-00d86114443b
2026-09-03 17:33:12,552 [ERROR] [Dummy-10] [root/event_listener.py:100]: Komorebi has disconnected from the named pipe yasb-5861fc19-a7ac-11f1-b603-00d86114443b
Traceback (most recent call last):
  File "D:\a\yasb\yasb\src\core\widgets\services\komorebi\event_listener.py", line 69, in run
  File "D:\a\yasb\yasb\src\core\widgets\services\komorebi\event_listener.py", line 130, in _wait_until_komorebi_online
UnicodeDecodeError: 'utf-8' codec can't decode byte 0x82 in position 91: invalid start byte
2026-09-03 17:33:12,554 [INFO] [Dummy-10] [root/event_listener.py:107]: Attempting to reconnect to Komorebi...
2026-09-03 17:33:15,566 [INFO] [Dummy-10] [root/event_listener.py:54]: Created named pipe yasb-5861fc19-a7ac-11f1-b603-00d86114443b
2026-09-03 17:33:15,621 [ERROR] [Dummy-10] [root/event_listener.py:100]: Komorebi has disconnected from the named pipe yasb-5861fc19-a7ac-11f1-b603-00d86114443b
Traceback (most recent call last):
  File "D:\a\yasb\yasb\src\core\widgets\services\komorebi\event_listener.py", line 69, in run
  File "D:\a\yasb\yasb\src\core\widgets\services\komorebi\event_listener.py", line 130, in _wait_until_komorebi_online
UnicodeDecodeError: 'utf-8' codec can't decode byte 0x82 in position 91: invalid start byte
2026-09-03 17:33:15,622 [INFO] [Dummy-10] [root/event_listener.py:107]: Attempting to reconnect to Komorebi...
2026-09-03 17:33:18,629 [INFO] [Dummy-10] [root/event_listener.py:54]: Created named pipe yasb-5861fc19-a7ac-11f1-b603-00d86114443b
2026-09-03 17:33:18,684 [ERROR] [Dummy-10] [root/event_listener.py:100]: Komorebi has disconnected from the named pipe yasb-5861fc19-a7ac-11f1-b603-00d86114443b
Traceback (most recent call last):
  File "D:\a\yasb\yasb\src\core\widgets\services\komorebi\event_listener.py", line 69, in run
  File "D:\a\yasb\yasb\src\core\widgets\services\komorebi\event_listener.py", line 130, in _wait_until_komorebi_online
UnicodeDecodeError: 'utf-8' codec can't decode byte 0x82 in position 91: invalid start byte
2026-09-03 17:33:18,686 [INFO] [Dummy-10] [root/event_listener.py:107]: Attempting to reconnect to Komorebi...
2026-09-03 17:33:21,692 [INFO] [Dummy-10] [root/event_listener.py:54]: Created named pipe yasb-5861fc19-a7ac-11f1-b603-00d86114443b
2026-09-03 17:33:21,745 [ERROR] [Dummy-10] [root/event_listener.py:100]: Komorebi has disconnected from the named pipe yasb-5861fc19-a7ac-11f1-b603-00d86114443b
Traceback (most recent call last):
  File "D:\a\yasb\yasb\src\core\widgets\services\komorebi\event_listener.py", line 69, in run
  File "D:\a\yasb\yasb\src\core\widgets\services\komorebi\event_listener.py", line 130, in _wait_until_komorebi_online
UnicodeDecodeError: 'utf-8' codec can't decode byte 0x82 in position 91: invalid start byte
2026-09-03 17:33:21,747 [INFO] [Dummy-10] [root/event_listener.py:107]: Attempting to reconnect to Komorebi...
2026-09-03 17:33:24,759 [INFO] [Dummy-10] [root/event_listener.py:54]: Created named pipe yasb-5861fc19-a7ac-11f1-b603-00d86114443b
2026-09-03 17:33:24,814 [ERROR] [Dummy-10] [root/event_listener.py:100]: Komorebi has disconnected from the named pipe yasb-5861fc19-a7ac-11f1-b603-00d86114443b
Traceback (most recent call last):
  File "D:\a\yasb\yasb\src\core\widgets\services\komorebi\event_listener.py", line 69, in run
  File "D:\a\yasb\yasb\src\core\widgets\services\komorebi\event_listener.py", line 130, in _wait_until_komorebi_online
UnicodeDecodeError: 'utf-8' codec can't decode byte 0x82 in position 91: invalid start byte
2026-09-03 17:33:24,816 [INFO] [Dummy-10] [root/event_listener.py:107]: Attempting to reconnect to Komorebi...
2026-09-03 17:33:27,824 [INFO] [Dummy-10] [root/event_listener.py:54]: Created named pipe yasb-5861fc19-a7ac-11f1-b603-00d86114443b
2026-09-03 17:33:27,879 [ERROR] [Dummy-10] [root/event_listener.py:100]: Komorebi has disconnected from the named pipe yasb-5861fc19-a7ac-11f1-b603-00d86114443b
Traceback (most recent call last):
  File "D:\a\yasb\yasb\src\core\widgets\services\komorebi\event_listener.py", line 69, in run
  File "D:\a\yasb\yasb\src\core\widgets\services\komorebi\event_listener.py", line 130, in _wait_until_komorebi_online
UnicodeDecodeError: 'utf-8' codec can't decode byte 0x82 in position 91: invalid start byte
2026-09-03 17:33:27,881 [INFO] [Dummy-10] [root/event_listener.py:107]: Attempting to reconnect to Komorebi...
2026-09-03 17:33:30,894 [INFO] [Dummy-10] [root/event_listener.py:54]: Created named pipe yasb-5861fc19-a7ac-11f1-b603-00d86114443b
2026-09-03 17:33:30,949 [ERROR] [Dummy-10] [root/event_listener.py:100]: Komorebi has disconnected from the named pipe yasb-5861fc19-a7ac-11f1-b603-00d86114443b
Traceback (most recent call last):
  File "D:\a\yasb\yasb\src\core\widgets\services\komorebi\event_listener.py", line 69, in run
  File "D:\a\yasb\yasb\src\core\widgets\services\komorebi\event_listener.py", line 130, in _wait_until_komorebi_online
UnicodeDecodeError: 'utf-8' codec can't decode byte 0x82 in position 91: invalid start byte
2026-09-03 17:33:30,951 [INFO] [Dummy-10] [root/event_listener.py:107]: Attempting to reconnect to Komorebi...
2026-09-03 17:33:33,950 [INFO] [Dummy-10] [root/event_listener.py:54]: Created named pipe yasb-5861fc19-a7ac-11f1-b603-00d86114443b
2026-09-03 17:33:34,005 [ERROR] [Dummy-10] [root/event_listener.py:100]: Komorebi has disconnected from the named pipe yasb-5861fc19-a7ac-11f1-b603-00d86114443b
Traceback (most recent call last):
  File "D:\a\yasb\yasb\src\core\widgets\services\komorebi\event_listener.py", line 69, in run
  File "D:\a\yasb\yasb\src\core\widgets\services\komorebi\event_listener.py", line 130, in _wait_until_komorebi_online
UnicodeDecodeError: 'utf-8' codec can't decode byte 0x82 in position 91: invalid start byte
2026-09-03 17:33:34,007 [INFO] [Dummy-10] [root/event_listener.py:107]: Attempting to reconnect to Komorebi...
2026-09-03 17:33:37,020 [INFO] [Dummy-10] [root/event_listener.py:54]: Created named pipe yasb-5861fc19-a7ac-11f1-b603-00d86114443b
2026-09-03 17:33:37,075 [ERROR] [Dummy-10] [root/event_listener.py:100]: Komorebi has disconnected from the named pipe yasb-5861fc19-a7ac-11f1-b603-00d86114443b
Traceback (most recent call last):
  File "D:\a\yasb\yasb\src\core\widgets\services\komorebi\event_listener.py", line 69, in run
  File "D:\a\yasb\yasb\src\core\widgets\services\komorebi\event_listener.py", line 130, in _wait_until_komorebi_online
UnicodeDecodeError: 'utf-8' codec can't decode byte 0x82 in position 91: invalid start byte
2026-09-03 17:33:37,077 [INFO] [Dummy-10] [root/event_listener.py:107]: Attempting to reconnect to Komorebi...
2026-09-03 17:33:40,085 [INFO] [Dummy-10] [root/event_listener.py:54]: Created named pipe yasb-5861fc19-a7ac-11f1-b603-00d86114443b
2026-09-03 17:33:40,139 [ERROR] [Dummy-10] [root/event_listener.py:100]: Komorebi has disconnected from the named pipe yasb-5861fc19-a7ac-11f1-b603-00d86114443b
Traceback (most recent call last):
  File "D:\a\yasb\yasb\src\core\widgets\services\komorebi\event_listener.py", line 69, in run
  File "D:\a\yasb\yasb\src\core\widgets\services\komorebi\event_listener.py", line 130, in _wait_until_komorebi_online
UnicodeDecodeError: 'utf-8' codec can't decode byte 0x82 in position 91: invalid start byte
2026-09-03 17:33:40,140 [INFO] [Dummy-10] [root/event_listener.py:107]: Attempting to reconnect to Komorebi...
2026-09-03 17:33:43,146 [INFO] [Dummy-10] [root/event_listener.py:54]: Created named pipe yasb-5861fc19-a7ac-11f1-b603-00d86114443b
2026-09-03 17:33:43,201 [ERROR] [Dummy-10] [root/event_listener.py:100]: Komorebi has disconnected from the named pipe yasb-5861fc19-a7ac-11f1-b603-00d86114443b
Traceback (most recent call last):
  File "D:\a\yasb\yasb\src\core\widgets\services\komorebi\event_listener.py", line 69, in run
  File "D:\a\yasb\yasb\src\core\widgets\services\komorebi\event_listener.py", line 130, in _wait_until_komorebi_online
UnicodeDecodeError: 'utf-8' codec can't decode byte 0x82 in position 91: invalid start byte
2026-09-03 17:33:43,203 [INFO] [Dummy-10] [root/event_listener.py:107]: Attempting to reconnect to Komorebi...
2026-09-03 17:33:46,218 [INFO] [Dummy-10] [root/event_listener.py:54]: Created named pipe yasb-5861fc19-a7ac-11f1-b603-00d86114443b
2026-09-03 17:33:46,273 [ERROR] [Dummy-10] [root/event_listener.py:100]: Komorebi has disconnected from the named pipe yasb-5861fc19-a7ac-11f1-b603-00d86114443b
Traceback (most recent call last):
  File "D:\a\yasb\yasb\src\core\widgets\services\komorebi\event_listener.py", line 69, in run
  File "D:\a\yasb\yasb\src\core\widgets\services\komorebi\event_listener.py", line 130, in _wait_until_komorebi_online
UnicodeDecodeError: 'utf-8' codec can't decode byte 0x82 in position 91: invalid start byte
2026-09-03 17:33:46,275 [INFO] [Dummy-10] [root/event_listener.py:107]: Attempting to reconnect to Komorebi...
2026-09-03 17:33:49,277 [INFO] [Dummy-10] [root/event_listener.py:54]: Created named pipe yasb-5861fc19-a7ac-11f1-b603-00d86114443b
2026-09-03 17:33:49,331 [ERROR] [Dummy-10] [root/event_listener.py:100]: Komorebi has disconnected from the named pipe yasb-5861fc19-a7ac-11f1-b603-00d86114443b
Traceback (most recent call last):
  File "D:\a\yasb\yasb\src\core\widgets\services\komorebi\event_listener.py", line 69, in run
  File "D:\a\yasb\yasb\src\core\widgets\services\komorebi\event_listener.py", line 130, in _wait_until_komorebi_online
UnicodeDecodeError: 'utf-8' codec can't decode byte 0x82 in position 91: invalid start byte
2026-09-03 17:33:49,333 [INFO] [Dummy-10] [root/event_listener.py:107]: Attempting to reconnect to Komorebi...
2026-09-03 17:33:52,338 [INFO] [Dummy-10] [root/event_listener.py:54]: Created named pipe yasb-5861fc19-a7ac-11f1-b603-00d86114443b
2026-09-03 17:33:52,393 [ERROR] [Dummy-10] [root/event_listener.py:100]: Komorebi has disconnected from the named pipe yasb-5861fc19-a7ac-11f1-b603-00d86114443b
Traceback (most recent call last):
  File "D:\a\yasb\yasb\src\core\widgets\services\komorebi\event_listener.py", line 69, in run
  File "D:\a\yasb\yasb\src\core\widgets\services\komorebi\event_listener.py", line 130, in _wait_until_komorebi_online
UnicodeDecodeError: 'utf-8' codec can't decode byte 0x82 in position 91: invalid start byte
2026-09-03 17:33:52,395 [INFO] [Dummy-10] [root/event_listener.py:107]: Attempting to reconnect to Komorebi...
2026-09-03 17:33:55,399 [INFO] [Dummy-10] [root/event_listener.py:54]: Created named pipe yasb-5861fc19-a7ac-11f1-b603-00d86114443b
2026-09-03 17:33:55,457 [ERROR] [Dummy-10] [root/event_listener.py:100]: Komorebi has disconnected from the named pipe yasb-5861fc19-a7ac-11f1-b603-00d86114443b
Traceback (most recent call last):
  File "D:\a\yasb\yasb\src\core\widgets\services\komorebi\event_listener.py", line 69, in run
  File "D:\a\yasb\yasb\src\core\widgets\services\komorebi\event_listener.py", line 130, in _wait_until_komorebi_online
UnicodeDecodeError: 'utf-8' codec can't decode byte 0x82 in position 91: invalid start byte
2026-09-03 17:33:55,460 [INFO] [Dummy-10] [root/event_listener.py:107]: Attempting to reconnect to Komorebi...
2026-09-03 17:33:58,465 [INFO] [Dummy-10] [root/event_listener.py:54]: Created named pipe yasb-5861fc19-a7ac-11f1-b603-00d86114443b
2026-09-03 17:33:58,521 [ERROR] [Dummy-10] [root/event_listener.py:100]: Komorebi has disconnected from the named pipe yasb-5861fc19-a7ac-11f1-b603-00d86114443b
Traceback (most recent call last):
  File "D:\a\yasb\yasb\src\core\widgets\services\komorebi\event_listener.py", line 69, in run
  File "D:\a\yasb\yasb\src\core\widgets\services\komorebi\event_listener.py", line 130, in _wait_until_komorebi_online
UnicodeDecodeError: 'utf-8' codec can't decode byte 0x82 in position 91: invalid start byte
2026-09-03 17:33:58,523 [INFO] [Dummy-10] [root/event_listener.py:107]: Attempting to reconnect to Komorebi...
2026-09-03 17:34:01,522 [INFO] [Dummy-10] [root/event_listener.py:54]: Created named pipe yasb-5861fc19-a7ac-11f1-b603-00d86114443b
2026-09-03 17:34:01,576 [ERROR] [Dummy-10] [root/event_listener.py:100]: Komorebi has disconnected from the named pipe yasb-5861fc19-a7ac-11f1-b603-00d86114443b
Traceback (most recent call last):
  File "D:\a\yasb\yasb\src\core\widgets\services\komorebi\event_listener.py", line 69, in run
  File "D:\a\yasb\yasb\src\core\widgets\services\komorebi\event_listener.py", line 130, in _wait_until_komorebi_online
UnicodeDecodeError: 'utf-8' codec can't decode byte 0x82 in position 91: invalid start byte
2026-09-03 17:34:01,578 [INFO] [Dummy-10] [root/event_listener.py:107]: Attempting to reconnect to Komorebi...
2026-09-03 17:34:04,580 [INFO] [Dummy-10] [root/event_listener.py:54]: Created named pipe yasb-5861fc19-a7ac-11f1-b603-00d86114443b
2026-09-03 17:34:04,634 [ERROR] [Dummy-10] [root/event_listener.py:100]: Komorebi has disconnected from the named pipe yasb-5861fc19-a7ac-11f1-b603-00d86114443b
Traceback (most recent call last):
  File "D:\a\yasb\yasb\src\core\widgets\services\komorebi\event_listener.py", line 69, in run
  File "D:\a\yasb\yasb\src\core\widgets\services\komorebi\event_listener.py", line 130, in _wait_until_komorebi_online
UnicodeDecodeError: 'utf-8' codec can't decode byte 0x82 in position 91: invalid start byte
2026-09-03 17:34:04,636 [INFO] [Dummy-10] [root/event_listener.py:107]: Attempting to reconnect to Komorebi...
2026-09-03 17:34:07,637 [INFO] [Dummy-10] [root/event_listener.py:54]: Created named pipe yasb-5861fc19-a7ac-11f1-b603-00d86114443b
2026-09-03 17:34:07,691 [ERROR] [Dummy-10] [root/event_listener.py:100]: Komorebi has disconnected from the named pipe yasb-5861fc19-a7ac-11f1-b603-00d86114443b
Traceback (most recent call last):
  File "D:\a\yasb\yasb\src\core\widgets\services\komorebi\event_listener.py", line 69, in run
  File "D:\a\yasb\yasb\src\core\widgets\services\komorebi\event_listener.py", line 130, in _wait_until_komorebi_online
UnicodeDecodeError: 'utf-8' codec can't decode byte 0x82 in position 91: invalid start byte
2026-09-03 17:34:07,693 [INFO] [Dummy-10] [root/event_listener.py:107]: Attempting to reconnect to Komorebi...
2026-09-03 17:34:10,707 [INFO] [Dummy-10] [root/event_listener.py:54]: Created named pipe yasb-5861fc19-a7ac-11f1-b603-00d86114443b
2026-09-03 17:34:10,765 [ERROR] [Dummy-10] [root/event_listener.py:100]: Komorebi has disconnected from the named pipe yasb-5861fc19-a7ac-11f1-b603-00d86114443b
Traceback (most recent call last):
  File "D:\a\yasb\yasb\src\core\widgets\services\komorebi\event_listener.py", line 69, in run
  File "D:\a\yasb\yasb\src\core\widgets\services\komorebi\event_listener.py", line 130, in _wait_until_komorebi_online
UnicodeDecodeError: 'utf-8' codec can't decode byte 0x82 in position 91: invalid start byte
2026-09-03 17:34:10,766 [INFO] [Dummy-10] [root/event_listener.py:107]: Attempting to reconnect to Komorebi...
2026-09-03 17:34:13,766 [INFO] [Dummy-10] [root/event_listener.py:54]: Created named pipe yasb-5861fc19-a7ac-11f1-b603-00d86114443b
2026-09-03 17:34:13,831 [ERROR] [Dummy-10] [root/event_listener.py:100]: Komorebi has disconnected from the named pipe yasb-5861fc19-a7ac-11f1-b603-00d86114443b
Traceback (most recent call last):
  File "D:\a\yasb\yasb\src\core\widgets\services\komorebi\event_listener.py", line 69, in run
  File "D:\a\yasb\yasb\src\core\widgets\services\komorebi\event_listener.py", line 130, in _wait_until_komorebi_online
UnicodeDecodeError: 'utf-8' codec can't decode byte 0x82 in position 91: invalid start byte
2026-09-03 17:34:13,832 [INFO] [Dummy-10] [root/event_listener.py:107]: Attempting to reconnect to Komorebi...
2026-09-03 17:34:16,837 [INFO] [Dummy-10] [root/event_listener.py:54]: Created named pipe yasb-5861fc19-a7ac-11f1-b603-00d86114443b
2026-09-03 17:34:16,891 [ERROR] [Dummy-10] [root/event_listener.py:100]: Komorebi has disconnected from the named pipe yasb-5861fc19-a7ac-11f1-b603-00d86114443b
Traceback (most recent call last):
  File "D:\a\yasb\yasb\src\core\widgets\services\komorebi\event_listener.py", line 69, in run
  File "D:\a\yasb\yasb\src\core\widgets\services\komorebi\event_listener.py", line 130, in _wait_until_komorebi_online
UnicodeDecodeError: 'utf-8' codec can't decode byte 0x82 in position 91: invalid start byte
2026-09-03 17:34:16,893 [INFO] [Dummy-10] [root/event_listener.py:107]: Attempting to reconnect to Komorebi...
2026-09-03 17:34:19,902 [INFO] [Dummy-10] [root/event_listener.py:54]: Created named pipe yasb-5861fc19-a7ac-11f1-b603-00d86114443b
2026-09-03 17:34:19,964 [ERROR] [Dummy-10] [root/event_listener.py:100]: Komorebi has disconnected from the named pipe yasb-5861fc19-a7ac-11f1-b603-00d86114443b
Traceback (most recent call last):
  File "D:\a\yasb\yasb\src\core\widgets\services\komorebi\event_listener.py", line 69, in run
  File "D:\a\yasb\yasb\src\core\widgets\services\komorebi\event_listener.py", line 130, in _wait_until_komorebi_online
UnicodeDecodeError: 'utf-8' codec can't decode byte 0x82 in position 91: invalid start byte
2026-09-03 17:34:19,966 [INFO] [Dummy-10] [root/event_listener.py:107]: Attempting to reconnect to Komorebi...
2026-09-03 17:34:22,970 [INFO] [Dummy-10] [root/event_listener.py:54]: Created named pipe yasb-5861fc19-a7ac-11f1-b603-00d86114443b
2026-09-03 17:34:23,025 [ERROR] [Dummy-10] [root/event_listener.py:100]: Komorebi has disconnected from the named pipe yasb-5861fc19-a7ac-11f1-b603-00d86114443b
Traceback (most recent call last):
  File "D:\a\yasb\yasb\src\core\widgets\services\komorebi\event_listener.py", line 69, in run
  File "D:\a\yasb\yasb\src\core\widgets\services\komorebi\event_listener.py", line 130, in _wait_until_komorebi_online
UnicodeDecodeError: 'utf-8' codec can't decode byte 0x82 in position 91: invalid start byte
2026-09-03 17:34:23,027 [INFO] [Dummy-10] [root/event_listener.py:107]: Attempting to reconnect to Komorebi...
2026-09-03 17:34:26,028 [INFO] [Dummy-10] [root/event_listener.py:54]: Created named pipe yasb-5861fc19-a7ac-11f1-b603-00d86114443b
2026-09-03 17:34:26,093 [ERROR] [Dummy-10] [root/event_listener.py:100]: Komorebi has disconnected from the named pipe yasb-5861fc19-a7ac-11f1-b603-00d86114443b
Traceback (most recent call last):
  File "D:\a\yasb\yasb\src\core\widgets\services\komorebi\event_listener.py", line 69, in run
  File "D:\a\yasb\yasb\src\core\widgets\services\komorebi\event_listener.py", line 130, in _wait_until_komorebi_online
UnicodeDecodeError: 'utf-8' codec can't decode byte 0x82 in position 91: invalid start byte
2026-09-03 17:34:26,095 [INFO] [Dummy-10] [root/event_listener.py:107]: Attempting to reconnect to Komorebi...
2026-09-03 17:34:29,096 [INFO] [Dummy-10] [root/event_listener.py:54]: Created named pipe yasb-5861fc19-a7ac-11f1-b603-00d86114443b
2026-09-03 17:34:29,169 [ERROR] [Dummy-10] [root/event_listener.py:100]: Komorebi has disconnected from the named pipe yasb-5861fc19-a7ac-11f1-b603-00d86114443b
Traceback (most recent call last):
  File "D:\a\yasb\yasb\src\core\widgets\services\komorebi\event_listener.py", line 69, in run
  File "D:\a\yasb\yasb\src\core\widgets\services\komorebi\event_listener.py", line 130, in _wait_until_komorebi_online
UnicodeDecodeError: 'utf-8' codec can't decode byte 0x82 in position 91: invalid start byte
2026-09-03 17:34:29,171 [INFO] [Dummy-10] [root/event_listener.py:107]: Attempting to reconnect to Komorebi...
2026-09-03 17:34:32,177 [INFO] [Dummy-10] [root/event_listener.py:54]: Created named pipe yasb-5861fc19-a7ac-11f1-b603-00d86114443b
2026-09-03 17:34:32,234 [ERROR] [Dummy-10] [root/event_listener.py:100]: Komorebi has disconnected from the named pipe yasb-5861fc19-a7ac-11f1-b603-00d86114443b
Traceback (most recent call last):
  File "D:\a\yasb\yasb\src\core\widgets\services\komorebi\event_listener.py", line 69, in run
  File "D:\a\yasb\yasb\src\core\widgets\services\komorebi\event_listener.py", line 130, in _wait_until_komorebi_online
UnicodeDecodeError: 'utf-8' codec can't decode byte 0x82 in position 91: invalid start byte
2026-09-03 17:34:32,236 [INFO] [Dummy-10] [root/event_listener.py:107]: Attempting to reconnect to Komorebi...
2026-09-03 17:34:35,249 [INFO] [Dummy-10] [root/event_listener.py:54]: Created named pipe yasb-5861fc19-a7ac-11f1-b603-00d86114443b
2026-09-03 17:34:35,304 [ERROR] [Dummy-10] [root/event_listener.py:100]: Komorebi has disconnected from the named pipe yasb-5861fc19-a7ac-11f1-b603-00d86114443b
Traceback (most recent call last):
  File "D:\a\yasb\yasb\src\core\widgets\services\komorebi\event_listener.py", line 69, in run
  File "D:\a\yasb\yasb\src\core\widgets\services\komorebi\event_listener.py", line 130, in _wait_until_komorebi_online
UnicodeDecodeError: 'utf-8' codec can't decode byte 0x82 in position 91: invalid start byte
2026-09-03 17:34:35,306 [INFO] [Dummy-10] [root/event_listener.py:107]: Attempting to reconnect to Komorebi...
2026-09-03 17:34:38,309 [INFO] [Dummy-10] [root/event_listener.py:54]: Created named pipe yasb-5861fc19-a7ac-11f1-b603-00d86114443b
2026-09-03 17:34:38,363 [ERROR] [Dummy-10] [root/event_listener.py:100]: Komorebi has disconnected from the named pipe yasb-5861fc19-a7ac-11f1-b603-00d86114443b
Traceback (most recent call last):
  File "D:\a\yasb\yasb\src\core\widgets\services\komorebi\event_listener.py", line 69, in run
  File "D:\a\yasb\yasb\src\core\widgets\services\komorebi\event_listener.py", line 130, in _wait_until_komorebi_online
UnicodeDecodeError: 'utf-8' codec can't decode byte 0x82 in position 91: invalid start byte
2026-09-03 17:34:38,365 [INFO] [Dummy-10] [root/event_listener.py:107]: Attempting to reconnect to Komorebi...
2026-09-03 17:34:41,368 [INFO] [Dummy-10] [root/event_listener.py:54]: Created named pipe yasb-5861fc19-a7ac-11f1-b603-00d86114443b
2026-09-03 17:34:41,424 [ERROR] [Dummy-10] [root/event_listener.py:100]: Komorebi has disconnected from the named pipe yasb-5861fc19-a7ac-11f1-b603-00d86114443b
Traceback (most recent call last):
  File "D:\a\yasb\yasb\src\core\widgets\services\komorebi\event_listener.py", line 69, in run
  File "D:\a\yasb\yasb\src\core\widgets\services\komorebi\event_listener.py", line 130, in _wait_until_komorebi_online
UnicodeDecodeError: 'utf-8' codec can't decode byte 0x82 in position 91: invalid start byte
2026-09-03 17:34:41,426 [INFO] [Dummy-10] [root/event_listener.py:107]: Attempting to reconnect to Komorebi...
2026-09-03 17:34:44,437 [INFO] [Dummy-10] [root/event_listener.py:54]: Created named pipe yasb-5861fc19-a7ac-11f1-b603-00d86114443b
2026-09-03 17:34:44,494 [ERROR] [Dummy-10] [root/event_listener.py:100]: Komorebi has disconnected from the named pipe yasb-5861fc19-a7ac-11f1-b603-00d86114443b
Traceback (most recent call last):
  File "D:\a\yasb\yasb\src\core\widgets\services\komorebi\event_listener.py", line 69, in run
  File "D:\a\yasb\yasb\src\core\widgets\services\komorebi\event_listener.py", line 130, in _wait_until_komorebi_online
UnicodeDecodeError: 'utf-8' codec can't decode byte 0x82 in position 91: invalid start byte
2026-09-03 17:34:44,496 [INFO] [Dummy-10] [root/event_listener.py:107]: Attempting to reconnect to Komorebi...
2026-09-03 17:34:47,510 [INFO] [Dummy-10] [root/event_listener.py:54]: Created named pipe yasb-5861fc19-a7ac-11f1-b603-00d86114443b
2026-09-03 17:34:47,567 [ERROR] [Dummy-10] [root/event_listener.py:100]: Komorebi has disconnected from the named pipe yasb-5861fc19-a7ac-11f1-b603-00d86114443b
Traceback (most recent call last):
  File "D:\a\yasb\yasb\src\core\widgets\services\komorebi\event_listener.py", line 69, in run
  File "D:\a\yasb\yasb\src\core\widgets\services\komorebi\event_listener.py", line 130, in _wait_until_komorebi_online
UnicodeDecodeError: 'utf-8' codec can't decode byte 0x82 in position 91: invalid start byte
2026-09-03 17:34:47,569 [INFO] [Dummy-10] [root/event_listener.py:107]: Attempting to reconnect to Komorebi...
2026-09-03 17:34:50,575 [INFO] [Dummy-10] [root/event_listener.py:54]: Created named pipe yasb-5861fc19-a7ac-11f1-b603-00d86114443b
2026-09-03 17:34:50,630 [ERROR] [Dummy-10] [root/event_listener.py:100]: Komorebi has disconnected from the named pipe yasb-5861fc19-a7ac-11f1-b603-00d86114443b
Traceback (most recent call last):
  File "D:\a\yasb\yasb\src\core\widgets\services\komorebi\event_listener.py", line 69, in run
  File "D:\a\yasb\yasb\src\core\widgets\services\komorebi\event_listener.py", line 130, in _wait_until_komorebi_online
UnicodeDecodeError: 'utf-8' codec can't decode byte 0x82 in position 91: invalid start byte
2026-09-03 17:34:50,632 [INFO] [Dummy-10] [root/event_listener.py:107]: Attempting to reconnect to Komorebi...
2026-09-03 17:34:53,637 [INFO] [Dummy-10] [root/event_listener.py:54]: Created named pipe yasb-5861fc19-a7ac-11f1-b603-00d86114443b
2026-09-03 17:34:53,692 [ERROR] [Dummy-10] [root/event_listener.py:100]: Komorebi has disconnected from the named pipe yasb-5861fc19-a7ac-11f1-b603-00d86114443b
Traceback (most recent call last):
  File "D:\a\yasb\yasb\src\core\widgets\services\komorebi\event_listener.py", line 69, in run
  File "D:\a\yasb\yasb\src\core\widgets\services\komorebi\event_listener.py", line 130, in _wait_until_komorebi_online
UnicodeDecodeError: 'utf-8' codec can't decode byte 0x82 in position 91: invalid start byte
2026-09-03 17:34:53,694 [INFO] [Dummy-10] [root/event_listener.py:107]: Attempting to reconnect to Komorebi...
2026-09-03 17:34:56,708 [INFO] [Dummy-10] [root/event_listener.py:54]: Created named pipe yasb-5861fc19-a7ac-11f1-b603-00d86114443b
2026-09-03 17:34:56,762 [ERROR] [Dummy-10] [root/event_listener.py:100]: Komorebi has disconnected from the named pipe yasb-5861fc19-a7ac-11f1-b603-00d86114443b
Traceback (most recent call last):
  File "D:\a\yasb\yasb\src\core\widgets\services\komorebi\event_listener.py", line 69, in run
  File "D:\a\yasb\yasb\src\core\widgets\services\komorebi\event_listener.py", line 130, in _wait_until_komorebi_online
UnicodeDecodeError: 'utf-8' codec can't decode byte 0x82 in position 91: invalid start byte
2026-09-03 17:34:56,763 [INFO] [Dummy-10] [root/event_listener.py:107]: Attempting to reconnect to Komorebi...
2026-09-03 17:34:59,776 [INFO] [Dummy-10] [root/event_listener.py:54]: Created named pipe yasb-5861fc19-a7ac-11f1-b603-00d86114443b
2026-09-03 17:34:59,830 [ERROR] [Dummy-10] [root/event_listener.py:100]: Komorebi has disconnected from the named pipe yasb-5861fc19-a7ac-11f1-b603-00d86114443b
Traceback (most recent call last):
  File "D:\a\yasb\yasb\src\core\widgets\services\komorebi\event_listener.py", line 69, in run
  File "D:\a\yasb\yasb\src\core\widgets\services\komorebi\event_listener.py", line 130, in _wait_until_komorebi_online
UnicodeDecodeError: 'utf-8' codec can't decode byte 0x82 in position 91: invalid start byte
2026-09-03 17:34:59,832 [INFO] [Dummy-10] [root/event_listener.py:107]: Attempting to reconnect to Komorebi...
2026-09-03 17:35:02,844 [INFO] [Dummy-10] [root/event_listener.py:54]: Created named pipe yasb-5861fc19-a7ac-11f1-b603-00d86114443b
2026-09-03 17:35:02,897 [ERROR] [Dummy-10] [root/event_listener.py:100]: Komorebi has disconnected from the named pipe yasb-5861fc19-a7ac-11f1-b603-00d86114443b
Traceback (most recent call last):
  File "D:\a\yasb\yasb\src\core\widgets\services\komorebi\event_listener.py", line 69, in run
  File "D:\a\yasb\yasb\src\core\widgets\services\komorebi\event_listener.py", line 130, in _wait_until_komorebi_online
UnicodeDecodeError: 'utf-8' codec can't decode byte 0x82 in position 91: invalid start byte
2026-09-03 17:35:02,899 [INFO] [Dummy-10] [root/event_listener.py:107]: Attempting to reconnect to Komorebi...
2026-09-03 17:35:05,901 [INFO] [Dummy-10] [root/event_listener.py:54]: Created named pipe yasb-5861fc19-a7ac-11f1-b603-00d86114443b
2026-09-03 17:35:05,955 [ERROR] [Dummy-10] [root/event_listener.py:100]: Komorebi has disconnected from the named pipe yasb-5861fc19-a7ac-11f1-b603-00d86114443b
Traceback (most recent call last):
  File "D:\a\yasb\yasb\src\core\widgets\services\komorebi\event_listener.py", line 69, in run
  File "D:\a\yasb\yasb\src\core\widgets\services\komorebi\event_listener.py", line 130, in _wait_until_komorebi_online
UnicodeDecodeError: 'utf-8' codec can't decode byte 0x82 in position 91: invalid start byte
2026-09-03 17:35:05,957 [INFO] [Dummy-10] [root/event_listener.py:107]: Attempting to reconnect to Komorebi...
2026-09-03 17:35:08,963 [INFO] [Dummy-10] [root/event_listener.py:54]: Created named pipe yasb-5861fc19-a7ac-11f1-b603-00d86114443b
2026-09-03 17:35:09,017 [ERROR] [Dummy-10] [root/event_listener.py:100]: Komorebi has disconnected from the named pipe yasb-5861fc19-a7ac-11f1-b603-00d86114443b
Traceback (most recent call last):
  File "D:\a\yasb\yasb\src\core\widgets\services\komorebi\event_listener.py", line 69, in run
  File "D:\a\yasb\yasb\src\core\widgets\services\komorebi\event_listener.py", line 130, in _wait_until_komorebi_online
UnicodeDecodeError: 'utf-8' codec can't decode byte 0x82 in position 91: invalid start byte
2026-09-03 17:35:09,019 [INFO] [Dummy-10] [root/event_listener.py:107]: Attempting to reconnect to Komorebi...
2026-09-03 17:35:12,032 [INFO] [Dummy-10] [root/event_listener.py:54]: Created named pipe yasb-5861fc19-a7ac-11f1-b603-00d86114443b
2026-09-03 17:35:12,088 [ERROR] [Dummy-10] [root/event_listener.py:100]: Komorebi has disconnected from the named pipe yasb-5861fc19-a7ac-11f1-b603-00d86114443b
Traceback (most recent call last):
  File "D:\a\yasb\yasb\src\core\widgets\services\komorebi\event_listener.py", line 69, in run
  File "D:\a\yasb\yasb\src\core\widgets\services\komorebi\event_listener.py", line 130, in _wait_until_komorebi_online
UnicodeDecodeError: 'utf-8' codec can't decode byte 0x82 in position 91: invalid start byte
2026-09-03 17:35:12,090 [INFO] [Dummy-10] [root/event_listener.py:107]: Attempting to reconnect to Komorebi...
2026-09-03 17:35:15,091 [INFO] [Dummy-10] [root/event_listener.py:54]: Created named pipe yasb-5861fc19-a7ac-11f1-b603-00d86114443b
2026-09-03 17:35:15,148 [ERROR] [Dummy-10] [root/event_listener.py:100]: Komorebi has disconnected from the named pipe yasb-5861fc19-a7ac-11f1-b603-00d86114443b
Traceback (most recent call last):
  File "D:\a\yasb\yasb\src\core\widgets\services\komorebi\event_listener.py", line 69, in run
  File "D:\a\yasb\yasb\src\core\widgets\services\komorebi\event_listener.py", line 130, in _wait_until_komorebi_online
UnicodeDecodeError: 'utf-8' codec can't decode byte 0x82 in position 91: invalid start byte
2026-09-03 17:35:15,150 [INFO] [Dummy-10] [root/event_listener.py:107]: Attempting to reconnect to Komorebi...
2026-09-03 17:35:18,162 [INFO] [Dummy-10] [root/event_listener.py:54]: Created named pipe yasb-5861fc19-a7ac-11f1-b603-00d86114443b
2026-09-03 17:35:18,218 [ERROR] [Dummy-10] [root/event_listener.py:100]: Komorebi has disconnected from the named pipe yasb-5861fc19-a7ac-11f1-b603-00d86114443b
Traceback (most recent call last):
  File "D:\a\yasb\yasb\src\core\widgets\services\komorebi\event_listener.py", line 69, in run
  File "D:\a\yasb\yasb\src\core\widgets\services\komorebi\event_listener.py", line 130, in _wait_until_komorebi_online
UnicodeDecodeError: 'utf-8' codec can't decode byte 0x82 in position 91: invalid start byte
2026-09-03 17:35:18,220 [INFO] [Dummy-10] [root/event_listener.py:107]: Attempting to reconnect to Komorebi...
2026-09-03 17:35:21,230 [INFO] [Dummy-10] [root/event_listener.py:54]: Created named pipe yasb-5861fc19-a7ac-11f1-b603-00d86114443b
2026-09-03 17:35:21,285 [ERROR] [Dummy-10] [root/event_listener.py:100]: Komorebi has disconnected from the named pipe yasb-5861fc19-a7ac-11f1-b603-00d86114443b
Traceback (most recent call last):
  File "D:\a\yasb\yasb\src\core\widgets\services\komorebi\event_listener.py", line 69, in run
  File "D:\a\yasb\yasb\src\core\widgets\services\komorebi\event_listener.py", line 130, in _wait_until_komorebi_online
UnicodeDecodeError: 'utf-8' codec can't decode byte 0x82 in position 91: invalid start byte
2026-09-03 17:35:21,287 [INFO] [Dummy-10] [root/event_listener.py:107]: Attempting to reconnect to Komorebi...
2026-09-03 17:35:24,295 [INFO] [Dummy-10] [root/event_listener.py:54]: Created named pipe yasb-5861fc19-a7ac-11f1-b603-00d86114443b
2026-09-03 17:35:24,349 [ERROR] [Dummy-10] [root/event_listener.py:100]: Komorebi has disconnected from the named pipe yasb-5861fc19-a7ac-11f1-b603-00d86114443b
Traceback (most recent call last):
  File "D:\a\yasb\yasb\src\core\widgets\services\komorebi\event_listener.py", line 69, in run
  File "D:\a\yasb\yasb\src\core\widgets\services\komorebi\event_listener.py", line 130, in _wait_until_komorebi_online
UnicodeDecodeError: 'utf-8' codec can't decode byte 0x82 in position 91: invalid start byte
2026-09-03 17:35:24,351 [INFO] [Dummy-10] [root/event_listener.py:107]: Attempting to reconnect to Komorebi...
2026-09-03 17:35:27,359 [INFO] [Dummy-10] [root/event_listener.py:54]: Created named pipe yasb-5861fc19-a7ac-11f1-b603-00d86114443b
2026-09-03 17:35:27,414 [ERROR] [Dummy-10] [root/event_listener.py:100]: Komorebi has disconnected from the named pipe yasb-5861fc19-a7ac-11f1-b603-00d86114443b
Traceback (most recent call last):
  File "D:\a\yasb\yasb\src\core\widgets\services\komorebi\event_listener.py", line 69, in run
  File "D:\a\yasb\yasb\src\core\widgets\services\komorebi\event_listener.py", line 130, in _wait_until_komorebi_online
UnicodeDecodeError: 'utf-8' codec can't decode byte 0x82 in position 91: invalid start byte
2026-09-03 17:35:27,416 [INFO] [Dummy-10] [root/event_listener.py:107]: Attempting to reconnect to Komorebi...
2026-09-03 17:35:30,425 [INFO] [Dummy-10] [root/event_listener.py:54]: Created named pipe yasb-5861fc19-a7ac-11f1-b603-00d86114443b
2026-09-03 17:35:30,482 [ERROR] [Dummy-10] [root/event_listener.py:100]: Komorebi has disconnected from the named pipe yasb-5861fc19-a7ac-11f1-b603-00d86114443b
Traceback (most recent call last):
  File "D:\a\yasb\yasb\src\core\widgets\services\komorebi\event_listener.py", line 69, in run
  File "D:\a\yasb\yasb\src\core\widgets\services\komorebi\event_listener.py", line 130, in _wait_until_komorebi_online
UnicodeDecodeError: 'utf-8' codec can't decode byte 0x82 in position 91: invalid start byte
2026-09-03 17:35:30,484 [INFO] [Dummy-10] [root/event_listener.py:107]: Attempting to reconnect to Komorebi...
2026-09-03 17:35:33,488 [INFO] [Dummy-10] [root/event_listener.py:54]: Created named pipe yasb-5861fc19-a7ac-11f1-b603-00d86114443b
2026-09-03 17:35:33,547 [ERROR] [Dummy-10] [root/event_listener.py:100]: Komorebi has disconnected from the named pipe yasb-5861fc19-a7ac-11f1-b603-00d86114443b
Traceback (most recent call last):
  File "D:\a\yasb\yasb\src\core\widgets\services\komorebi\event_listener.py", line 69, in run
  File "D:\a\yasb\yasb\src\core\widgets\services\komorebi\event_listener.py", line 130, in _wait_until_komorebi_online
UnicodeDecodeError: 'utf-8' codec can't decode byte 0x82 in position 91: invalid start byte
2026-09-03 17:35:33,549 [INFO] [Dummy-10] [root/event_listener.py:107]: Attempting to reconnect to Komorebi...
2026-09-03 17:35:36,551 [INFO] [Dummy-10] [root/event_listener.py:54]: Created named pipe yasb-5861fc19-a7ac-11f1-b603-00d86114443b
2026-09-03 17:35:36,605 [ERROR] [Dummy-10] [root/event_listener.py:100]: Komorebi has disconnected from the named pipe yasb-5861fc19-a7ac-11f1-b603-00d86114443b
Traceback (most recent call last):
  File "D:\a\yasb\yasb\src\core\widgets\services\komorebi\event_listener.py", line 69, in run
  File "D:\a\yasb\yasb\src\core\widgets\services\komorebi\event_listener.py", line 130, in _wait_until_komorebi_online
UnicodeDecodeError: 'utf-8' codec can't decode byte 0x82 in position 91: invalid start byte
2026-09-03 17:35:36,607 [INFO] [Dummy-10] [root/event_listener.py:107]: Attempting to reconnect to Komorebi...
2026-09-03 17:35:39,617 [INFO] [Dummy-10] [root/event_listener.py:54]: Created named pipe yasb-5861fc19-a7ac-11f1-b603-00d86114443b
2026-09-03 17:35:39,671 [ERROR] [Dummy-10] [root/event_listener.py:100]: Komorebi has disconnected from the named pipe yasb-5861fc19-a7ac-11f1-b603-00d86114443b
Traceback (most recent call last):
  File "D:\a\yasb\yasb\src\core\widgets\services\komorebi\event_listener.py", line 69, in run
  File "D:\a\yasb\yasb\src\core\widgets\services\komorebi\event_listener.py", line 130, in _wait_until_komorebi_online
UnicodeDecodeError: 'utf-8' codec can't decode byte 0x82 in position 91: invalid start byte
2026-09-03 17:35:39,673 [INFO] [Dummy-10] [root/event_listener.py:107]: Attempting to reconnect to Komorebi...
2026-09-03 17:35:42,687 [INFO] [Dummy-10] [root/event_listener.py:54]: Created named pipe yasb-5861fc19-a7ac-11f1-b603-00d86114443b
2026-09-03 17:35:42,740 [ERROR] [Dummy-10] [root/event_listener.py:100]: Komorebi has disconnected from the named pipe yasb-5861fc19-a7ac-11f1-b603-00d86114443b
Traceback (most recent call last):
  File "D:\a\yasb\yasb\src\core\widgets\services\komorebi\event_listener.py", line 69, in run
  File "D:\a\yasb\yasb\src\core\widgets\services\komorebi\event_listener.py", line 130, in _wait_until_komorebi_online
UnicodeDecodeError: 'utf-8' codec can't decode byte 0x82 in position 91: invalid start byte
2026-09-03 17:35:42,742 [INFO] [Dummy-10] [root/event_listener.py:107]: Attempting to reconnect to Komorebi...
2026-09-03 17:35:45,754 [INFO] [Dummy-10] [root/event_listener.py:54]: Created named pipe yasb-5861fc19-a7ac-11f1-b603-00d86114443b
2026-09-03 17:35:45,807 [ERROR] [Dummy-10] [root/event_listener.py:100]: Komorebi has disconnected from the named pipe yasb-5861fc19-a7ac-11f1-b603-00d86114443b
Traceback (most recent call last):
  File "D:\a\yasb\yasb\src\core\widgets\services\komorebi\event_listener.py", line 69, in run
  File "D:\a\yasb\yasb\src\core\widgets\services\komorebi\event_listener.py", line 130, in _wait_until_komorebi_online
UnicodeDecodeError: 'utf-8' codec can't decode byte 0x82 in position 91: invalid start byte
2026-09-03 17:35:45,809 [INFO] [Dummy-10] [root/event_listener.py:107]: Attempting to reconnect to Komorebi...
2026-09-03 17:35:48,815 [INFO] [Dummy-10] [root/event_listener.py:54]: Created named pipe yasb-5861fc19-a7ac-11f1-b603-00d86114443b
2026-09-03 17:35:48,872 [ERROR] [Dummy-10] [root/event_listener.py:100]: Komorebi has disconnected from the named pipe yasb-5861fc19-a7ac-11f1-b603-00d86114443b
Traceback (most recent call last):
  File "D:\a\yasb\yasb\src\core\widgets\services\komorebi\event_listener.py", line 69, in run
  File "D:\a\yasb\yasb\src\core\widgets\services\komorebi\event_listener.py", line 130, in _wait_until_komorebi_online
UnicodeDecodeError: 'utf-8' codec can't decode byte 0x82 in position 91: invalid start byte
2026-09-03 17:35:48,874 [INFO] [Dummy-10] [root/event_listener.py:107]: Attempting to reconnect to Komorebi...
2026-09-03 17:35:51,883 [INFO] [Dummy-10] [root/event_listener.py:54]: Created named pipe yasb-5861fc19-a7ac-11f1-b603-00d86114443b
2026-09-03 17:35:51,948 [ERROR] [Dummy-10] [root/event_listener.py:100]: Komorebi has disconnected from the named pipe yasb-5861fc19-a7ac-11f1-b603-00d86114443b
Traceback (most recent call last):
  File "D:\a\yasb\yasb\src\core\widgets\services\komorebi\event_listener.py", line 69, in run
  File "D:\a\yasb\yasb\src\core\widgets\services\komorebi\event_listener.py", line 130, in _wait_until_komorebi_online
UnicodeDecodeError: 'utf-8' codec can't decode byte 0x82 in position 91: invalid start byte
2026-09-03 17:35:51,950 [INFO] [Dummy-10] [root/event_listener.py:107]: Attempting to reconnect to Komorebi...
2026-09-03 17:35:54,964 [INFO] [Dummy-10] [root/event_listener.py:54]: Created named pipe yasb-5861fc19-a7ac-11f1-b603-00d86114443b
2026-09-03 17:35:55,019 [ERROR] [Dummy-10] [root/event_listener.py:100]: Komorebi has disconnected from the named pipe yasb-5861fc19-a7ac-11f1-b603-00d86114443b
Traceback (most recent call last):
  File "D:\a\yasb\yasb\src\core\widgets\services\komorebi\event_listener.py", line 69, in run
  File "D:\a\yasb\yasb\src\core\widgets\services\komorebi\event_listener.py", line 130, in _wait_until_komorebi_online
UnicodeDecodeError: 'utf-8' codec can't decode byte 0x82 in position 91: invalid start byte
2026-09-03 17:35:55,021 [INFO] [Dummy-10] [root/event_listener.py:107]: Attempting to reconnect to Komorebi...
2026-09-03 17:35:58,030 [INFO] [Dummy-10] [root/event_listener.py:54]: Created named pipe yasb-5861fc19-a7ac-11f1-b603-00d86114443b
2026-09-03 17:35:58,087 [ERROR] [Dummy-10] [root/event_listener.py:100]: Komorebi has disconnected from the named pipe yasb-5861fc19-a7ac-11f1-b603-00d86114443b
Traceback (most recent call last):
  File "D:\a\yasb\yasb\src\core\widgets\services\komorebi\event_listener.py", line 69, in run
  File "D:\a\yasb\yasb\src\core\widgets\services\komorebi\event_listener.py", line 130, in _wait_until_komorebi_online
UnicodeDecodeError: 'utf-8' codec can't decode byte 0x82 in position 91: invalid start byte
2026-09-03 17:35:58,089 [INFO] [Dummy-10] [root/event_listener.py:107]: Attempting to reconnect to Komorebi...
2026-09-03 17:36:01,102 [INFO] [Dummy-10] [root/event_listener.py:54]: Created named pipe yasb-5861fc19-a7ac-11f1-b603-00d86114443b
2026-09-03 17:36:01,162 [ERROR] [Dummy-10] [root/event_listener.py:100]: Komorebi has disconnected from the named pipe yasb-5861fc19-a7ac-11f1-b603-00d86114443b
Traceback (most recent call last):
  File "D:\a\yasb\yasb\src\core\widgets\services\komorebi\event_listener.py", line 69, in run
  File "D:\a\yasb\yasb\src\core\widgets\services\komorebi\event_listener.py", line 130, in _wait_until_komorebi_online
UnicodeDecodeError: 'utf-8' codec can't decode byte 0x82 in position 91: invalid start byte
2026-09-03 17:36:01,164 [INFO] [Dummy-10] [root/event_listener.py:107]: Attempting to reconnect to Komorebi...
2026-09-03 17:36:04,168 [INFO] [Dummy-10] [root/event_listener.py:54]: Created named pipe yasb-5861fc19-a7ac-11f1-b603-00d86114443b
2026-09-03 17:36:04,224 [ERROR] [Dummy-10] [root/event_listener.py:100]: Komorebi has disconnected from the named pipe yasb-5861fc19-a7ac-11f1-b603-00d86114443b
Traceback (most recent call last):
  File "D:\a\yasb\yasb\src\core\widgets\services\komorebi\event_listener.py", line 69, in run
  File "D:\a\yasb\yasb\src\core\widgets\services\komorebi\event_listener.py", line 130, in _wait_until_komorebi_online
UnicodeDecodeError: 'utf-8' codec can't decode byte 0x82 in position 91: invalid start byte
2026-09-03 17:36:04,226 [INFO] [Dummy-10] [root/event_listener.py:107]: Attempting to reconnect to Komorebi...
2026-09-03 17:36:07,231 [INFO] [Dummy-10] [root/event_listener.py:54]: Created named pipe yasb-5861fc19-a7ac-11f1-b603-00d86114443b
2026-09-03 17:36:07,287 [ERROR] [Dummy-10] [root/event_listener.py:100]: Komorebi has disconnected from the named pipe yasb-5861fc19-a7ac-11f1-b603-00d86114443b
Traceback (most recent call last):
  File "D:\a\yasb\yasb\src\core\widgets\services\komorebi\event_listener.py", line 69, in run
  File "D:\a\yasb\yasb\src\core\widgets\services\komorebi\event_listener.py", line 130, in _wait_until_komorebi_online
UnicodeDecodeError: 'utf-8' codec can't decode byte 0x82 in position 91: invalid start byte
2026-09-03 17:36:07,288 [INFO] [Dummy-10] [root/event_listener.py:107]: Attempting to reconnect to Komorebi...
2026-09-03 17:36:10,295 [INFO] [Dummy-10] [root/event_listener.py:54]: Created named pipe yasb-5861fc19-a7ac-11f1-b603-00d86114443b
2026-09-03 17:36:10,352 [ERROR] [Dummy-10] [root/event_listener.py:100]: Komorebi has disconnected from the named pipe yasb-5861fc19-a7ac-11f1-b603-00d86114443b
Traceback (most recent call last):
  File "D:\a\yasb\yasb\src\core\widgets\services\komorebi\event_listener.py", line 69, in run
  File "D:\a\yasb\yasb\src\core\widgets\services\komorebi\event_listener.py", line 130, in _wait_until_komorebi_online
UnicodeDecodeError: 'utf-8' codec can't decode byte 0x82 in position 91: invalid start byte
2026-09-03 17:36:10,354 [INFO] [Dummy-10] [root/event_listener.py:107]: Attempting to reconnect to Komorebi...
2026-09-03 17:36:13,362 [INFO] [Dummy-10] [root/event_listener.py:54]: Created named pipe yasb-5861fc19-a7ac-11f1-b603-00d86114443b
2026-09-03 17:36:13,416 [ERROR] [Dummy-10] [root/event_listener.py:100]: Komorebi has disconnected from the named pipe yasb-5861fc19-a7ac-11f1-b603-00d86114443b
Traceback (most recent call last):
  File "D:\a\yasb\yasb\src\core\widgets\services\komorebi\event_listener.py", line 69, in run
  File "D:\a\yasb\yasb\src\core\widgets\services\komorebi\event_listener.py", line 130, in _wait_until_komorebi_online
UnicodeDecodeError: 'utf-8' codec can't decode byte 0x82 in position 91: invalid start byte
2026-09-03 17:36:13,418 [INFO] [Dummy-10] [root/event_listener.py:107]: Attempting to reconnect to Komorebi...
2026-09-03 17:36:16,424 [INFO] [Dummy-10] [root/event_listener.py:54]: Created named pipe yasb-5861fc19-a7ac-11f1-b603-00d86114443b
2026-09-03 17:36:16,482 [ERROR] [Dummy-10] [root/event_listener.py:100]: Komorebi has disconnected from the named pipe yasb-5861fc19-a7ac-11f1-b603-00d86114443b
Traceback (most recent call last):
  File "D:\a\yasb\yasb\src\core\widgets\services\komorebi\event_listener.py", line 69, in run
  File "D:\a\yasb\yasb\src\core\widgets\services\komorebi\event_listener.py", line 130, in _wait_until_komorebi_online
UnicodeDecodeError: 'utf-8' codec can't decode byte 0x82 in position 91: invalid start byte
2026-09-03 17:36:16,484 [INFO] [Dummy-10] [root/event_listener.py:107]: Attempting to reconnect to Komorebi...
2026-09-03 17:36:19,485 [INFO] [Dummy-10] [root/event_listener.py:54]: Created named pipe yasb-5861fc19-a7ac-11f1-b603-00d86114443b
2026-09-03 17:36:19,544 [ERROR] [Dummy-10] [root/event_listener.py:100]: Komorebi has disconnected from the named pipe yasb-5861fc19-a7ac-11f1-b603-00d86114443b
Traceback (most recent call last):
  File "D:\a\yasb\yasb\src\core\widgets\services\komorebi\event_listener.py", line 69, in run
  File "D:\a\yasb\yasb\src\core\widgets\services\komorebi\event_listener.py", line 130, in _wait_until_komorebi_online
UnicodeDecodeError: 'utf-8' codec can't decode byte 0x82 in position 91: invalid start byte
2026-09-03 17:36:19,546 [INFO] [Dummy-10] [root/event_listener.py:107]: Attempting to reconnect to Komorebi...
2026-09-03 17:36:22,553 [INFO] [Dummy-10] [root/event_listener.py:54]: Created named pipe yasb-5861fc19-a7ac-11f1-b603-00d86114443b
2026-09-03 17:36:22,608 [ERROR] [Dummy-10] [root/event_listener.py:100]: Komorebi has disconnected from the named pipe yasb-5861fc19-a7ac-11f1-b603-00d86114443b
Traceback (most recent call last):
  File "D:\a\yasb\yasb\src\core\widgets\services\komorebi\event_listener.py", line 69, in run
  File "D:\a\yasb\yasb\src\core\widgets\services\komorebi\event_listener.py", line 130, in _wait_until_komorebi_online
UnicodeDecodeError: 'utf-8' codec can't decode byte 0x82 in position 91: invalid start byte
2026-09-03 17:36:22,610 [INFO] [Dummy-10] [root/event_listener.py:107]: Attempting to reconnect to Komorebi...
2026-09-03 17:36:25,614 [INFO] [Dummy-10] [root/event_listener.py:54]: Created named pipe yasb-5861fc19-a7ac-11f1-b603-00d86114443b
2026-09-03 17:36:25,671 [ERROR] [Dummy-10] [root/event_listener.py:100]: Komorebi has disconnected from the named pipe yasb-5861fc19-a7ac-11f1-b603-00d86114443b
Traceback (most recent call last):
  File "D:\a\yasb\yasb\src\core\widgets\services\komorebi\event_listener.py", line 69, in run
  File "D:\a\yasb\yasb\src\core\widgets\services\komorebi\event_listener.py", line 130, in _wait_until_komorebi_online
UnicodeDecodeError: 'utf-8' codec can't decode byte 0x82 in position 91: invalid start byte
2026-09-03 17:36:25,673 [INFO] [Dummy-10] [root/event_listener.py:107]: Attempting to reconnect to Komorebi...
2026-09-03 17:36:28,676 [INFO] [Dummy-10] [root/event_listener.py:54]: Created named pipe yasb-5861fc19-a7ac-11f1-b603-00d86114443b
2026-09-03 17:36:28,731 [ERROR] [Dummy-10] [root/event_listener.py:100]: Komorebi has disconnected from the named pipe yasb-5861fc19-a7ac-11f1-b603-00d86114443b
Traceback (most recent call last):
  File "D:\a\yasb\yasb\src\core\widgets\services\komorebi\event_listener.py", line 69, in run
  File "D:\a\yasb\yasb\src\core\widgets\services\komorebi\event_listener.py", line 130, in _wait_until_komorebi_online
UnicodeDecodeError: 'utf-8' codec can't decode byte 0x82 in position 91: invalid start byte
2026-09-03 17:36:28,732 [INFO] [Dummy-10] [root/event_listener.py:107]: Attempting to reconnect to Komorebi...
2026-09-03 17:36:31,747 [INFO] [Dummy-10] [root/event_listener.py:54]: Created named pipe yasb-5861fc19-a7ac-11f1-b603-00d86114443b
2026-09-03 17:36:31,804 [ERROR] [Dummy-10] [root/event_listener.py:100]: Komorebi has disconnected from the named pipe yasb-5861fc19-a7ac-11f1-b603-00d86114443b
Traceback (most recent call last):
  File "D:\a\yasb\yasb\src\core\widgets\services\komorebi\event_listener.py", line 69, in run
  File "D:\a\yasb\yasb\src\core\widgets\services\komorebi\event_listener.py", line 130, in _wait_until_komorebi_online
UnicodeDecodeError: 'utf-8' codec can't decode byte 0x82 in position 91: invalid start byte
2026-09-03 17:36:31,806 [INFO] [Dummy-10] [root/event_listener.py:107]: Attempting to reconnect to Komorebi...
2026-09-03 17:36:34,821 [INFO] [Dummy-10] [root/event_listener.py:54]: Created named pipe yasb-5861fc19-a7ac-11f1-b603-00d86114443b
2026-09-03 17:36:34,876 [ERROR] [Dummy-10] [root/event_listener.py:100]: Komorebi has disconnected from the named pipe yasb-5861fc19-a7ac-11f1-b603-00d86114443b
Traceback (most recent call last):
  File "D:\a\yasb\yasb\src\core\widgets\services\komorebi\event_listener.py", line 69, in run
  File "D:\a\yasb\yasb\src\core\widgets\services\komorebi\event_listener.py", line 130, in _wait_until_komorebi_online
UnicodeDecodeError: 'utf-8' codec can't decode byte 0x82 in position 91: invalid start byte
2026-09-03 17:36:34,878 [INFO] [Dummy-10] [root/event_listener.py:107]: Attempting to reconnect to Komorebi...
2026-09-03 17:36:37,891 [INFO] [Dummy-10] [root/event_listener.py:54]: Created named pipe yasb-5861fc19-a7ac-11f1-b603-00d86114443b
2026-09-03 17:36:37,946 [ERROR] [Dummy-10] [root/event_listener.py:100]: Komorebi has disconnected from the named pipe yasb-5861fc19-a7ac-11f1-b603-00d86114443b
Traceback (most recent call last):
  File "D:\a\yasb\yasb\src\core\widgets\services\komorebi\event_listener.py", line 69, in run
  File "D:\a\yasb\yasb\src\core\widgets\services\komorebi\event_listener.py", line 130, in _wait_until_komorebi_online
UnicodeDecodeError: 'utf-8' codec can't decode byte 0x82 in position 91: invalid start byte
2026-09-03 17:36:37,948 [INFO] [Dummy-10] [root/event_listener.py:107]: Attempting to reconnect to Komorebi...
2026-09-03 17:36:40,955 [INFO] [Dummy-10] [root/event_listener.py:54]: Created named pipe yasb-5861fc19-a7ac-11f1-b603-00d86114443b
2026-09-03 17:36:41,011 [ERROR] [Dummy-10] [root/event_listener.py:100]: Komorebi has disconnected from the named pipe yasb-5861fc19-a7ac-11f1-b603-00d86114443b
Traceback (most recent call last):
  File "D:\a\yasb\yasb\src\core\widgets\services\komorebi\event_listener.py", line 69, in run
  File "D:\a\yasb\yasb\src\core\widgets\services\komorebi\event_listener.py", line 130, in _wait_until_komorebi_online
UnicodeDecodeError: 'utf-8' codec can't decode byte 0x82 in position 91: invalid start byte
2026-09-03 17:36:41,013 [INFO] [Dummy-10] [root/event_listener.py:107]: Attempting to reconnect to Komorebi...
2026-09-03 17:36:44,012 [INFO] [Dummy-10] [root/event_listener.py:54]: Created named pipe yasb-5861fc19-a7ac-11f1-b603-00d86114443b
2026-09-03 17:36:44,069 [ERROR] [Dummy-10] [root/event_listener.py:100]: Komorebi has disconnected from the named pipe yasb-5861fc19-a7ac-11f1-b603-00d86114443b
Traceback (most recent call last):
  File "D:\a\yasb\yasb\src\core\widgets\services\komorebi\event_listener.py", line 69, in run
  File "D:\a\yasb\yasb\src\core\widgets\services\komorebi\event_listener.py", line 130, in _wait_until_komorebi_online
UnicodeDecodeError: 'utf-8' codec can't decode byte 0x82 in position 91: invalid start byte
2026-09-03 17:36:44,071 [INFO] [Dummy-10] [root/event_listener.py:107]: Attempting to reconnect to Komorebi...
2026-09-03 17:36:47,080 [INFO] [Dummy-10] [root/event_listener.py:54]: Created named pipe yasb-5861fc19-a7ac-11f1-b603-00d86114443b
2026-09-03 17:36:47,143 [ERROR] [Dummy-10] [root/event_listener.py:100]: Komorebi has disconnected from the named pipe yasb-5861fc19-a7ac-11f1-b603-00d86114443b
Traceback (most recent call last):
  File "D:\a\yasb\yasb\src\core\widgets\services\komorebi\event_listener.py", line 69, in run
  File "D:\a\yasb\yasb\src\core\widgets\services\komorebi\event_listener.py", line 130, in _wait_until_komorebi_online
UnicodeDecodeError: 'utf-8' codec can't decode byte 0x82 in position 91: invalid start byte
2026-09-03 17:36:47,145 [INFO] [Dummy-10] [root/event_listener.py:107]: Attempting to reconnect to Komorebi...
2026-09-03 17:36:50,150 [INFO] [Dummy-10] [root/event_listener.py:54]: Created named pipe yasb-5861fc19-a7ac-11f1-b603-00d86114443b
2026-09-03 17:36:50,204 [ERROR] [Dummy-10] [root/event_listener.py:100]: Komorebi has disconnected from the named pipe yasb-5861fc19-a7ac-11f1-b603-00d86114443b
Traceback (most recent call last):
  File "D:\a\yasb\yasb\src\core\widgets\services\komorebi\event_listener.py", line 69, in run
  File "D:\a\yasb\yasb\src\core\widgets\services\komorebi\event_listener.py", line 130, in _wait_until_komorebi_online
UnicodeDecodeError: 'utf-8' codec can't decode byte 0x82 in position 91: invalid start byte
2026-09-03 17:36:50,206 [INFO] [Dummy-10] [root/event_listener.py:107]: Attempting to reconnect to Komorebi...
2026-09-03 17:36:53,216 [INFO] [Dummy-10] [root/event_listener.py:54]: Created named pipe yasb-5861fc19-a7ac-11f1-b603-00d86114443b
2026-09-03 17:36:53,271 [ERROR] [Dummy-10] [root/event_listener.py:100]: Komorebi has disconnected from the named pipe yasb-5861fc19-a7ac-11f1-b603-00d86114443b
Traceback (most recent call last):
  File "D:\a\yasb\yasb\src\core\widgets\services\komorebi\event_listener.py", line 69, in run
  File "D:\a\yasb\yasb\src\core\widgets\services\komorebi\event_listener.py", line 130, in _wait_until_komorebi_online
UnicodeDecodeError: 'utf-8' codec can't decode byte 0x82 in position 91: invalid start byte
2026-09-03 17:36:53,273 [INFO] [Dummy-10] [root/event_listener.py:107]: Attempting to reconnect to Komorebi...
2026-09-03 17:36:56,280 [INFO] [Dummy-10] [root/event_listener.py:54]: Created named pipe yasb-5861fc19-a7ac-11f1-b603-00d86114443b
2026-09-03 17:36:56,361 [ERROR] [Dummy-10] [root/event_listener.py:100]: Komorebi has disconnected from the named pipe yasb-5861fc19-a7ac-11f1-b603-00d86114443b
Traceback (most recent call last):
  File "D:\a\yasb\yasb\src\core\widgets\services\komorebi\event_listener.py", line 69, in run
  File "D:\a\yasb\yasb\src\core\widgets\services\komorebi\event_listener.py", line 130, in _wait_until_komorebi_online
UnicodeDecodeError: 'utf-8' codec can't decode byte 0x82 in position 91: invalid start byte
2026-09-03 17:36:56,363 [INFO] [Dummy-10] [root/event_listener.py:107]: Attempting to reconnect to Komorebi...
2026-09-03 17:36:59,376 [INFO] [Dummy-10] [root/event_listener.py:54]: Created named pipe yasb-5861fc19-a7ac-11f1-b603-00d86114443b
2026-09-03 17:36:59,431 [ERROR] [Dummy-10] [root/event_listener.py:100]: Komorebi has disconnected from the named pipe yasb-5861fc19-a7ac-11f1-b603-00d86114443b
Traceback (most recent call last):
  File "D:\a\yasb\yasb\src\core\widgets\services\komorebi\event_listener.py", line 69, in run
  File "D:\a\yasb\yasb\src\core\widgets\services\komorebi\event_listener.py", line 130, in _wait_until_komorebi_online
UnicodeDecodeError: 'utf-8' codec can't decode byte 0x82 in position 91: invalid start byte
2026-09-03 17:36:59,433 [INFO] [Dummy-10] [root/event_listener.py:107]: Attempting to reconnect to Komorebi...
2026-09-03 17:37:02,444 [INFO] [Dummy-10] [root/event_listener.py:54]: Created named pipe yasb-5861fc19-a7ac-11f1-b603-00d86114443b
2026-09-03 17:37:02,498 [ERROR] [Dummy-10] [root/event_listener.py:100]: Komorebi has disconnected from the named pipe yasb-5861fc19-a7ac-11f1-b603-00d86114443b
Traceback (most recent call last):
  File "D:\a\yasb\yasb\src\core\widgets\services\komorebi\event_listener.py", line 69, in run
  File "D:\a\yasb\yasb\src\core\widgets\services\komorebi\event_listener.py", line 130, in _wait_until_komorebi_online
UnicodeDecodeError: 'utf-8' codec can't decode byte 0x82 in position 91: invalid start byte
2026-09-03 17:37:02,500 [INFO] [Dummy-10] [root/event_listener.py:107]: Attempting to reconnect to Komorebi...
2026-09-03 17:37:05,508 [INFO] [Dummy-10] [root/event_listener.py:54]: Created named pipe yasb-5861fc19-a7ac-11f1-b603-00d86114443b
2026-09-03 17:37:05,563 [ERROR] [Dummy-10] [root/event_listener.py:100]: Komorebi has disconnected from the named pipe yasb-5861fc19-a7ac-11f1-b603-00d86114443b
Traceback (most recent call last):
  File "D:\a\yasb\yasb\src\core\widgets\services\komorebi\event_listener.py", line 69, in run
  File "D:\a\yasb\yasb\src\core\widgets\services\komorebi\event_listener.py", line 130, in _wait_until_komorebi_online
UnicodeDecodeError: 'utf-8' codec can't decode byte 0x82 in position 91: invalid start byte
2026-09-03 17:37:05,565 [INFO] [Dummy-10] [root/event_listener.py:107]: Attempting to reconnect to Komorebi...
2026-09-03 17:37:08,577 [INFO] [Dummy-10] [root/event_listener.py:54]: Created named pipe yasb-5861fc19-a7ac-11f1-b603-00d86114443b
2026-09-03 17:37:08,630 [ERROR] [Dummy-10] [root/event_listener.py:100]: Komorebi has disconnected from the named pipe yasb-5861fc19-a7ac-11f1-b603-00d86114443b
Traceback (most recent call last):
  File "D:\a\yasb\yasb\src\core\widgets\services\komorebi\event_listener.py", line 69, in run
  File "D:\a\yasb\yasb\src\core\widgets\services\komorebi\event_listener.py", line 130, in _wait_until_komorebi_online
UnicodeDecodeError: 'utf-8' codec can't decode byte 0x82 in position 91: invalid start byte
2026-09-03 17:37:08,632 [INFO] [Dummy-10] [root/event_listener.py:107]: Attempting to reconnect to Komorebi...
2026-09-03 17:37:11,635 [INFO] [Dummy-10] [root/event_listener.py:54]: Created named pipe yasb-5861fc19-a7ac-11f1-b603-00d86114443b
2026-09-03 17:37:11,688 [ERROR] [Dummy-10] [root/event_listener.py:100]: Komorebi has disconnected from the named pipe yasb-5861fc19-a7ac-11f1-b603-00d86114443b
Traceback (most recent call last):
  File "D:\a\yasb\yasb\src\core\widgets\services\komorebi\event_listener.py", line 69, in run
  File "D:\a\yasb\yasb\src\core\widgets\services\komorebi\event_listener.py", line 130, in _wait_until_komorebi_online
UnicodeDecodeError: 'utf-8' codec can't decode byte 0x82 in position 91: invalid start byte
2026-09-03 17:37:11,691 [INFO] [Dummy-10] [root/event_listener.py:107]: Attempting to reconnect to Komorebi...
2026-09-03 17:37:14,702 [INFO] [Dummy-10] [root/event_listener.py:54]: Created named pipe yasb-5861fc19-a7ac-11f1-b603-00d86114443b
2026-09-03 17:37:14,755 [ERROR] [Dummy-10] [root/event_listener.py:100]: Komorebi has disconnected from the named pipe yasb-5861fc19-a7ac-11f1-b603-00d86114443b
Traceback (most recent call last):
  File "D:\a\yasb\yasb\src\core\widgets\services\komorebi\event_listener.py", line 69, in run
  File "D:\a\yasb\yasb\src\core\widgets\services\komorebi\event_listener.py", line 130, in _wait_until_komorebi_online
UnicodeDecodeError: 'utf-8' codec can't decode byte 0x82 in position 91: invalid start byte
2026-09-03 17:37:14,757 [INFO] [Dummy-10] [root/event_listener.py:107]: Attempting to reconnect to Komorebi...
2026-09-03 17:37:17,758 [INFO] [Dummy-10] [root/event_listener.py:54]: Created named pipe yasb-5861fc19-a7ac-11f1-b603-00d86114443b
2026-09-03 17:37:17,812 [ERROR] [Dummy-10] [root/event_listener.py:100]: Komorebi has disconnected from the named pipe yasb-5861fc19-a7ac-11f1-b603-00d86114443b
Traceback (most recent call last):
  File "D:\a\yasb\yasb\src\core\widgets\services\komorebi\event_listener.py", line 69, in run
  File "D:\a\yasb\yasb\src\core\widgets\services\komorebi\event_listener.py", line 130, in _wait_until_komorebi_online
UnicodeDecodeError: 'utf-8' codec can't decode byte 0x82 in position 91: invalid start byte
2026-09-03 17:37:17,814 [INFO] [Dummy-10] [root/event_listener.py:107]: Attempting to reconnect to Komorebi...
2026-09-03 17:37:20,823 [INFO] [Dummy-10] [root/event_listener.py:54]: Created named pipe yasb-5861fc19-a7ac-11f1-b603-00d86114443b
2026-09-03 17:37:20,878 [ERROR] [Dummy-10] [root/event_listener.py:100]: Komorebi has disconnected from the named pipe yasb-5861fc19-a7ac-11f1-b603-00d86114443b
Traceback (most recent call last):
  File "D:\a\yasb\yasb\src\core\widgets\services\komorebi\event_listener.py", line 69, in run
  File "D:\a\yasb\yasb\src\core\widgets\services\komorebi\event_listener.py", line 130, in _wait_until_komorebi_online
UnicodeDecodeError: 'utf-8' codec can't decode byte 0x82 in position 91: invalid start byte
2026-09-03 17:37:20,879 [INFO] [Dummy-10] [root/event_listener.py:107]: Attempting to reconnect to Komorebi...
2026-09-03 17:37:23,889 [INFO] [Dummy-10] [root/event_listener.py:54]: Created named pipe yasb-5861fc19-a7ac-11f1-b603-00d86114443b
2026-09-03 17:37:23,942 [ERROR] [Dummy-10] [root/event_listener.py:100]: Komorebi has disconnected from the named pipe yasb-5861fc19-a7ac-11f1-b603-00d86114443b
Traceback (most recent call last):
  File "D:\a\yasb\yasb\src\core\widgets\services\komorebi\event_listener.py", line 69, in run
  File "D:\a\yasb\yasb\src\core\widgets\services\komorebi\event_listener.py", line 130, in _wait_until_komorebi_online
UnicodeDecodeError: 'utf-8' codec can't decode byte 0x82 in position 91: invalid start byte
2026-09-03 17:37:23,944 [INFO] [Dummy-10] [root/event_listener.py:107]: Attempting to reconnect to Komorebi...
2026-09-03 17:37:26,956 [INFO] [Dummy-10] [root/event_listener.py:54]: Created named pipe yasb-5861fc19-a7ac-11f1-b603-00d86114443b
2026-09-03 17:37:27,010 [ERROR] [Dummy-10] [root/event_listener.py:100]: Komorebi has disconnected from the named pipe yasb-5861fc19-a7ac-11f1-b603-00d86114443b
Traceback (most recent call last):
  File "D:\a\yasb\yasb\src\core\widgets\services\komorebi\event_listener.py", line 69, in run
  File "D:\a\yasb\yasb\src\core\widgets\services\komorebi\event_listener.py", line 130, in _wait_until_komorebi_online
UnicodeDecodeError: 'utf-8' codec can't decode byte 0x82 in position 91: invalid start byte
2026-09-03 17:37:27,012 [INFO] [Dummy-10] [root/event_listener.py:107]: Attempting to reconnect to Komorebi...
2026-09-03 17:37:30,016 [INFO] [Dummy-10] [root/event_listener.py:54]: Created named pipe yasb-5861fc19-a7ac-11f1-b603-00d86114443b
2026-09-03 17:37:30,070 [ERROR] [Dummy-10] [root/event_listener.py:100]: Komorebi has disconnected from the named pipe yasb-5861fc19-a7ac-11f1-b603-00d86114443b
Traceback (most recent call last):
  File "D:\a\yasb\yasb\src\core\widgets\services\komorebi\event_listener.py", line 69, in run
  File "D:\a\yasb\yasb\src\core\widgets\services\komorebi\event_listener.py", line 130, in _wait_until_komorebi_online
UnicodeDecodeError: 'utf-8' codec can't decode byte 0x82 in position 91: invalid start byte
2026-09-03 17:37:30,071 [INFO] [Dummy-10] [root/event_listener.py:107]: Attempting to reconnect to Komorebi...
2026-09-03 17:37:33,085 [INFO] [Dummy-10] [root/event_listener.py:54]: Created named pipe yasb-5861fc19-a7ac-11f1-b603-00d86114443b
2026-09-03 17:37:33,138 [ERROR] [Dummy-10] [root/event_listener.py:100]: Komorebi has disconnected from the named pipe yasb-5861fc19-a7ac-11f1-b603-00d86114443b
Traceback (most recent call last):
  File "D:\a\yasb\yasb\src\core\widgets\services\komorebi\event_listener.py", line 69, in run
  File "D:\a\yasb\yasb\src\core\widgets\services\komorebi\event_listener.py", line 130, in _wait_until_komorebi_online
UnicodeDecodeError: 'utf-8' codec can't decode byte 0x82 in position 91: invalid start byte
2026-09-03 17:37:33,139 [INFO] [Dummy-10] [root/event_listener.py:107]: Attempting to reconnect to Komorebi...
2026-09-03 17:37:36,144 [INFO] [Dummy-10] [root/event_listener.py:54]: Created named pipe yasb-5861fc19-a7ac-11f1-b603-00d86114443b
2026-09-03 17:37:36,199 [ERROR] [Dummy-10] [root/event_listener.py:100]: Komorebi has disconnected from the named pipe yasb-5861fc19-a7ac-11f1-b603-00d86114443b
Traceback (most recent call last):
  File "D:\a\yasb\yasb\src\core\widgets\services\komorebi\event_listener.py", line 69, in run
  File "D:\a\yasb\yasb\src\core\widgets\services\komorebi\event_listener.py", line 130, in _wait_until_komorebi_online
UnicodeDecodeError: 'utf-8' codec can't decode byte 0x82 in position 91: invalid start byte
2026-09-03 17:37:36,201 [INFO] [Dummy-10] [root/event_listener.py:107]: Attempting to reconnect to Komorebi...
2026-09-03 17:37:39,203 [INFO] [Dummy-10] [root/event_listener.py:54]: Created named pipe yasb-5861fc19-a7ac-11f1-b603-00d86114443b
2026-09-03 17:37:39,257 [ERROR] [Dummy-10] [root/event_listener.py:100]: Komorebi has disconnected from the named pipe yasb-5861fc19-a7ac-11f1-b603-00d86114443b
Traceback (most recent call last):
  File "D:\a\yasb\yasb\src\core\widgets\services\komorebi\event_listener.py", line 69, in run
  File "D:\a\yasb\yasb\src\core\widgets\services\komorebi\event_listener.py", line 130, in _wait_until_komorebi_online
UnicodeDecodeError: 'utf-8' codec can't decode byte 0x82 in position 91: invalid start byte
2026-09-03 17:37:39,259 [INFO] [Dummy-10] [root/event_listener.py:107]: Attempting to reconnect to Komorebi...
2026-09-03 17:37:42,271 [INFO] [Dummy-10] [root/event_listener.py:54]: Created named pipe yasb-5861fc19-a7ac-11f1-b603-00d86114443b
2026-09-03 17:37:42,325 [ERROR] [Dummy-10] [root/event_listener.py:100]: Komorebi has disconnected from the named pipe yasb-5861fc19-a7ac-11f1-b603-00d86114443b
Traceback (most recent call last):
  File "D:\a\yasb\yasb\src\core\widgets\services\komorebi\event_listener.py", line 69, in run
  File "D:\a\yasb\yasb\src\core\widgets\services\komorebi\event_listener.py", line 130, in _wait_until_komorebi_online
UnicodeDecodeError: 'utf-8' codec can't decode byte 0x82 in position 91: invalid start byte
2026-09-03 17:37:42,327 [INFO] [Dummy-10] [root/event_listener.py:107]: Attempting to reconnect to Komorebi...
2026-09-03 17:37:45,340 [INFO] [Dummy-10] [root/event_listener.py:54]: Created named pipe yasb-5861fc19-a7ac-11f1-b603-00d86114443b
2026-09-03 17:37:45,394 [ERROR] [Dummy-10] [root/event_listener.py:100]: Komorebi has disconnected from the named pipe yasb-5861fc19-a7ac-11f1-b603-00d86114443b
Traceback (most recent call last):
  File "D:\a\yasb\yasb\src\core\widgets\services\komorebi\event_listener.py", line 69, in run
  File "D:\a\yasb\yasb\src\core\widgets\services\komorebi\event_listener.py", line 130, in _wait_until_komorebi_online
UnicodeDecodeError: 'utf-8' codec can't decode byte 0x82 in position 91: invalid start byte
2026-09-03 17:37:45,396 [INFO] [Dummy-10] [root/event_listener.py:107]: Attempting to reconnect to Komorebi...
2026-09-03 17:37:48,399 [INFO] [Dummy-10] [root/event_listener.py:54]: Created named pipe yasb-5861fc19-a7ac-11f1-b603-00d86114443b
2026-09-03 17:37:48,454 [ERROR] [Dummy-10] [root/event_listener.py:100]: Komorebi has disconnected from the named pipe yasb-5861fc19-a7ac-11f1-b603-00d86114443b
Traceback (most recent call last):
  File "D:\a\yasb\yasb\src\core\widgets\services\komorebi\event_listener.py", line 69, in run
  File "D:\a\yasb\yasb\src\core\widgets\services\komorebi\event_listener.py", line 130, in _wait_until_komorebi_online
UnicodeDecodeError: 'utf-8' codec can't decode byte 0x82 in position 91: invalid start byte
2026-09-03 17:37:48,458 [INFO] [Dummy-10] [root/event_listener.py:107]: Attempting to reconnect to Komorebi...
2026-09-03 17:37:51,460 [INFO] [Dummy-10] [root/event_listener.py:54]: Created named pipe yasb-5861fc19-a7ac-11f1-b603-00d86114443b
2026-09-03 17:37:51,513 [ERROR] [Dummy-10] [root/event_listener.py:100]: Komorebi has disconnected from the named pipe yasb-5861fc19-a7ac-11f1-b603-00d86114443b
Traceback (most recent call last):
  File "D:\a\yasb\yasb\src\core\widgets\services\komorebi\event_listener.py", line 69, in run
  File "D:\a\yasb\yasb\src\core\widgets\services\komorebi\event_listener.py", line 130, in _wait_until_komorebi_online
UnicodeDecodeError: 'utf-8' codec can't decode byte 0x82 in position 91: invalid start byte
2026-09-03 17:37:51,515 [INFO] [Dummy-10] [root/event_listener.py:107]: Attempting to reconnect to Komorebi...
2026-09-03 17:37:54,516 [INFO] [Dummy-10] [root/event_listener.py:54]: Created named pipe yasb-5861fc19-a7ac-11f1-b603-00d86114443b
2026-09-03 17:37:54,569 [ERROR] [Dummy-10] [root/event_listener.py:100]: Komorebi has disconnected from the named pipe yasb-5861fc19-a7ac-11f1-b603-00d86114443b
Traceback (most recent call last):
  File "D:\a\yasb\yasb\src\core\widgets\services\komorebi\event_listener.py", line 69, in run
  File "D:\a\yasb\yasb\src\core\widgets\services\komorebi\event_listener.py", line 130, in _wait_until_komorebi_online
UnicodeDecodeError: 'utf-8' codec can't decode byte 0x82 in position 91: invalid start byte
2026-09-03 17:37:54,571 [INFO] [Dummy-10] [root/event_listener.py:107]: Attempting to reconnect to Komorebi...
2026-09-03 17:37:57,584 [INFO] [Dummy-10] [root/event_listener.py:54]: Created named pipe yasb-5861fc19-a7ac-11f1-b603-00d86114443b
2026-09-03 17:37:57,638 [ERROR] [Dummy-10] [root/event_listener.py:100]: Komorebi has disconnected from the named pipe yasb-5861fc19-a7ac-11f1-b603-00d86114443b
Traceback (most recent call last):
  File "D:\a\yasb\yasb\src\core\widgets\services\komorebi\event_listener.py", line 69, in run
  File "D:\a\yasb\yasb\src\core\widgets\services\komorebi\event_listener.py", line 130, in _wait_until_komorebi_online
UnicodeDecodeError: 'utf-8' codec can't decode byte 0x82 in position 91: invalid start byte
2026-09-03 17:37:57,640 [INFO] [Dummy-10] [root/event_listener.py:107]: Attempting to reconnect to Komorebi...
2026-09-03 17:38:00,651 [INFO] [Dummy-10] [root/event_listener.py:54]: Created named pipe yasb-5861fc19-a7ac-11f1-b603-00d86114443b
2026-09-03 17:38:00,705 [ERROR] [Dummy-10] [root/event_listener.py:100]: Komorebi has disconnected from the named pipe yasb-5861fc19-a7ac-11f1-b603-00d86114443b
Traceback (most recent call last):
  File "D:\a\yasb\yasb\src\core\widgets\services\komorebi\event_listener.py", line 69, in run
  File "D:\a\yasb\yasb\src\core\widgets\services\komorebi\event_listener.py", line 130, in _wait_until_komorebi_online
UnicodeDecodeError: 'utf-8' codec can't decode byte 0x82 in position 91: invalid start byte
2026-09-03 17:38:00,707 [INFO] [Dummy-10] [root/event_listener.py:107]: Attempting to reconnect to Komorebi...
2026-09-03 17:38:03,707 [INFO] [Dummy-10] [root/event_listener.py:54]: Created named pipe yasb-5861fc19-a7ac-11f1-b603-00d86114443b
2026-09-03 17:38:03,762 [ERROR] [Dummy-10] [root/event_listener.py:100]: Komorebi has disconnected from the named pipe yasb-5861fc19-a7ac-11f1-b603-00d86114443b
Traceback (most recent call last):
  File "D:\a\yasb\yasb\src\core\widgets\services\komorebi\event_listener.py", line 69, in run
  File "D:\a\yasb\yasb\src\core\widgets\services\komorebi\event_listener.py", line 130, in _wait_until_komorebi_online
UnicodeDecodeError: 'utf-8' codec can't decode byte 0x82 in position 91: invalid start byte
2026-09-03 17:38:03,763 [INFO] [Dummy-10] [root/event_listener.py:107]: Attempting to reconnect to Komorebi...
2026-09-03 17:38:06,763 [INFO] [Dummy-10] [root/event_listener.py:54]: Created named pipe yasb-5861fc19-a7ac-11f1-b603-00d86114443b
2026-09-03 17:38:06,816 [ERROR] [Dummy-10] [root/event_listener.py:100]: Komorebi has disconnected from the named pipe yasb-5861fc19-a7ac-11f1-b603-00d86114443b
Traceback (most recent call last):
  File "D:\a\yasb\yasb\src\core\widgets\services\komorebi\event_listener.py", line 69, in run
  File "D:\a\yasb\yasb\src\core\widgets\services\komorebi\event_listener.py", line 130, in _wait_until_komorebi_online
UnicodeDecodeError: 'utf-8' codec can't decode byte 0x82 in position 91: invalid start byte
2026-09-03 17:38:06,818 [INFO] [Dummy-10] [root/event_listener.py:107]: Attempting to reconnect to Komorebi...
2026-09-03 17:38:09,825 [INFO] [Dummy-10] [root/event_listener.py:54]: Created named pipe yasb-5861fc19-a7ac-11f1-b603-00d86114443b
2026-09-03 17:38:09,881 [ERROR] [Dummy-10] [root/event_listener.py:100]: Komorebi has disconnected from the named pipe yasb-5861fc19-a7ac-11f1-b603-00d86114443b
Traceback (most recent call last):
  File "D:\a\yasb\yasb\src\core\widgets\services\komorebi\event_listener.py", line 69, in run
  File "D:\a\yasb\yasb\src\core\widgets\services\komorebi\event_listener.py", line 130, in _wait_until_komorebi_online
UnicodeDecodeError: 'utf-8' codec can't decode byte 0x82 in position 91: invalid start byte
2026-09-03 17:38:09,883 [INFO] [Dummy-10] [root/event_listener.py:107]: Attempting to reconnect to Komorebi...
2026-09-03 17:38:12,891 [INFO] [Dummy-10] [root/event_listener.py:54]: Created named pipe yasb-5861fc19-a7ac-11f1-b603-00d86114443b
2026-09-03 17:38:12,950 [ERROR] [Dummy-10] [root/event_listener.py:100]: Komorebi has disconnected from the named pipe yasb-5861fc19-a7ac-11f1-b603-00d86114443b
Traceback (most recent call last):
  File "D:\a\yasb\yasb\src\core\widgets\services\komorebi\event_listener.py", line 69, in run
  File "D:\a\yasb\yasb\src\core\widgets\services\komorebi\event_listener.py", line 130, in _wait_until_komorebi_online
UnicodeDecodeError: 'utf-8' codec can't decode byte 0x82 in position 91: invalid start byte
2026-09-03 17:38:12,952 [INFO] [Dummy-10] [root/event_listener.py:107]: Attempting to reconnect to Komorebi...
2026-09-03 17:38:15,960 [INFO] [Dummy-10] [root/event_listener.py:54]: Created named pipe yasb-5861fc19-a7ac-11f1-b603-00d86114443b
2026-09-03 17:38:16,014 [ERROR] [Dummy-10] [root/event_listener.py:100]: Komorebi has disconnected from the named pipe yasb-5861fc19-a7ac-11f1-b603-00d86114443b
Traceback (most recent call last):
  File "D:\a\yasb\yasb\src\core\widgets\services\komorebi\event_listener.py", line 69, in run
  File "D:\a\yasb\yasb\src\core\widgets\services\komorebi\event_listener.py", line 130, in _wait_until_komorebi_online
UnicodeDecodeError: 'utf-8' codec can't decode byte 0x82 in position 91: invalid start byte
2026-09-03 17:38:16,016 [INFO] [Dummy-10] [root/event_listener.py:107]: Attempting to reconnect to Komorebi...
2026-09-03 17:38:19,022 [INFO] [Dummy-10] [root/event_listener.py:54]: Created named pipe yasb-5861fc19-a7ac-11f1-b603-00d86114443b
2026-09-03 17:38:19,080 [ERROR] [Dummy-10] [root/event_listener.py:100]: Komorebi has disconnected from the named pipe yasb-5861fc19-a7ac-11f1-b603-00d86114443b
Traceback (most recent call last):
  File "D:\a\yasb\yasb\src\core\widgets\services\komorebi\event_listener.py", line 69, in run
  File "D:\a\yasb\yasb\src\core\widgets\services\komorebi\event_listener.py", line 130, in _wait_until_komorebi_online
UnicodeDecodeError: 'utf-8' codec can't decode byte 0x82 in position 91: invalid start byte
2026-09-03 17:38:19,081 [INFO] [Dummy-10] [root/event_listener.py:107]: Attempting to reconnect to Komorebi...
2026-09-03 17:38:22,085 [INFO] [Dummy-10] [root/event_listener.py:54]: Created named pipe yasb-5861fc19-a7ac-11f1-b603-00d86114443b
2026-09-03 17:38:22,140 [ERROR] [Dummy-10] [root/event_listener.py:100]: Komorebi has disconnected from the named pipe yasb-5861fc19-a7ac-11f1-b603-00d86114443b
Traceback (most recent call last):
  File "D:\a\yasb\yasb\src\core\widgets\services\komorebi\event_listener.py", line 69, in run
  File "D:\a\yasb\yasb\src\core\widgets\services\komorebi\event_listener.py", line 130, in _wait_until_komorebi_online
UnicodeDecodeError: 'utf-8' codec can't decode byte 0x82 in position 91: invalid start byte
2026-09-03 17:38:22,141 [INFO] [Dummy-10] [root/event_listener.py:107]: Attempting to reconnect to Komorebi...
2026-09-03 17:38:25,145 [INFO] [Dummy-10] [root/event_listener.py:54]: Created named pipe yasb-5861fc19-a7ac-11f1-b603-00d86114443b
2026-09-03 17:38:25,200 [ERROR] [Dummy-10] [root/event_listener.py:100]: Komorebi has disconnected from the named pipe yasb-5861fc19-a7ac-11f1-b603-00d86114443b
Traceback (most recent call last):
  File "D:\a\yasb\yasb\src\core\widgets\services\komorebi\event_listener.py", line 69, in run
  File "D:\a\yasb\yasb\src\core\widgets\services\komorebi\event_listener.py", line 130, in _wait_until_komorebi_online
UnicodeDecodeError: 'utf-8' codec can't decode byte 0x82 in position 91: invalid start byte
2026-09-03 17:38:25,201 [INFO] [Dummy-10] [root/event_listener.py:107]: Attempting to reconnect to Komorebi...
2026-09-03 17:38:28,215 [INFO] [Dummy-10] [root/event_listener.py:54]: Created named pipe yasb-5861fc19-a7ac-11f1-b603-00d86114443b
2026-09-03 17:38:28,269 [ERROR] [Dummy-10] [root/event_listener.py:100]: Komorebi has disconnected from the named pipe yasb-5861fc19-a7ac-11f1-b603-00d86114443b
Traceback (most recent call last):
  File "D:\a\yasb\yasb\src\core\widgets\services\komorebi\event_listener.py", line 69, in run
  File "D:\a\yasb\yasb\src\core\widgets\services\komorebi\event_listener.py", line 130, in _wait_until_komorebi_online
UnicodeDecodeError: 'utf-8' codec can't decode byte 0x82 in position 91: invalid start byte
2026-09-03 17:38:28,271 [INFO] [Dummy-10] [root/event_listener.py:107]: Attempting to reconnect to Komorebi...
2026-09-03 17:38:31,285 [INFO] [Dummy-10] [root/event_listener.py:54]: Created named pipe yasb-5861fc19-a7ac-11f1-b603-00d86114443b
2026-09-03 17:38:31,338 [ERROR] [Dummy-10] [root/event_listener.py:100]: Komorebi has disconnected from the named pipe yasb-5861fc19-a7ac-11f1-b603-00d86114443b
Traceback (most recent call last):
  File "D:\a\yasb\yasb\src\core\widgets\services\komorebi\event_listener.py", line 69, in run
  File "D:\a\yasb\yasb\src\core\widgets\services\komorebi\event_listener.py", line 130, in _wait_until_komorebi_online
UnicodeDecodeError: 'utf-8' codec can't decode byte 0x82 in position 91: invalid start byte
2026-09-03 17:38:31,340 [INFO] [Dummy-10] [root/event_listener.py:107]: Attempting to reconnect to Komorebi...
2026-09-03 17:38:34,354 [INFO] [Dummy-10] [root/event_listener.py:54]: Created named pipe yasb-5861fc19-a7ac-11f1-b603-00d86114443b
2026-09-03 17:38:34,407 [ERROR] [Dummy-10] [root/event_listener.py:100]: Komorebi has disconnected from the named pipe yasb-5861fc19-a7ac-11f1-b603-00d86114443b
Traceback (most recent call last):
  File "D:\a\yasb\yasb\src\core\widgets\services\komorebi\event_listener.py", line 69, in run
  File "D:\a\yasb\yasb\src\core\widgets\services\komorebi\event_listener.py", line 130, in _wait_until_komorebi_online
UnicodeDecodeError: 'utf-8' codec can't decode byte 0x82 in position 91: invalid start byte
2026-09-03 17:38:34,409 [INFO] [Dummy-10] [root/event_listener.py:107]: Attempting to reconnect to Komorebi...
2026-09-03 17:38:37,409 [INFO] [Dummy-10] [root/event_listener.py:54]: Created named pipe yasb-5861fc19-a7ac-11f1-b603-00d86114443b
2026-09-03 17:38:37,462 [ERROR] [Dummy-10] [root/event_listener.py:100]: Komorebi has disconnected from the named pipe yasb-5861fc19-a7ac-11f1-b603-00d86114443b
Traceback (most recent call last):
  File "D:\a\yasb\yasb\src\core\widgets\services\komorebi\event_listener.py", line 69, in run
  File "D:\a\yasb\yasb\src\core\widgets\services\komorebi\event_listener.py", line 130, in _wait_until_komorebi_online
UnicodeDecodeError: 'utf-8' codec can't decode byte 0x82 in position 91: invalid start byte
2026-09-03 17:38:37,464 [INFO] [Dummy-10] [root/event_listener.py:107]: Attempting to reconnect to Komorebi...
2026-09-03 17:38:40,470 [INFO] [Dummy-10] [root/event_listener.py:54]: Created named pipe yasb-5861fc19-a7ac-11f1-b603-00d86114443b
2026-09-03 17:38:40,525 [ERROR] [Dummy-10] [root/event_listener.py:100]: Komorebi has disconnected from the named pipe yasb-5861fc19-a7ac-11f1-b603-00d86114443b
Traceback (most recent call last):
  File "D:\a\yasb\yasb\src\core\widgets\services\komorebi\event_listener.py", line 69, in run
  File "D:\a\yasb\yasb\src\core\widgets\services\komorebi\event_listener.py", line 130, in _wait_until_komorebi_online
UnicodeDecodeError: 'utf-8' codec can't decode byte 0x82 in position 91: invalid start byte
2026-09-03 17:38:40,527 [INFO] [Dummy-10] [root/event_listener.py:107]: Attempting to reconnect to Komorebi...
2026-09-03 17:38:43,534 [INFO] [Dummy-10] [root/event_listener.py:54]: Created named pipe yasb-5861fc19-a7ac-11f1-b603-00d86114443b
2026-09-03 17:38:43,587 [ERROR] [Dummy-10] [root/event_listener.py:100]: Komorebi has disconnected from the named pipe yasb-5861fc19-a7ac-11f1-b603-00d86114443b
Traceback (most recent call last):
  File "D:\a\yasb\yasb\src\core\widgets\services\komorebi\event_listener.py", line 69, in run
  File "D:\a\yasb\yasb\src\core\widgets\services\komorebi\event_listener.py", line 130, in _wait_until_komorebi_online
UnicodeDecodeError: 'utf-8' codec can't decode byte 0x82 in position 91: invalid start byte
2026-09-03 17:38:43,589 [INFO] [Dummy-10] [root/event_listener.py:107]: Attempting to reconnect to Komorebi...
2026-09-03 17:38:46,591 [INFO] [Dummy-10] [root/event_listener.py:54]: Created named pipe yasb-5861fc19-a7ac-11f1-b603-00d86114443b
2026-09-03 17:38:46,645 [ERROR] [Dummy-10] [root/event_listener.py:100]: Komorebi has disconnected from the named pipe yasb-5861fc19-a7ac-11f1-b603-00d86114443b
Traceback (most recent call last):
  File "D:\a\yasb\yasb\src\core\widgets\services\komorebi\event_listener.py", line 69, in run
  File "D:\a\yasb\yasb\src\core\widgets\services\komorebi\event_listener.py", line 130, in _wait_until_komorebi_online
UnicodeDecodeError: 'utf-8' codec can't decode byte 0x82 in position 91: invalid start byte
2026-09-03 17:38:46,646 [INFO] [Dummy-10] [root/event_listener.py:107]: Attempting to reconnect to Komorebi...
2026-09-03 17:38:49,658 [INFO] [Dummy-10] [root/event_listener.py:54]: Created named pipe yasb-5861fc19-a7ac-11f1-b603-00d86114443b
2026-09-03 17:38:49,712 [ERROR] [Dummy-10] [root/event_listener.py:100]: Komorebi has disconnected from the named pipe yasb-5861fc19-a7ac-11f1-b603-00d86114443b
Traceback (most recent call last):
  File "D:\a\yasb\yasb\src\core\widgets\services\komorebi\event_listener.py", line 69, in run
  File "D:\a\yasb\yasb\src\core\widgets\services\komorebi\event_listener.py", line 130, in _wait_until_komorebi_online
UnicodeDecodeError: 'utf-8' codec can't decode byte 0x82 in position 91: invalid start byte
2026-09-03 17:38:49,714 [INFO] [Dummy-10] [root/event_listener.py:107]: Attempting to reconnect to Komorebi...
2026-09-03 17:38:52,718 [INFO] [Dummy-10] [root/event_listener.py:54]: Created named pipe yasb-5861fc19-a7ac-11f1-b603-00d86114443b
2026-09-03 17:38:52,771 [ERROR] [Dummy-10] [root/event_listener.py:100]: Komorebi has disconnected from the named pipe yasb-5861fc19-a7ac-11f1-b603-00d86114443b
Traceback (most recent call last):
  File "D:\a\yasb\yasb\src\core\widgets\services\komorebi\event_listener.py", line 69, in run
  File "D:\a\yasb\yasb\src\core\widgets\services\komorebi\event_listener.py", line 130, in _wait_until_komorebi_online
UnicodeDecodeError: 'utf-8' codec can't decode byte 0x82 in position 91: invalid start byte
2026-09-03 17:38:52,773 [INFO] [Dummy-10] [root/event_listener.py:107]: Attempting to reconnect to Komorebi...
2026-09-03 17:38:55,787 [INFO] [Dummy-10] [root/event_listener.py:54]: Created named pipe yasb-5861fc19-a7ac-11f1-b603-00d86114443b
2026-09-03 17:38:55,841 [ERROR] [Dummy-10] [root/event_listener.py:100]: Komorebi has disconnected from the named pipe yasb-5861fc19-a7ac-11f1-b603-00d86114443b
Traceback (most recent call last):
  File "D:\a\yasb\yasb\src\core\widgets\services\komorebi\event_listener.py", line 69, in run
  File "D:\a\yasb\yasb\src\core\widgets\services\komorebi\event_listener.py", line 130, in _wait_until_komorebi_online
UnicodeDecodeError: 'utf-8' codec can't decode byte 0x82 in position 91: invalid start byte
2026-09-03 17:38:55,843 [INFO] [Dummy-10] [root/event_listener.py:107]: Attempting to reconnect to Komorebi...
2026-09-03 17:38:58,859 [INFO] [Dummy-10] [root/event_listener.py:54]: Created named pipe yasb-5861fc19-a7ac-11f1-b603-00d86114443b
2026-09-03 17:38:58,914 [ERROR] [Dummy-10] [root/event_listener.py:100]: Komorebi has disconnected from the named pipe yasb-5861fc19-a7ac-11f1-b603-00d86114443b
Traceback (most recent call last):
  File "D:\a\yasb\yasb\src\core\widgets\services\komorebi\event_listener.py", line 69, in run
  File "D:\a\yasb\yasb\src\core\widgets\services\komorebi\event_listener.py", line 130, in _wait_until_komorebi_online
UnicodeDecodeError: 'utf-8' codec can't decode byte 0x82 in position 91: invalid start byte
2026-09-03 17:38:58,916 [INFO] [Dummy-10] [root/event_listener.py:107]: Attempting to reconnect to Komorebi...
2026-09-03 17:39:01,919 [INFO] [Dummy-10] [root/event_listener.py:54]: Created named pipe yasb-5861fc19-a7ac-11f1-b603-00d86114443b
2026-09-03 17:39:01,974 [ERROR] [Dummy-10] [root/event_listener.py:100]: Komorebi has disconnected from the named pipe yasb-5861fc19-a7ac-11f1-b603-00d86114443b
Traceback (most recent call last):
  File "D:\a\yasb\yasb\src\core\widgets\services\komorebi\event_listener.py", line 69, in run
  File "D:\a\yasb\yasb\src\core\widgets\services\komorebi\event_listener.py", line 130, in _wait_until_komorebi_online
UnicodeDecodeError: 'utf-8' codec can't decode byte 0x82 in position 91: invalid start byte
2026-09-03 17:39:01,976 [INFO] [Dummy-10] [root/event_listener.py:107]: Attempting to reconnect to Komorebi...
2026-09-03 17:39:04,980 [INFO] [Dummy-10] [root/event_listener.py:54]: Created named pipe yasb-5861fc19-a7ac-11f1-b603-00d86114443b
2026-09-03 17:39:05,033 [ERROR] [Dummy-10] [root/event_listener.py:100]: Komorebi has disconnected from the named pipe yasb-5861fc19-a7ac-11f1-b603-00d86114443b
Traceback (most recent call last):
  File "D:\a\yasb\yasb\src\core\widgets\services\komorebi\event_listener.py", line 69, in run
  File "D:\a\yasb\yasb\src\core\widgets\services\komorebi\event_listener.py", line 130, in _wait_until_komorebi_online
UnicodeDecodeError: 'utf-8' codec can't decode byte 0x82 in position 91: invalid start byte
2026-09-03 17:39:05,035 [INFO] [Dummy-10] [root/event_listener.py:107]: Attempting to reconnect to Komorebi...
2026-09-03 17:39:08,049 [INFO] [Dummy-10] [root/event_listener.py:54]: Created named pipe yasb-5861fc19-a7ac-11f1-b603-00d86114443b
2026-09-03 17:39:08,103 [ERROR] [Dummy-10] [root/event_listener.py:100]: Komorebi has disconnected from the named pipe yasb-5861fc19-a7ac-11f1-b603-00d86114443b
Traceback (most recent call last):
  File "D:\a\yasb\yasb\src\core\widgets\services\komorebi\event_listener.py", line 69, in run
  File "D:\a\yasb\yasb\src\core\widgets\services\komorebi\event_listener.py", line 130, in _wait_until_komorebi_online
UnicodeDecodeError: 'utf-8' codec can't decode byte 0x82 in position 91: invalid start byte
2026-09-03 17:39:08,105 [INFO] [Dummy-10] [root/event_listener.py:107]: Attempting to reconnect to Komorebi...
2026-09-03 17:39:11,116 [INFO] [Dummy-10] [root/event_listener.py:54]: Created named pipe yasb-5861fc19-a7ac-11f1-b603-00d86114443b
2026-09-03 17:39:11,174 [ERROR] [Dummy-10] [root/event_listener.py:100]: Komorebi has disconnected from the named pipe yasb-5861fc19-a7ac-11f1-b603-00d86114443b
Traceback (most recent call last):
  File "D:\a\yasb\yasb\src\core\widgets\services\komorebi\event_listener.py", line 69, in run
  File "D:\a\yasb\yasb\src\core\widgets\services\komorebi\event_listener.py", line 130, in _wait_until_komorebi_online
UnicodeDecodeError: 'utf-8' codec can't decode byte 0x82 in position 91: invalid start byte
2026-09-03 17:39:11,176 [INFO] [Dummy-10] [root/event_listener.py:107]: Attempting to reconnect to Komorebi...
2026-09-03 17:39:14,190 [INFO] [Dummy-10] [root/event_listener.py:54]: Created named pipe yasb-5861fc19-a7ac-11f1-b603-00d86114443b
2026-09-03 17:39:14,244 [ERROR] [Dummy-10] [root/event_listener.py:100]: Komorebi has disconnected from the named pipe yasb-5861fc19-a7ac-11f1-b603-00d86114443b
Traceback (most recent call last):
  File "D:\a\yasb\yasb\src\core\widgets\services\komorebi\event_listener.py", line 69, in run
  File "D:\a\yasb\yasb\src\core\widgets\services\komorebi\event_listener.py", line 130, in _wait_until_komorebi_online
UnicodeDecodeError: 'utf-8' codec can't decode byte 0x82 in position 91: invalid start byte
2026-09-03 17:39:14,245 [INFO] [Dummy-10] [root/event_listener.py:107]: Attempting to reconnect to Komorebi...
2026-09-03 17:39:17,248 [INFO] [Dummy-10] [root/event_listener.py:54]: Created named pipe yasb-5861fc19-a7ac-11f1-b603-00d86114443b
2026-09-03 17:39:17,302 [ERROR] [Dummy-10] [root/event_listener.py:100]: Komorebi has disconnected from the named pipe yasb-5861fc19-a7ac-11f1-b603-00d86114443b
Traceback (most recent call last):
  File "D:\a\yasb\yasb\src\core\widgets\services\komorebi\event_listener.py", line 69, in run
  File "D:\a\yasb\yasb\src\core\widgets\services\komorebi\event_listener.py", line 130, in _wait_until_komorebi_online
UnicodeDecodeError: 'utf-8' codec can't decode byte 0x82 in position 91: invalid start byte
2026-09-03 17:39:17,304 [INFO] [Dummy-10] [root/event_listener.py:107]: Attempting to reconnect to Komorebi...
2026-09-03 17:39:20,310 [INFO] [Dummy-10] [root/event_listener.py:54]: Created named pipe yasb-5861fc19-a7ac-11f1-b603-00d86114443b
2026-09-03 17:39:20,363 [ERROR] [Dummy-10] [root/event_listener.py:100]: Komorebi has disconnected from the named pipe yasb-5861fc19-a7ac-11f1-b603-00d86114443b
Traceback (most recent call last):
  File "D:\a\yasb\yasb\src\core\widgets\services\komorebi\event_listener.py", line 69, in run
  File "D:\a\yasb\yasb\src\core\widgets\services\komorebi\event_listener.py", line 130, in _wait_until_komorebi_online
UnicodeDecodeError: 'utf-8' codec can't decode byte 0x82 in position 91: invalid start byte
2026-09-03 17:39:20,365 [INFO] [Dummy-10] [root/event_listener.py:107]: Attempting to reconnect to Komorebi...
2026-09-03 17:39:23,376 [INFO] [Dummy-10] [root/event_listener.py:54]: Created named pipe yasb-5861fc19-a7ac-11f1-b603-00d86114443b
2026-09-03 17:39:23,429 [ERROR] [Dummy-10] [root/event_listener.py:100]: Komorebi has disconnected from the named pipe yasb-5861fc19-a7ac-11f1-b603-00d86114443b
Traceback (most recent call last):
  File "D:\a\yasb\yasb\src\core\widgets\services\komorebi\event_listener.py", line 69, in run
  File "D:\a\yasb\yasb\src\core\widgets\services\komorebi\event_listener.py", line 130, in _wait_until_komorebi_online
UnicodeDecodeError: 'utf-8' codec can't decode byte 0x82 in position 91: invalid start byte
2026-09-03 17:39:23,431 [INFO] [Dummy-10] [root/event_listener.py:107]: Attempting to reconnect to Komorebi...
2026-09-03 17:39:26,440 [INFO] [Dummy-10] [root/event_listener.py:54]: Created named pipe yasb-5861fc19-a7ac-11f1-b603-00d86114443b
2026-09-03 17:39:26,493 [ERROR] [Dummy-10] [root/event_listener.py:100]: Komorebi has disconnected from the named pipe yasb-5861fc19-a7ac-11f1-b603-00d86114443b
Traceback (most recent call last):
  File "D:\a\yasb\yasb\src\core\widgets\services\komorebi\event_listener.py", line 69, in run
  File "D:\a\yasb\yasb\src\core\widgets\services\komorebi\event_listener.py", line 130, in _wait_until_komorebi_online
UnicodeDecodeError: 'utf-8' codec can't decode byte 0x82 in position 91: invalid start byte
2026-09-03 17:39:26,495 [INFO] [Dummy-10] [root/event_listener.py:107]: Attempting to reconnect to Komorebi...
2026-09-03 17:39:29,507 [INFO] [Dummy-10] [root/event_listener.py:54]: Created named pipe yasb-5861fc19-a7ac-11f1-b603-00d86114443b
2026-09-03 17:39:29,562 [ERROR] [Dummy-10] [root/event_listener.py:100]: Komorebi has disconnected from the named pipe yasb-5861fc19-a7ac-11f1-b603-00d86114443b
Traceback (most recent call last):
  File "D:\a\yasb\yasb\src\core\widgets\services\komorebi\event_listener.py", line 69, in run
  File "D:\a\yasb\yasb\src\core\widgets\services\komorebi\event_listener.py", line 130, in _wait_until_komorebi_online
UnicodeDecodeError: 'utf-8' codec can't decode byte 0x82 in position 91: invalid start byte
2026-09-03 17:39:29,564 [INFO] [Dummy-10] [root/event_listener.py:107]: Attempting to reconnect to Komorebi...
2026-09-03 17:39:32,569 [INFO] [Dummy-10] [root/event_listener.py:54]: Created named pipe yasb-5861fc19-a7ac-11f1-b603-00d86114443b
2026-09-03 17:39:32,624 [ERROR] [Dummy-10] [root/event_listener.py:100]: Komorebi has disconnected from the named pipe yasb-5861fc19-a7ac-11f1-b603-00d86114443b
Traceback (most recent call last):
  File "D:\a\yasb\yasb\src\core\widgets\services\komorebi\event_listener.py", line 69, in run
  File "D:\a\yasb\yasb\src\core\widgets\services\komorebi\event_listener.py", line 130, in _wait_until_komorebi_online
UnicodeDecodeError: 'utf-8' codec can't decode byte 0x82 in position 91: invalid start byte
2026-09-03 17:39:32,625 [INFO] [Dummy-10] [root/event_listener.py:107]: Attempting to reconnect to Komorebi...
2026-09-03 17:39:35,635 [INFO] [Dummy-10] [root/event_listener.py:54]: Created named pipe yasb-5861fc19-a7ac-11f1-b603-00d86114443b
2026-09-03 17:39:35,689 [ERROR] [Dummy-10] [root/event_listener.py:100]: Komorebi has disconnected from the named pipe yasb-5861fc19-a7ac-11f1-b603-00d86114443b
Traceback (most recent call last):
  File "D:\a\yasb\yasb\src\core\widgets\services\komorebi\event_listener.py", line 69, in run
  File "D:\a\yasb\yasb\src\core\widgets\services\komorebi\event_listener.py", line 130, in _wait_until_komorebi_online
UnicodeDecodeError: 'utf-8' codec can't decode byte 0x82 in position 91: invalid start byte
2026-09-03 17:39:35,691 [INFO] [Dummy-10] [root/event_listener.py:107]: Attempting to reconnect to Komorebi...
2026-09-03 17:39:38,696 [INFO] [Dummy-10] [root/event_listener.py:54]: Created named pipe yasb-5861fc19-a7ac-11f1-b603-00d86114443b
2026-09-03 17:39:38,751 [ERROR] [Dummy-10] [root/event_listener.py:100]: Komorebi has disconnected from the named pipe yasb-5861fc19-a7ac-11f1-b603-00d86114443b
Traceback (most recent call last):
  File "D:\a\yasb\yasb\src\core\widgets\services\komorebi\event_listener.py", line 69, in run
  File "D:\a\yasb\yasb\src\core\widgets\services\komorebi\event_listener.py", line 130, in _wait_until_komorebi_online
UnicodeDecodeError: 'utf-8' codec can't decode byte 0x82 in position 91: invalid start byte
2026-09-03 17:39:38,753 [INFO] [Dummy-10] [root/event_listener.py:107]: Attempting to reconnect to Komorebi...
2026-09-03 17:39:41,768 [INFO] [Dummy-10] [root/event_listener.py:54]: Created named pipe yasb-5861fc19-a7ac-11f1-b603-00d86114443b
2026-09-03 17:39:41,825 [ERROR] [Dummy-10] [root/event_listener.py:100]: Komorebi has disconnected from the named pipe yasb-5861fc19-a7ac-11f1-b603-00d86114443b
Traceback (most recent call last):
  File "D:\a\yasb\yasb\src\core\widgets\services\komorebi\event_listener.py", line 69, in run
  File "D:\a\yasb\yasb\src\core\widgets\services\komorebi\event_listener.py", line 130, in _wait_until_komorebi_online
UnicodeDecodeError: 'utf-8' codec can't decode byte 0x82 in position 91: invalid start byte
2026-09-03 17:39:41,827 [INFO] [Dummy-10] [root/event_listener.py:107]: Attempting to reconnect to Komorebi...
2026-09-03 17:39:44,828 [INFO] [Dummy-10] [root/event_listener.py:54]: Created named pipe yasb-5861fc19-a7ac-11f1-b603-00d86114443b
2026-09-03 17:39:44,883 [ERROR] [Dummy-10] [root/event_listener.py:100]: Komorebi has disconnected from the named pipe yasb-5861fc19-a7ac-11f1-b603-00d86114443b
Traceback (most recent call last):
  File "D:\a\yasb\yasb\src\core\widgets\services\komorebi\event_listener.py", line 69, in run
  File "D:\a\yasb\yasb\src\core\widgets\services\komorebi\event_listener.py", line 130, in _wait_until_komorebi_online
UnicodeDecodeError: 'utf-8' codec can't decode byte 0x82 in position 91: invalid start byte
2026-09-03 17:39:44,885 [INFO] [Dummy-10] [root/event_listener.py:107]: Attempting to reconnect to Komorebi...
2026-09-03 17:39:47,898 [INFO] [Dummy-10] [root/event_listener.py:54]: Created named pipe yasb-5861fc19-a7ac-11f1-b603-00d86114443b
2026-09-03 17:39:47,952 [ERROR] [Dummy-10] [root/event_listener.py:100]: Komorebi has disconnected from the named pipe yasb-5861fc19-a7ac-11f1-b603-00d86114443b
Traceback (most recent call last):
  File "D:\a\yasb\yasb\src\core\widgets\services\komorebi\event_listener.py", line 69, in run
  File "D:\a\yasb\yasb\src\core\widgets\services\komorebi\event_listener.py", line 130, in _wait_until_komorebi_online
UnicodeDecodeError: 'utf-8' codec can't decode byte 0x82 in position 91: invalid start byte
2026-09-03 17:39:47,954 [INFO] [Dummy-10] [root/event_listener.py:107]: Attempting to reconnect to Komorebi...
2026-09-03 17:39:50,965 [INFO] [Dummy-10] [root/event_listener.py:54]: Created named pipe yasb-5861fc19-a7ac-11f1-b603-00d86114443b
2026-09-03 17:39:51,021 [ERROR] [Dummy-10] [root/event_listener.py:100]: Komorebi has disconnected from the named pipe yasb-5861fc19-a7ac-11f1-b603-00d86114443b
Traceback (most recent call last):
  File "D:\a\yasb\yasb\src\core\widgets\services\komorebi\event_listener.py", line 69, in run
  File "D:\a\yasb\yasb\src\core\widgets\services\komorebi\event_listener.py", line 130, in _wait_until_komorebi_online
UnicodeDecodeError: 'utf-8' codec can't decode byte 0x82 in position 91: invalid start byte
2026-09-03 17:39:51,023 [INFO] [Dummy-10] [root/event_listener.py:107]: Attempting to reconnect to Komorebi...
2026-09-03 17:39:54,036 [INFO] [Dummy-10] [root/event_listener.py:54]: Created named pipe yasb-5861fc19-a7ac-11f1-b603-00d86114443b
2026-09-03 17:39:54,093 [ERROR] [Dummy-10] [root/event_listener.py:100]: Komorebi has disconnected from the named pipe yasb-5861fc19-a7ac-11f1-b603-00d86114443b
Traceback (most recent call last):
  File "D:\a\yasb\yasb\src\core\widgets\services\komorebi\event_listener.py", line 69, in run
  File "D:\a\yasb\yasb\src\core\widgets\services\komorebi\event_listener.py", line 130, in _wait_until_komorebi_online
UnicodeDecodeError: 'utf-8' codec can't decode byte 0x82 in position 91: invalid start byte
2026-09-03 17:39:54,095 [INFO] [Dummy-10] [root/event_listener.py:107]: Attempting to reconnect to Komorebi...
2026-09-03 17:39:57,099 [INFO] [Dummy-10] [root/event_listener.py:54]: Created named pipe yasb-5861fc19-a7ac-11f1-b603-00d86114443b
2026-09-03 17:39:57,161 [ERROR] [Dummy-10] [root/event_listener.py:100]: Komorebi has disconnected from the named pipe yasb-5861fc19-a7ac-11f1-b603-00d86114443b
Traceback (most recent call last):
  File "D:\a\yasb\yasb\src\core\widgets\services\komorebi\event_listener.py", line 69, in run
  File "D:\a\yasb\yasb\src\core\widgets\services\komorebi\event_listener.py", line 130, in _wait_until_komorebi_online
UnicodeDecodeError: 'utf-8' codec can't decode byte 0x82 in position 91: invalid start byte
2026-09-03 17:39:57,163 [INFO] [Dummy-10] [root/event_listener.py:107]: Attempting to reconnect to Komorebi...
2026-09-03 17:40:00,166 [INFO] [Dummy-10] [root/event_listener.py:54]: Created named pipe yasb-5861fc19-a7ac-11f1-b603-00d86114443b
2026-09-03 17:40:00,222 [ERROR] [Dummy-10] [root/event_listener.py:100]: Komorebi has disconnected from the named pipe yasb-5861fc19-a7ac-11f1-b603-00d86114443b
Traceback (most recent call last):
  File "D:\a\yasb\yasb\src\core\widgets\services\komorebi\event_listener.py", line 69, in run
  File "D:\a\yasb\yasb\src\core\widgets\services\komorebi\event_listener.py", line 130, in _wait_until_komorebi_online
UnicodeDecodeError: 'utf-8' codec can't decode byte 0x82 in position 91: invalid start byte
2026-09-03 17:40:00,224 [INFO] [Dummy-10] [root/event_listener.py:107]: Attempting to reconnect to Komorebi...
2026-09-03 17:40:03,232 [INFO] [Dummy-10] [root/event_listener.py:54]: Created named pipe yasb-5861fc19-a7ac-11f1-b603-00d86114443b
2026-09-03 17:40:03,292 [ERROR] [Dummy-10] [root/event_listener.py:100]: Komorebi has disconnected from the named pipe yasb-5861fc19-a7ac-11f1-b603-00d86114443b
Traceback (most recent call last):
  File "D:\a\yasb\yasb\src\core\widgets\services\komorebi\event_listener.py", line 69, in run
  File "D:\a\yasb\yasb\src\core\widgets\services\komorebi\event_listener.py", line 130, in _wait_until_komorebi_online
UnicodeDecodeError: 'utf-8' codec can't decode byte 0x82 in position 91: invalid start byte
2026-09-03 17:40:03,294 [INFO] [Dummy-10] [root/event_listener.py:107]: Attempting to reconnect to Komorebi...
2026-09-03 17:40:06,305 [INFO] [Dummy-10] [root/event_listener.py:54]: Created named pipe yasb-5861fc19-a7ac-11f1-b603-00d86114443b
2026-09-03 17:40:06,360 [ERROR] [Dummy-10] [root/event_listener.py:100]: Komorebi has disconnected from the named pipe yasb-5861fc19-a7ac-11f1-b603-00d86114443b
Traceback (most recent call last):
  File "D:\a\yasb\yasb\src\core\widgets\services\komorebi\event_listener.py", line 69, in run
  File "D:\a\yasb\yasb\src\core\widgets\services\komorebi\event_listener.py", line 130, in _wait_until_komorebi_online
UnicodeDecodeError: 'utf-8' codec can't decode byte 0x82 in position 91: invalid start byte
2026-09-03 17:40:06,362 [INFO] [Dummy-10] [root/event_listener.py:107]: Attempting to reconnect to Komorebi...
2026-09-03 17:40:09,372 [INFO] [Dummy-10] [root/event_listener.py:54]: Created named pipe yasb-5861fc19-a7ac-11f1-b603-00d86114443b
2026-09-03 17:40:09,431 [ERROR] [Dummy-10] [root/event_listener.py:100]: Komorebi has disconnected from the named pipe yasb-5861fc19-a7ac-11f1-b603-00d86114443b
Traceback (most recent call last):
  File "D:\a\yasb\yasb\src\core\widgets\services\komorebi\event_listener.py", line 69, in run
  File "D:\a\yasb\yasb\src\core\widgets\services\komorebi\event_listener.py", line 130, in _wait_until_komorebi_online
UnicodeDecodeError: 'utf-8' codec can't decode byte 0x82 in position 91: invalid start byte
2026-09-03 17:40:09,433 [INFO] [Dummy-10] [root/event_listener.py:107]: Attempting to reconnect to Komorebi...
2026-09-03 17:40:12,435 [INFO] [Dummy-10] [root/event_listener.py:54]: Created named pipe yasb-5861fc19-a7ac-11f1-b603-00d86114443b
2026-09-03 17:40:12,491 [ERROR] [Dummy-10] [root/event_listener.py:100]: Komorebi has disconnected from the named pipe yasb-5861fc19-a7ac-11f1-b603-00d86114443b
Traceback (most recent call last):
  File "D:\a\yasb\yasb\src\core\widgets\services\komorebi\event_listener.py", line 69, in run
  File "D:\a\yasb\yasb\src\core\widgets\services\komorebi\event_listener.py", line 130, in _wait_until_komorebi_online
UnicodeDecodeError: 'utf-8' codec can't decode byte 0x82 in position 91: invalid start byte
2026-09-03 17:40:12,492 [INFO] [Dummy-10] [root/event_listener.py:107]: Attempting to reconnect to Komorebi...
2026-09-03 17:40:15,493 [INFO] [Dummy-10] [root/event_listener.py:54]: Created named pipe yasb-5861fc19-a7ac-11f1-b603-00d86114443b
2026-09-03 17:40:15,551 [ERROR] [Dummy-10] [root/event_listener.py:100]: Komorebi has disconnected from the named pipe yasb-5861fc19-a7ac-11f1-b603-00d86114443b
Traceback (most recent call last):
  File "D:\a\yasb\yasb\src\core\widgets\services\komorebi\event_listener.py", line 69, in run
  File "D:\a\yasb\yasb\src\core\widgets\services\komorebi\event_listener.py", line 130, in _wait_until_komorebi_online
UnicodeDecodeError: 'utf-8' codec can't decode byte 0x82 in position 91: invalid start byte
2026-09-03 17:40:15,553 [INFO] [Dummy-10] [root/event_listener.py:107]: Attempting to reconnect to Komorebi...
2026-09-03 17:40:18,553 [INFO] [Dummy-10] [root/event_listener.py:54]: Created named pipe yasb-5861fc19-a7ac-11f1-b603-00d86114443b
2026-09-03 17:40:18,609 [ERROR] [Dummy-10] [root/event_listener.py:100]: Komorebi has disconnected from the named pipe yasb-5861fc19-a7ac-11f1-b603-00d86114443b
Traceback (most recent call last):
  File "D:\a\yasb\yasb\src\core\widgets\services\komorebi\event_listener.py", line 69, in run
  File "D:\a\yasb\yasb\src\core\widgets\services\komorebi\event_listener.py", line 130, in _wait_until_komorebi_online
UnicodeDecodeError: 'utf-8' codec can't decode byte 0x82 in position 91: invalid start byte
2026-09-03 17:40:18,611 [INFO] [Dummy-10] [root/event_listener.py:107]: Attempting to reconnect to Komorebi...
2026-09-03 17:40:21,621 [INFO] [Dummy-10] [root/event_listener.py:54]: Created named pipe yasb-5861fc19-a7ac-11f1-b603-00d86114443b
2026-09-03 17:40:21,677 [ERROR] [Dummy-10] [root/event_listener.py:100]: Komorebi has disconnected from the named pipe yasb-5861fc19-a7ac-11f1-b603-00d86114443b
Traceback (most recent call last):
  File "D:\a\yasb\yasb\src\core\widgets\services\komorebi\event_listener.py", line 69, in run
  File "D:\a\yasb\yasb\src\core\widgets\services\komorebi\event_listener.py", line 130, in _wait_until_komorebi_online
UnicodeDecodeError: 'utf-8' codec can't decode byte 0x82 in position 91: invalid start byte
2026-09-03 17:40:21,679 [INFO] [Dummy-10] [root/event_listener.py:107]: Attempting to reconnect to Komorebi...
2026-09-03 17:40:24,690 [INFO] [Dummy-10] [root/event_listener.py:54]: Created named pipe yasb-5861fc19-a7ac-11f1-b603-00d86114443b
2026-09-03 17:40:24,753 [ERROR] [Dummy-10] [root/event_listener.py:100]: Komorebi has disconnected from the named pipe yasb-5861fc19-a7ac-11f1-b603-00d86114443b
Traceback (most recent call last):
  File "D:\a\yasb\yasb\src\core\widgets\services\komorebi\event_listener.py", line 69, in run
  File "D:\a\yasb\yasb\src\core\widgets\services\komorebi\event_listener.py", line 130, in _wait_until_komorebi_online
UnicodeDecodeError: 'utf-8' codec can't decode byte 0x82 in position 91: invalid start byte
2026-09-03 17:40:24,755 [INFO] [Dummy-10] [root/event_listener.py:107]: Attempting to reconnect to Komorebi...
2026-09-03 17:40:27,763 [INFO] [Dummy-10] [root/event_listener.py:54]: Created named pipe yasb-5861fc19-a7ac-11f1-b603-00d86114443b
2026-09-03 17:40:27,817 [ERROR] [Dummy-10] [root/event_listener.py:100]: Komorebi has disconnected from the named pipe yasb-5861fc19-a7ac-11f1-b603-00d86114443b
Traceback (most recent call last):
  File "D:\a\yasb\yasb\src\core\widgets\services\komorebi\event_listener.py", line 69, in run
  File "D:\a\yasb\yasb\src\core\widgets\services\komorebi\event_listener.py", line 130, in _wait_until_komorebi_online
UnicodeDecodeError: 'utf-8' codec can't decode byte 0x82 in position 91: invalid start byte
2026-09-03 17:40:27,819 [INFO] [Dummy-10] [root/event_listener.py:107]: Attempting to reconnect to Komorebi...
2026-09-03 17:40:30,826 [INFO] [Dummy-10] [root/event_listener.py:54]: Created named pipe yasb-5861fc19-a7ac-11f1-b603-00d86114443b
2026-09-03 17:40:30,881 [ERROR] [Dummy-10] [root/event_listener.py:100]: Komorebi has disconnected from the named pipe yasb-5861fc19-a7ac-11f1-b603-00d86114443b
Traceback (most recent call last):
  File "D:\a\yasb\yasb\src\core\widgets\services\komorebi\event_listener.py", line 69, in run
  File "D:\a\yasb\yasb\src\core\widgets\services\komorebi\event_listener.py", line 130, in _wait_until_komorebi_online
UnicodeDecodeError: 'utf-8' codec can't decode byte 0x82 in position 91: invalid start byte
2026-09-03 17:40:30,883 [INFO] [Dummy-10] [root/event_listener.py:107]: Attempting to reconnect to Komorebi...
2026-09-03 17:40:33,883 [INFO] [Dummy-10] [root/event_listener.py:54]: Created named pipe yasb-5861fc19-a7ac-11f1-b603-00d86114443b
2026-09-03 17:40:33,938 [ERROR] [Dummy-10] [root/event_listener.py:100]: Komorebi has disconnected from the named pipe yasb-5861fc19-a7ac-11f1-b603-00d86114443b
Traceback (most recent call last):
  File "D:\a\yasb\yasb\src\core\widgets\services\komorebi\event_listener.py", line 69, in run
  File "D:\a\yasb\yasb\src\core\widgets\services\komorebi\event_listener.py", line 130, in _wait_until_komorebi_online
UnicodeDecodeError: 'utf-8' codec can't decode byte 0x82 in position 91: invalid start byte
2026-09-03 17:40:33,940 [INFO] [Dummy-10] [root/event_listener.py:107]: Attempting to reconnect to Komorebi...
2026-09-03 17:40:36,945 [INFO] [Dummy-10] [root/event_listener.py:54]: Created named pipe yasb-5861fc19-a7ac-11f1-b603-00d86114443b
2026-09-03 17:40:37,002 [ERROR] [Dummy-10] [root/event_listener.py:100]: Komorebi has disconnected from the named pipe yasb-5861fc19-a7ac-11f1-b603-00d86114443b
Traceback (most recent call last):
  File "D:\a\yasb\yasb\src\core\widgets\services\komorebi\event_listener.py", line 69, in run
  File "D:\a\yasb\yasb\src\core\widgets\services\komorebi\event_listener.py", line 130, in _wait_until_komorebi_online
UnicodeDecodeError: 'utf-8' codec can't decode byte 0x82 in position 91: invalid start byte
2026-09-03 17:40:37,004 [INFO] [Dummy-10] [root/event_listener.py:107]: Attempting to reconnect to Komorebi...
2026-09-03 17:40:40,010 [INFO] [Dummy-10] [root/event_listener.py:54]: Created named pipe yasb-5861fc19-a7ac-11f1-b603-00d86114443b
2026-09-03 17:40:40,066 [ERROR] [Dummy-10] [root/event_listener.py:100]: Komorebi has disconnected from the named pipe yasb-5861fc19-a7ac-11f1-b603-00d86114443b
Traceback (most recent call last):
  File "D:\a\yasb\yasb\src\core\widgets\services\komorebi\event_listener.py", line 69, in run
  File "D:\a\yasb\yasb\src\core\widgets\services\komorebi\event_listener.py", line 130, in _wait_until_komorebi_online
UnicodeDecodeError: 'utf-8' codec can't decode byte 0x82 in position 91: invalid start byte
2026-09-03 17:40:40,068 [INFO] [Dummy-10] [root/event_listener.py:107]: Attempting to reconnect to Komorebi...
2026-09-03 17:40:43,080 [INFO] [Dummy-10] [root/event_listener.py:54]: Created named pipe yasb-5861fc19-a7ac-11f1-b603-00d86114443b
2026-09-03 17:40:43,136 [ERROR] [Dummy-10] [root/event_listener.py:100]: Komorebi has disconnected from the named pipe yasb-5861fc19-a7ac-11f1-b603-00d86114443b
Traceback (most recent call last):
  File "D:\a\yasb\yasb\src\core\widgets\services\komorebi\event_listener.py", line 69, in run
  File "D:\a\yasb\yasb\src\core\widgets\services\komorebi\event_listener.py", line 130, in _wait_until_komorebi_online
UnicodeDecodeError: 'utf-8' codec can't decode byte 0x82 in position 91: invalid start byte
2026-09-03 17:40:43,138 [INFO] [Dummy-10] [root/event_listener.py:107]: Attempting to reconnect to Komorebi...
2026-09-03 17:40:46,145 [INFO] [Dummy-10] [root/event_listener.py:54]: Created named pipe yasb-5861fc19-a7ac-11f1-b603-00d86114443b
2026-09-03 17:40:46,199 [ERROR] [Dummy-10] [root/event_listener.py:100]: Komorebi has disconnected from the named pipe yasb-5861fc19-a7ac-11f1-b603-00d86114443b
Traceback (most recent call last):
  File "D:\a\yasb\yasb\src\core\widgets\services\komorebi\event_listener.py", line 69, in run
  File "D:\a\yasb\yasb\src\core\widgets\services\komorebi\event_listener.py", line 130, in _wait_until_komorebi_online
UnicodeDecodeError: 'utf-8' codec can't decode byte 0x82 in position 91: invalid start byte
2026-09-03 17:40:46,201 [INFO] [Dummy-10] [root/event_listener.py:107]: Attempting to reconnect to Komorebi...
2026-09-03 17:40:49,213 [INFO] [Dummy-10] [root/event_listener.py:54]: Created named pipe yasb-5861fc19-a7ac-11f1-b603-00d86114443b
2026-09-03 17:40:49,270 [ERROR] [Dummy-10] [root/event_listener.py:100]: Komorebi has disconnected from the named pipe yasb-5861fc19-a7ac-11f1-b603-00d86114443b
Traceback (most recent call last):
  File "D:\a\yasb\yasb\src\core\widgets\services\komorebi\event_listener.py", line 69, in run
  File "D:\a\yasb\yasb\src\core\widgets\services\komorebi\event_listener.py", line 130, in _wait_until_komorebi_online
UnicodeDecodeError: 'utf-8' codec can't decode byte 0x82 in position 91: invalid start byte
2026-09-03 17:40:49,272 [INFO] [Dummy-10] [root/event_listener.py:107]: Attempting to reconnect to Komorebi...
2026-09-03 17:40:52,279 [INFO] [Dummy-10] [root/event_listener.py:54]: Created named pipe yasb-5861fc19-a7ac-11f1-b603-00d86114443b
2026-09-03 17:40:52,333 [ERROR] [Dummy-10] [root/event_listener.py:100]: Komorebi has disconnected from the named pipe yasb-5861fc19-a7ac-11f1-b603-00d86114443b
Traceback (most recent call last):
  File "D:\a\yasb\yasb\src\core\widgets\services\komorebi\event_listener.py", line 69, in run
  File "D:\a\yasb\yasb\src\core\widgets\services\komorebi\event_listener.py", line 130, in _wait_until_komorebi_online
UnicodeDecodeError: 'utf-8' codec can't decode byte 0x82 in position 91: invalid start byte
2026-09-03 17:40:52,335 [INFO] [Dummy-10] [root/event_listener.py:107]: Attempting to reconnect to Komorebi...
2026-09-03 17:40:55,344 [INFO] [Dummy-10] [root/event_listener.py:54]: Created named pipe yasb-5861fc19-a7ac-11f1-b603-00d86114443b
2026-09-03 17:40:55,400 [ERROR] [Dummy-10] [root/event_listener.py:100]: Komorebi has disconnected from the named pipe yasb-5861fc19-a7ac-11f1-b603-00d86114443b
Traceback (most recent call last):
  File "D:\a\yasb\yasb\src\core\widgets\services\komorebi\event_listener.py", line 69, in run
  File "D:\a\yasb\yasb\src\core\widgets\services\komorebi\event_listener.py", line 130, in _wait_until_komorebi_online
UnicodeDecodeError: 'utf-8' codec can't decode byte 0x82 in position 91: invalid start byte
2026-09-03 17:40:55,402 [INFO] [Dummy-10] [root/event_listener.py:107]: Attempting to reconnect to Komorebi...
2026-09-03 17:40:58,407 [INFO] [Dummy-10] [root/event_listener.py:54]: Created named pipe yasb-5861fc19-a7ac-11f1-b603-00d86114443b
2026-09-03 17:40:58,462 [ERROR] [Dummy-10] [root/event_listener.py:100]: Komorebi has disconnected from the named pipe yasb-5861fc19-a7ac-11f1-b603-00d86114443b
Traceback (most recent call last):
  File "D:\a\yasb\yasb\src\core\widgets\services\komorebi\event_listener.py", line 69, in run
  File "D:\a\yasb\yasb\src\core\widgets\services\komorebi\event_listener.py", line 130, in _wait_until_komorebi_online
UnicodeDecodeError: 'utf-8' codec can't decode byte 0x82 in position 91: invalid start byte
2026-09-03 17:40:58,464 [INFO] [Dummy-10] [root/event_listener.py:107]: Attempting to reconnect to Komorebi...
2026-09-03 17:41:01,464 [INFO] [Dummy-10] [root/event_listener.py:54]: Created named pipe yasb-5861fc19-a7ac-11f1-b603-00d86114443b
2026-09-03 17:41:01,519 [ERROR] [Dummy-10] [root/event_listener.py:100]: Komorebi has disconnected from the named pipe yasb-5861fc19-a7ac-11f1-b603-00d86114443b
Traceback (most recent call last):
  File "D:\a\yasb\yasb\src\core\widgets\services\komorebi\event_listener.py", line 69, in run
  File "D:\a\yasb\yasb\src\core\widgets\services\komorebi\event_listener.py", line 130, in _wait_until_komorebi_online
UnicodeDecodeError: 'utf-8' codec can't decode byte 0x82 in position 91: invalid start byte
2026-09-03 17:41:01,521 [INFO] [Dummy-10] [root/event_listener.py:107]: Attempting to reconnect to Komorebi...
2026-09-03 17:41:04,529 [INFO] [Dummy-10] [root/event_listener.py:54]: Created named pipe yasb-5861fc19-a7ac-11f1-b603-00d86114443b
2026-09-03 17:41:04,583 [ERROR] [Dummy-10] [root/event_listener.py:100]: Komorebi has disconnected from the named pipe yasb-5861fc19-a7ac-11f1-b603-00d86114443b
Traceback (most recent call last):
  File "D:\a\yasb\yasb\src\core\widgets\services\komorebi\event_listener.py", line 69, in run
  File "D:\a\yasb\yasb\src\core\widgets\services\komorebi\event_listener.py", line 130, in _wait_until_komorebi_online
UnicodeDecodeError: 'utf-8' codec can't decode byte 0x82 in position 91: invalid start byte
2026-09-03 17:41:04,585 [INFO] [Dummy-10] [root/event_listener.py:107]: Attempting to reconnect to Komorebi...
2026-09-03 17:41:07,595 [INFO] [Dummy-10] [root/event_listener.py:54]: Created named pipe yasb-5861fc19-a7ac-11f1-b603-00d86114443b
2026-09-03 17:41:07,648 [ERROR] [Dummy-10] [root/event_listener.py:100]: Komorebi has disconnected from the named pipe yasb-5861fc19-a7ac-11f1-b603-00d86114443b
Traceback (most recent call last):
  File "D:\a\yasb\yasb\src\core\widgets\services\komorebi\event_listener.py", line 69, in run
  File "D:\a\yasb\yasb\src\core\widgets\services\komorebi\event_listener.py", line 130, in _wait_until_komorebi_online
UnicodeDecodeError: 'utf-8' codec can't decode byte 0x82 in position 91: invalid start byte
2026-09-03 17:41:07,650 [INFO] [Dummy-10] [root/event_listener.py:107]: Attempting to reconnect to Komorebi...
2026-09-03 17:41:10,651 [INFO] [Dummy-10] [root/event_listener.py:54]: Created named pipe yasb-5861fc19-a7ac-11f1-b603-00d86114443b
2026-09-03 17:41:10,705 [ERROR] [Dummy-10] [root/event_listener.py:100]: Komorebi has disconnected from the named pipe yasb-5861fc19-a7ac-11f1-b603-00d86114443b
Traceback (most recent call last):
  File "D:\a\yasb\yasb\src\core\widgets\services\komorebi\event_listener.py", line 69, in run
  File "D:\a\yasb\yasb\src\core\widgets\services\komorebi\event_listener.py", line 130, in _wait_until_komorebi_online
UnicodeDecodeError: 'utf-8' codec can't decode byte 0x82 in position 91: invalid start byte
2026-09-03 17:41:10,707 [INFO] [Dummy-10] [root/event_listener.py:107]: Attempting to reconnect to Komorebi...
2026-09-03 17:41:13,708 [INFO] [Dummy-10] [root/event_listener.py:54]: Created named pipe yasb-5861fc19-a7ac-11f1-b603-00d86114443b
2026-09-03 17:41:13,761 [ERROR] [Dummy-10] [root/event_listener.py:100]: Komorebi has disconnected from the named pipe yasb-5861fc19-a7ac-11f1-b603-00d86114443b
Traceback (most recent call last):
  File "D:\a\yasb\yasb\src\core\widgets\services\komorebi\event_listener.py", line 69, in run
  File "D:\a\yasb\yasb\src\core\widgets\services\komorebi\event_listener.py", line 130, in _wait_until_komorebi_online
UnicodeDecodeError: 'utf-8' codec can't decode byte 0x82 in position 91: invalid start byte
2026-09-03 17:41:13,764 [INFO] [Dummy-10] [root/event_listener.py:107]: Attempting to reconnect to Komorebi...
2026-09-03 17:41:16,772 [INFO] [Dummy-10] [root/event_listener.py:54]: Created named pipe yasb-5861fc19-a7ac-11f1-b603-00d86114443b
2026-09-03 17:41:16,831 [ERROR] [Dummy-10] [root/event_listener.py:100]: Komorebi has disconnected from the named pipe yasb-5861fc19-a7ac-11f1-b603-00d86114443b
Traceback (most recent call last):
  File "D:\a\yasb\yasb\src\core\widgets\services\komorebi\event_listener.py", line 69, in run
  File "D:\a\yasb\yasb\src\core\widgets\services\komorebi\event_listener.py", line 130, in _wait_until_komorebi_online
UnicodeDecodeError: 'utf-8' codec can't decode byte 0x82 in position 91: invalid start byte
2026-09-03 17:41:16,832 [INFO] [Dummy-10] [root/event_listener.py:107]: Attempting to reconnect to Komorebi...
2026-09-03 17:41:19,833 [INFO] [Dummy-10] [root/event_listener.py:54]: Created named pipe yasb-5861fc19-a7ac-11f1-b603-00d86114443b
2026-09-03 17:41:19,889 [ERROR] [Dummy-10] [root/event_listener.py:100]: Komorebi has disconnected from the named pipe yasb-5861fc19-a7ac-11f1-b603-00d86114443b
Traceback (most recent call last):
  File "D:\a\yasb\yasb\src\core\widgets\services\komorebi\event_listener.py", line 69, in run
  File "D:\a\yasb\yasb\src\core\widgets\services\komorebi\event_listener.py", line 130, in _wait_until_komorebi_online
UnicodeDecodeError: 'utf-8' codec can't decode byte 0x82 in position 91: invalid start byte
2026-09-03 17:41:19,891 [INFO] [Dummy-10] [root/event_listener.py:107]: Attempting to reconnect to Komorebi...
2026-09-03 17:41:22,905 [INFO] [Dummy-10] [root/event_listener.py:54]: Created named pipe yasb-5861fc19-a7ac-11f1-b603-00d86114443b
2026-09-03 17:41:22,959 [ERROR] [Dummy-10] [root/event_listener.py:100]: Komorebi has disconnected from the named pipe yasb-5861fc19-a7ac-11f1-b603-00d86114443b
Traceback (most recent call last):
  File "D:\a\yasb\yasb\src\core\widgets\services\komorebi\event_listener.py", line 69, in run
  File "D:\a\yasb\yasb\src\core\widgets\services\komorebi\event_listener.py", line 130, in _wait_until_komorebi_online
UnicodeDecodeError: 'utf-8' codec can't decode byte 0x82 in position 91: invalid start byte
2026-09-03 17:41:22,961 [INFO] [Dummy-10] [root/event_listener.py:107]: Attempting to reconnect to Komorebi...
2026-09-03 17:41:25,969 [INFO] [Dummy-10] [root/event_listener.py:54]: Created named pipe yasb-5861fc19-a7ac-11f1-b603-00d86114443b
2026-09-03 17:41:26,030 [ERROR] [Dummy-10] [root/event_listener.py:100]: Komorebi has disconnected from the named pipe yasb-5861fc19-a7ac-11f1-b603-00d86114443b
Traceback (most recent call last):
  File "D:\a\yasb\yasb\src\core\widgets\services\komorebi\event_listener.py", line 69, in run
  File "D:\a\yasb\yasb\src\core\widgets\services\komorebi\event_listener.py", line 130, in _wait_until_komorebi_online
UnicodeDecodeError: 'utf-8' codec can't decode byte 0x82 in position 91: invalid start byte
2026-09-03 17:41:26,032 [INFO] [Dummy-10] [root/event_listener.py:107]: Attempting to reconnect to Komorebi...
2026-09-03 17:41:29,044 [INFO] [Dummy-10] [root/event_listener.py:54]: Created named pipe yasb-5861fc19-a7ac-11f1-b603-00d86114443b
2026-09-03 17:41:29,103 [ERROR] [Dummy-10] [root/event_listener.py:100]: Komorebi has disconnected from the named pipe yasb-5861fc19-a7ac-11f1-b603-00d86114443b
Traceback (most recent call last):
  File "D:\a\yasb\yasb\src\core\widgets\services\komorebi\event_listener.py", line 69, in run
  File "D:\a\yasb\yasb\src\core\widgets\services\komorebi\event_listener.py", line 130, in _wait_until_komorebi_online
UnicodeDecodeError: 'utf-8' codec can't decode byte 0x82 in position 91: invalid start byte
2026-09-03 17:41:29,105 [INFO] [Dummy-10] [root/event_listener.py:107]: Attempting to reconnect to Komorebi...
2026-09-03 17:41:32,112 [INFO] [Dummy-10] [root/event_listener.py:54]: Created named pipe yasb-5861fc19-a7ac-11f1-b603-00d86114443b
2026-09-03 17:41:32,168 [ERROR] [Dummy-10] [root/event_listener.py:100]: Komorebi has disconnected from the named pipe yasb-5861fc19-a7ac-11f1-b603-00d86114443b
Traceback (most recent call last):
  File "D:\a\yasb\yasb\src\core\widgets\services\komorebi\event_listener.py", line 69, in run
  File "D:\a\yasb\yasb\src\core\widgets\services\komorebi\event_listener.py", line 130, in _wait_until_komorebi_online
UnicodeDecodeError: 'utf-8' codec can't decode byte 0x82 in position 91: invalid start byte
2026-09-03 17:41:32,170 [INFO] [Dummy-10] [root/event_listener.py:107]: Attempting to reconnect to Komorebi...
2026-09-03 17:41:35,179 [INFO] [Dummy-10] [root/event_listener.py:54]: Created named pipe yasb-5861fc19-a7ac-11f1-b603-00d86114443b
2026-09-03 17:41:35,235 [ERROR] [Dummy-10] [root/event_listener.py:100]: Komorebi has disconnected from the named pipe yasb-5861fc19-a7ac-11f1-b603-00d86114443b
Traceback (most recent call last):
  File "D:\a\yasb\yasb\src\core\widgets\services\komorebi\event_listener.py", line 69, in run
  File "D:\a\yasb\yasb\src\core\widgets\services\komorebi\event_listener.py", line 130, in _wait_until_komorebi_online
UnicodeDecodeError: 'utf-8' codec can't decode byte 0x82 in position 91: invalid start byte
2026-09-03 17:41:35,237 [INFO] [Dummy-10] [root/event_listener.py:107]: Attempting to reconnect to Komorebi...
2026-09-03 17:41:38,251 [INFO] [Dummy-10] [root/event_listener.py:54]: Created named pipe yasb-5861fc19-a7ac-11f1-b603-00d86114443b
2026-09-03 17:41:38,307 [ERROR] [Dummy-10] [root/event_listener.py:100]: Komorebi has disconnected from the named pipe yasb-5861fc19-a7ac-11f1-b603-00d86114443b
Traceback (most recent call last):
  File "D:\a\yasb\yasb\src\core\widgets\services\komorebi\event_listener.py", line 69, in run
  File "D:\a\yasb\yasb\src\core\widgets\services\komorebi\event_listener.py", line 130, in _wait_until_komorebi_online
UnicodeDecodeError: 'utf-8' codec can't decode byte 0x82 in position 91: invalid start byte
2026-09-03 17:41:38,309 [INFO] [Dummy-10] [root/event_listener.py:107]: Attempting to reconnect to Komorebi...
2026-09-03 17:41:41,312 [INFO] [Dummy-10] [root/event_listener.py:54]: Created named pipe yasb-5861fc19-a7ac-11f1-b603-00d86114443b
2026-09-03 17:41:41,367 [ERROR] [Dummy-10] [root/event_listener.py:100]: Komorebi has disconnected from the named pipe yasb-5861fc19-a7ac-11f1-b603-00d86114443b
Traceback (most recent call last):
  File "D:\a\yasb\yasb\src\core\widgets\services\komorebi\event_listener.py", line 69, in run
  File "D:\a\yasb\yasb\src\core\widgets\services\komorebi\event_listener.py", line 130, in _wait_until_komorebi_online
UnicodeDecodeError: 'utf-8' codec can't decode byte 0x82 in position 91: invalid start byte
2026-09-03 17:41:41,369 [INFO] [Dummy-10] [root/event_listener.py:107]: Attempting to reconnect to Komorebi...
2026-09-03 17:41:44,382 [INFO] [Dummy-10] [root/event_listener.py:54]: Created named pipe yasb-5861fc19-a7ac-11f1-b603-00d86114443b
2026-09-03 17:41:44,435 [ERROR] [Dummy-10] [root/event_listener.py:100]: Komorebi has disconnected from the named pipe yasb-5861fc19-a7ac-11f1-b603-00d86114443b
Traceback (most recent call last):
  File "D:\a\yasb\yasb\src\core\widgets\services\komorebi\event_listener.py", line 69, in run
  File "D:\a\yasb\yasb\src\core\widgets\services\komorebi\event_listener.py", line 130, in _wait_until_komorebi_online
UnicodeDecodeError: 'utf-8' codec can't decode byte 0x82 in position 91: invalid start byte
2026-09-03 17:41:44,437 [INFO] [Dummy-10] [root/event_listener.py:107]: Attempting to reconnect to Komorebi...
2026-09-03 17:41:47,443 [INFO] [Dummy-10] [root/event_listener.py:54]: Created named pipe yasb-5861fc19-a7ac-11f1-b603-00d86114443b
2026-09-03 17:41:47,497 [ERROR] [Dummy-10] [root/event_listener.py:100]: Komorebi has disconnected from the named pipe yasb-5861fc19-a7ac-11f1-b603-00d86114443b
Traceback (most recent call last):
  File "D:\a\yasb\yasb\src\core\widgets\services\komorebi\event_listener.py", line 69, in run
  File "D:\a\yasb\yasb\src\core\widgets\services\komorebi\event_listener.py", line 130, in _wait_until_komorebi_online
UnicodeDecodeError: 'utf-8' codec can't decode byte 0x82 in position 91: invalid start byte
2026-09-03 17:41:47,499 [INFO] [Dummy-10] [root/event_listener.py:107]: Attempting to reconnect to Komorebi...
2026-09-03 17:41:50,505 [INFO] [Dummy-10] [root/event_listener.py:54]: Created named pipe yasb-5861fc19-a7ac-11f1-b603-00d86114443b
2026-09-03 17:41:50,559 [ERROR] [Dummy-10] [root/event_listener.py:100]: Komorebi has disconnected from the named pipe yasb-5861fc19-a7ac-11f1-b603-00d86114443b
Traceback (most recent call last):
  File "D:\a\yasb\yasb\src\core\widgets\services\komorebi\event_listener.py", line 69, in run
  File "D:\a\yasb\yasb\src\core\widgets\services\komorebi\event_listener.py", line 130, in _wait_until_komorebi_online
UnicodeDecodeError: 'utf-8' codec can't decode byte 0x82 in position 91: invalid start byte
2026-09-03 17:41:50,561 [INFO] [Dummy-10] [root/event_listener.py:107]: Attempting to reconnect to Komorebi...
2026-09-03 17:41:53,572 [INFO] [Dummy-10] [root/event_listener.py:54]: Created named pipe yasb-5861fc19-a7ac-11f1-b603-00d86114443b
2026-09-03 17:41:53,626 [ERROR] [Dummy-10] [root/event_listener.py:100]: Komorebi has disconnected from the named pipe yasb-5861fc19-a7ac-11f1-b603-00d86114443b
Traceback (most recent call last):
  File "D:\a\yasb\yasb\src\core\widgets\services\komorebi\event_listener.py", line 69, in run
  File "D:\a\yasb\yasb\src\core\widgets\services\komorebi\event_listener.py", line 130, in _wait_until_komorebi_online
UnicodeDecodeError: 'utf-8' codec can't decode byte 0x82 in position 91: invalid start byte
2026-09-03 17:41:53,628 [INFO] [Dummy-10] [root/event_listener.py:107]: Attempting to reconnect to Komorebi...
2026-09-03 17:41:56,632 [INFO] [Dummy-10] [root/event_listener.py:54]: Created named pipe yasb-5861fc19-a7ac-11f1-b603-00d86114443b
2026-09-03 17:41:56,695 [ERROR] [Dummy-10] [root/event_listener.py:100]: Komorebi has disconnected from the named pipe yasb-5861fc19-a7ac-11f1-b603-00d86114443b
Traceback (most recent call last):
  File "D:\a\yasb\yasb\src\core\widgets\services\komorebi\event_listener.py", line 69, in run
  File "D:\a\yasb\yasb\src\core\widgets\services\komorebi\event_listener.py", line 130, in _wait_until_komorebi_online
UnicodeDecodeError: 'utf-8' codec can't decode byte 0x82 in position 91: invalid start byte
2026-09-03 17:41:56,697 [INFO] [Dummy-10] [root/event_listener.py:107]: Attempting to reconnect to Komorebi...
2026-09-03 17:41:59,697 [INFO] [Dummy-10] [root/event_listener.py:54]: Created named pipe yasb-5861fc19-a7ac-11f1-b603-00d86114443b
2026-09-03 17:41:59,752 [ERROR] [Dummy-10] [root/event_listener.py:100]: Komorebi has disconnected from the named pipe yasb-5861fc19-a7ac-11f1-b603-00d86114443b
Traceback (most recent call last):
  File "D:\a\yasb\yasb\src\core\widgets\services\komorebi\event_listener.py", line 69, in run
  File "D:\a\yasb\yasb\src\core\widgets\services\komorebi\event_listener.py", line 130, in _wait_until_komorebi_online
UnicodeDecodeError: 'utf-8' codec can't decode byte 0x82 in position 91: invalid start byte
2026-09-03 17:41:59,754 [INFO] [Dummy-10] [root/event_listener.py:107]: Attempting to reconnect to Komorebi...
2026-09-03 17:42:02,759 [INFO] [Dummy-10] [root/event_listener.py:54]: Created named pipe yasb-5861fc19-a7ac-11f1-b603-00d86114443b
2026-09-03 17:42:02,814 [ERROR] [Dummy-10] [root/event_listener.py:100]: Komorebi has disconnected from the named pipe yasb-5861fc19-a7ac-11f1-b603-00d86114443b
Traceback (most recent call last):
  File "D:\a\yasb\yasb\src\core\widgets\services\komorebi\event_listener.py", line 69, in run
  File "D:\a\yasb\yasb\src\core\widgets\services\komorebi\event_listener.py", line 130, in _wait_until_komorebi_online
UnicodeDecodeError: 'utf-8' codec can't decode byte 0x82 in position 91: invalid start byte
2026-09-03 17:42:02,816 [INFO] [Dummy-10] [root/event_listener.py:107]: Attempting to reconnect to Komorebi...
2026-09-03 17:42:05,818 [INFO] [Dummy-10] [root/event_listener.py:54]: Created named pipe yasb-5861fc19-a7ac-11f1-b603-00d86114443b
2026-09-03 17:42:05,874 [ERROR] [Dummy-10] [root/event_listener.py:100]: Komorebi has disconnected from the named pipe yasb-5861fc19-a7ac-11f1-b603-00d86114443b
Traceback (most recent call last):
  File "D:\a\yasb\yasb\src\core\widgets\services\komorebi\event_listener.py", line 69, in run
  File "D:\a\yasb\yasb\src\core\widgets\services\komorebi\event_listener.py", line 130, in _wait_until_komorebi_online
UnicodeDecodeError: 'utf-8' codec can't decode byte 0x82 in position 91: invalid start byte
2026-09-03 17:42:05,876 [INFO] [Dummy-10] [root/event_listener.py:107]: Attempting to reconnect to Komorebi...
2026-09-03 17:42:08,879 [INFO] [Dummy-10] [root/event_listener.py:54]: Created named pipe yasb-5861fc19-a7ac-11f1-b603-00d86114443b
2026-09-03 17:42:08,943 [ERROR] [Dummy-10] [root/event_listener.py:100]: Komorebi has disconnected from the named pipe yasb-5861fc19-a7ac-11f1-b603-00d86114443b
Traceback (most recent call last):
  File "D:\a\yasb\yasb\src\core\widgets\services\komorebi\event_listener.py", line 69, in run
  File "D:\a\yasb\yasb\src\core\widgets\services\komorebi\event_listener.py", line 130, in _wait_until_komorebi_online
UnicodeDecodeError: 'utf-8' codec can't decode byte 0x82 in position 91: invalid start byte
2026-09-03 17:42:08,945 [INFO] [Dummy-10] [root/event_listener.py:107]: Attempting to reconnect to Komorebi...
2026-09-03 17:42:11,948 [INFO] [Dummy-10] [root/event_listener.py:54]: Created named pipe yasb-5861fc19-a7ac-11f1-b603-00d86114443b
2026-09-03 17:42:12,000 [ERROR] [Dummy-10] [root/event_listener.py:100]: Komorebi has disconnected from the named pipe yasb-5861fc19-a7ac-11f1-b603-00d86114443b
Traceback (most recent call last):
  File "D:\a\yasb\yasb\src\core\widgets\services\komorebi\event_listener.py", line 69, in run
  File "D:\a\yasb\yasb\src\core\widgets\services\komorebi\event_listener.py", line 130, in _wait_until_komorebi_online
UnicodeDecodeError: 'utf-8' codec can't decode byte 0x82 in position 91: invalid start byte
2026-09-03 17:42:12,002 [INFO] [Dummy-10] [root/event_listener.py:107]: Attempting to reconnect to Komorebi...
2026-09-03 17:42:15,003 [INFO] [Dummy-10] [root/event_listener.py:54]: Created named pipe yasb-5861fc19-a7ac-11f1-b603-00d86114443b
2026-09-03 17:42:15,056 [ERROR] [Dummy-10] [root/event_listener.py:100]: Komorebi has disconnected from the named pipe yasb-5861fc19-a7ac-11f1-b603-00d86114443b
Traceback (most recent call last):
  File "D:\a\yasb\yasb\src\core\widgets\services\komorebi\event_listener.py", line 69, in run
  File "D:\a\yasb\yasb\src\core\widgets\services\komorebi\event_listener.py", line 130, in _wait_until_komorebi_online
UnicodeDecodeError: 'utf-8' codec can't decode byte 0x82 in position 91: invalid start byte
2026-09-03 17:42:15,058 [INFO] [Dummy-10] [root/event_listener.py:107]: Attempting to reconnect to Komorebi...
2026-09-03 17:42:18,059 [INFO] [Dummy-10] [root/event_listener.py:54]: Created named pipe yasb-5861fc19-a7ac-11f1-b603-00d86114443b
2026-09-03 17:42:18,112 [ERROR] [Dummy-10] [root/event_listener.py:100]: Komorebi has disconnected from the named pipe yasb-5861fc19-a7ac-11f1-b603-00d86114443b
Traceback (most recent call last):
  File "D:\a\yasb\yasb\src\core\widgets\services\komorebi\event_listener.py", line 69, in run
  File "D:\a\yasb\yasb\src\core\widgets\services\komorebi\event_listener.py", line 130, in _wait_until_komorebi_online
UnicodeDecodeError: 'utf-8' codec can't decode byte 0x82 in position 91: invalid start byte
2026-09-03 17:42:18,114 [INFO] [Dummy-10] [root/event_listener.py:107]: Attempting to reconnect to Komorebi...
2026-09-03 17:42:21,126 [INFO] [Dummy-10] [root/event_listener.py:54]: Created named pipe yasb-5861fc19-a7ac-11f1-b603-00d86114443b
2026-09-03 17:42:21,179 [ERROR] [Dummy-10] [root/event_listener.py:100]: Komorebi has disconnected from the named pipe yasb-5861fc19-a7ac-11f1-b603-00d86114443b
Traceback (most recent call last):
  File "D:\a\yasb\yasb\src\core\widgets\services\komorebi\event_listener.py", line 69, in run
  File "D:\a\yasb\yasb\src\core\widgets\services\komorebi\event_listener.py", line 130, in _wait_until_komorebi_online
UnicodeDecodeError: 'utf-8' codec can't decode byte 0x82 in position 91: invalid start byte
2026-09-03 17:42:21,181 [INFO] [Dummy-10] [root/event_listener.py:107]: Attempting to reconnect to Komorebi...
2026-09-03 17:42:24,189 [INFO] [Dummy-10] [root/event_listener.py:54]: Created named pipe yasb-5861fc19-a7ac-11f1-b603-00d86114443b
2026-09-03 17:42:24,242 [ERROR] [Dummy-10] [root/event_listener.py:100]: Komorebi has disconnected from the named pipe yasb-5861fc19-a7ac-11f1-b603-00d86114443b
Traceback (most recent call last):
  File "D:\a\yasb\yasb\src\core\widgets\services\komorebi\event_listener.py", line 69, in run
  File "D:\a\yasb\yasb\src\core\widgets\services\komorebi\event_listener.py", line 130, in _wait_until_komorebi_online
UnicodeDecodeError: 'utf-8' codec can't decode byte 0x82 in position 91: invalid start byte
2026-09-03 17:42:24,244 [INFO] [Dummy-10] [root/event_listener.py:107]: Attempting to reconnect to Komorebi...
2026-09-03 17:42:27,253 [INFO] [Dummy-10] [root/event_listener.py:54]: Created named pipe yasb-5861fc19-a7ac-11f1-b603-00d86114443b
2026-09-03 17:42:27,306 [ERROR] [Dummy-10] [root/event_listener.py:100]: Komorebi has disconnected from the named pipe yasb-5861fc19-a7ac-11f1-b603-00d86114443b
Traceback (most recent call last):
  File "D:\a\yasb\yasb\src\core\widgets\services\komorebi\event_listener.py", line 69, in run
  File "D:\a\yasb\yasb\src\core\widgets\services\komorebi\event_listener.py", line 130, in _wait_until_komorebi_online
UnicodeDecodeError: 'utf-8' codec can't decode byte 0x82 in position 91: invalid start byte
2026-09-03 17:42:27,308 [INFO] [Dummy-10] [root/event_listener.py:107]: Attempting to reconnect to Komorebi...
2026-09-03 17:42:30,316 [INFO] [Dummy-10] [root/event_listener.py:54]: Created named pipe yasb-5861fc19-a7ac-11f1-b603-00d86114443b
2026-09-03 17:42:30,368 [ERROR] [Dummy-10] [root/event_listener.py:100]: Komorebi has disconnected from the named pipe yasb-5861fc19-a7ac-11f1-b603-00d86114443b
Traceback (most recent call last):
  File "D:\a\yasb\yasb\src\core\widgets\services\komorebi\event_listener.py", line 69, in run
  File "D:\a\yasb\yasb\src\core\widgets\services\komorebi\event_listener.py", line 130, in _wait_until_komorebi_online
UnicodeDecodeError: 'utf-8' codec can't decode byte 0x82 in position 91: invalid start byte
2026-09-03 17:42:30,370 [INFO] [Dummy-10] [root/event_listener.py:107]: Attempting to reconnect to Komorebi...
2026-09-03 17:42:33,384 [INFO] [Dummy-10] [root/event_listener.py:54]: Created named pipe yasb-5861fc19-a7ac-11f1-b603-00d86114443b
2026-09-03 17:42:33,437 [ERROR] [Dummy-10] [root/event_listener.py:100]: Komorebi has disconnected from the named pipe yasb-5861fc19-a7ac-11f1-b603-00d86114443b
Traceback (most recent call last):
  File "D:\a\yasb\yasb\src\core\widgets\services\komorebi\event_listener.py", line 69, in run
  File "D:\a\yasb\yasb\src\core\widgets\services\komorebi\event_listener.py", line 130, in _wait_until_komorebi_online
UnicodeDecodeError: 'utf-8' codec can't decode byte 0x82 in position 91: invalid start byte
2026-09-03 17:42:33,439 [INFO] [Dummy-10] [root/event_listener.py:107]: Attempting to reconnect to Komorebi...
2026-09-03 17:42:36,447 [INFO] [Dummy-10] [root/event_listener.py:54]: Created named pipe yasb-5861fc19-a7ac-11f1-b603-00d86114443b
2026-09-03 17:42:36,500 [ERROR] [Dummy-10] [root/event_listener.py:100]: Komorebi has disconnected from the named pipe yasb-5861fc19-a7ac-11f1-b603-00d86114443b
Traceback (most recent call last):
  File "D:\a\yasb\yasb\src\core\widgets\services\komorebi\event_listener.py", line 69, in run
  File "D:\a\yasb\yasb\src\core\widgets\services\komorebi\event_listener.py", line 130, in _wait_until_komorebi_online
UnicodeDecodeError: 'utf-8' codec can't decode byte 0x82 in position 91: invalid start byte
2026-09-03 17:42:36,502 [INFO] [Dummy-10] [root/event_listener.py:107]: Attempting to reconnect to Komorebi...
2026-09-03 17:42:39,512 [INFO] [Dummy-10] [root/event_listener.py:54]: Created named pipe yasb-5861fc19-a7ac-11f1-b603-00d86114443b
2026-09-03 17:42:39,566 [ERROR] [Dummy-10] [root/event_listener.py:100]: Komorebi has disconnected from the named pipe yasb-5861fc19-a7ac-11f1-b603-00d86114443b
Traceback (most recent call last):
  File "D:\a\yasb\yasb\src\core\widgets\services\komorebi\event_listener.py", line 69, in run
  File "D:\a\yasb\yasb\src\core\widgets\services\komorebi\event_listener.py", line 130, in _wait_until_komorebi_online
UnicodeDecodeError: 'utf-8' codec can't decode byte 0x82 in position 91: invalid start byte
2026-09-03 17:42:39,568 [INFO] [Dummy-10] [root/event_listener.py:107]: Attempting to reconnect to Komorebi...
2026-09-03 17:42:42,575 [INFO] [Dummy-10] [root/event_listener.py:54]: Created named pipe yasb-5861fc19-a7ac-11f1-b603-00d86114443b
2026-09-03 17:42:42,628 [ERROR] [Dummy-10] [root/event_listener.py:100]: Komorebi has disconnected from the named pipe yasb-5861fc19-a7ac-11f1-b603-00d86114443b
Traceback (most recent call last):
  File "D:\a\yasb\yasb\src\core\widgets\services\komorebi\event_listener.py", line 69, in run
  File "D:\a\yasb\yasb\src\core\widgets\services\komorebi\event_listener.py", line 130, in _wait_until_komorebi_online
UnicodeDecodeError: 'utf-8' codec can't decode byte 0x82 in position 91: invalid start byte
2026-09-03 17:42:42,630 [INFO] [Dummy-10] [root/event_listener.py:107]: Attempting to reconnect to Komorebi...
2026-09-03 17:42:45,641 [INFO] [Dummy-10] [root/event_listener.py:54]: Created named pipe yasb-5861fc19-a7ac-11f1-b603-00d86114443b
2026-09-03 17:42:45,695 [ERROR] [Dummy-10] [root/event_listener.py:100]: Komorebi has disconnected from the named pipe yasb-5861fc19-a7ac-11f1-b603-00d86114443b
Traceback (most recent call last):
  File "D:\a\yasb\yasb\src\core\widgets\services\komorebi\event_listener.py", line 69, in run
  File "D:\a\yasb\yasb\src\core\widgets\services\komorebi\event_listener.py", line 130, in _wait_until_komorebi_online
UnicodeDecodeError: 'utf-8' codec can't decode byte 0x82 in position 91: invalid start byte
2026-09-03 17:42:45,697 [INFO] [Dummy-10] [root/event_listener.py:107]: Attempting to reconnect to Komorebi...
2026-09-03 17:42:48,699 [INFO] [Dummy-10] [root/event_listener.py:54]: Created named pipe yasb-5861fc19-a7ac-11f1-b603-00d86114443b
2026-09-03 17:42:48,754 [ERROR] [Dummy-10] [root/event_listener.py:100]: Komorebi has disconnected from the named pipe yasb-5861fc19-a7ac-11f1-b603-00d86114443b
Traceback (most recent call last):
  File "D:\a\yasb\yasb\src\core\widgets\services\komorebi\event_listener.py", line 69, in run
  File "D:\a\yasb\yasb\src\core\widgets\services\komorebi\event_listener.py", line 130, in _wait_until_komorebi_online
UnicodeDecodeError: 'utf-8' codec can't decode byte 0x82 in position 91: invalid start byte
2026-09-03 17:42:48,755 [INFO] [Dummy-10] [root/event_listener.py:107]: Attempting to reconnect to Komorebi...
2026-09-03 17:42:51,759 [INFO] [Dummy-10] [root/event_listener.py:54]: Created named pipe yasb-5861fc19-a7ac-11f1-b603-00d86114443b
2026-09-03 17:42:51,813 [ERROR] [Dummy-10] [root/event_listener.py:100]: Komorebi has disconnected from the named pipe yasb-5861fc19-a7ac-11f1-b603-00d86114443b
Traceback (most recent call last):
  File "D:\a\yasb\yasb\src\core\widgets\services\komorebi\event_listener.py", line 69, in run
  File "D:\a\yasb\yasb\src\core\widgets\services\komorebi\event_listener.py", line 130, in _wait_until_komorebi_online
UnicodeDecodeError: 'utf-8' codec can't decode byte 0x82 in position 91: invalid start byte
2026-09-03 17:42:51,815 [INFO] [Dummy-10] [root/event_listener.py:107]: Attempting to reconnect to Komorebi...
2026-09-03 17:42:54,825 [INFO] [Dummy-10] [root/event_listener.py:54]: Created named pipe yasb-5861fc19-a7ac-11f1-b603-00d86114443b
2026-09-03 17:42:54,879 [ERROR] [Dummy-10] [root/event_listener.py:100]: Komorebi has disconnected from the named pipe yasb-5861fc19-a7ac-11f1-b603-00d86114443b
Traceback (most recent call last):
  File "D:\a\yasb\yasb\src\core\widgets\services\komorebi\event_listener.py", line 69, in run
  File "D:\a\yasb\yasb\src\core\widgets\services\komorebi\event_listener.py", line 130, in _wait_until_komorebi_online
UnicodeDecodeError: 'utf-8' codec can't decode byte 0x82 in position 91: invalid start byte
2026-09-03 17:42:54,881 [INFO] [Dummy-10] [root/event_listener.py:107]: Attempting to reconnect to Komorebi...
2026-09-03 17:42:57,892 [INFO] [Dummy-10] [root/event_listener.py:54]: Created named pipe yasb-5861fc19-a7ac-11f1-b603-00d86114443b
2026-09-03 17:42:57,946 [ERROR] [Dummy-10] [root/event_listener.py:100]: Komorebi has disconnected from the named pipe yasb-5861fc19-a7ac-11f1-b603-00d86114443b
Traceback (most recent call last):
  File "D:\a\yasb\yasb\src\core\widgets\services\komorebi\event_listener.py", line 69, in run
  File "D:\a\yasb\yasb\src\core\widgets\services\komorebi\event_listener.py", line 130, in _wait_until_komorebi_online
UnicodeDecodeError: 'utf-8' codec can't decode byte 0x82 in position 91: invalid start byte
2026-09-03 17:42:57,947 [INFO] [Dummy-10] [root/event_listener.py:107]: Attempting to reconnect to Komorebi...
2026-09-03 17:43:00,961 [INFO] [Dummy-10] [root/event_listener.py:54]: Created named pipe yasb-5861fc19-a7ac-11f1-b603-00d86114443b
2026-09-03 17:43:01,015 [ERROR] [Dummy-10] [root/event_listener.py:100]: Komorebi has disconnected from the named pipe yasb-5861fc19-a7ac-11f1-b603-00d86114443b
Traceback (most recent call last):
  File "D:\a\yasb\yasb\src\core\widgets\services\komorebi\event_listener.py", line 69, in run
  File "D:\a\yasb\yasb\src\core\widgets\services\komorebi\event_listener.py", line 130, in _wait_until_komorebi_online
UnicodeDecodeError: 'utf-8' codec can't decode byte 0x82 in position 91: invalid start byte
2026-09-03 17:43:01,017 [INFO] [Dummy-10] [root/event_listener.py:107]: Attempting to reconnect to Komorebi...
2026-09-03 17:43:04,017 [INFO] [Dummy-10] [root/event_listener.py:54]: Created named pipe yasb-5861fc19-a7ac-11f1-b603-00d86114443b
2026-09-03 17:43:04,079 [ERROR] [Dummy-10] [root/event_listener.py:100]: Komorebi has disconnected from the named pipe yasb-5861fc19-a7ac-11f1-b603-00d86114443b
Traceback (most recent call last):
  File "D:\a\yasb\yasb\src\core\widgets\services\komorebi\event_listener.py", line 69, in run
  File "D:\a\yasb\yasb\src\core\widgets\services\komorebi\event_listener.py", line 130, in _wait_until_komorebi_online
UnicodeDecodeError: 'utf-8' codec can't decode byte 0x82 in position 91: invalid start byte
2026-09-03 17:43:04,081 [INFO] [Dummy-10] [root/event_listener.py:107]: Attempting to reconnect to Komorebi...
2026-09-03 17:43:07,094 [INFO] [Dummy-10] [root/event_listener.py:54]: Created named pipe yasb-5861fc19-a7ac-11f1-b603-00d86114443b
2026-09-03 17:43:07,154 [ERROR] [Dummy-10] [root/event_listener.py:100]: Komorebi has disconnected from the named pipe yasb-5861fc19-a7ac-11f1-b603-00d86114443b
Traceback (most recent call last):
  File "D:\a\yasb\yasb\src\core\widgets\services\komorebi\event_listener.py", line 69, in run
  File "D:\a\yasb\yasb\src\core\widgets\services\komorebi\event_listener.py", line 130, in _wait_until_komorebi_online
UnicodeDecodeError: 'utf-8' codec can't decode byte 0x82 in position 91: invalid start byte
2026-09-03 17:43:07,156 [INFO] [Dummy-10] [root/event_listener.py:107]: Attempting to reconnect to Komorebi...
2026-09-03 17:43:10,169 [INFO] [Dummy-10] [root/event_listener.py:54]: Created named pipe yasb-5861fc19-a7ac-11f1-b603-00d86114443b
2026-09-03 17:43:10,222 [ERROR] [Dummy-10] [root/event_listener.py:100]: Komorebi has disconnected from the named pipe yasb-5861fc19-a7ac-11f1-b603-00d86114443b
Traceback (most recent call last):
  File "D:\a\yasb\yasb\src\core\widgets\services\komorebi\event_listener.py", line 69, in run
  File "D:\a\yasb\yasb\src\core\widgets\services\komorebi\event_listener.py", line 130, in _wait_until_komorebi_online
UnicodeDecodeError: 'utf-8' codec can't decode byte 0x82 in position 91: invalid start byte
2026-09-03 17:43:10,224 [INFO] [Dummy-10] [root/event_listener.py:107]: Attempting to reconnect to Komorebi...
2026-09-03 17:43:13,228 [INFO] [Dummy-10] [root/event_listener.py:54]: Created named pipe yasb-5861fc19-a7ac-11f1-b603-00d86114443b
2026-09-03 17:43:13,282 [ERROR] [Dummy-10] [root/event_listener.py:100]: Komorebi has disconnected from the named pipe yasb-5861fc19-a7ac-11f1-b603-00d86114443b
Traceback (most recent call last):
  File "D:\a\yasb\yasb\src\core\widgets\services\komorebi\event_listener.py", line 69, in run
  File "D:\a\yasb\yasb\src\core\widgets\services\komorebi\event_listener.py", line 130, in _wait_until_komorebi_online
UnicodeDecodeError: 'utf-8' codec can't decode byte 0x82 in position 91: invalid start byte
2026-09-03 17:43:13,283 [INFO] [Dummy-10] [root/event_listener.py:107]: Attempting to reconnect to Komorebi...
2026-09-03 17:43:16,292 [INFO] [Dummy-10] [root/event_listener.py:54]: Created named pipe yasb-5861fc19-a7ac-11f1-b603-00d86114443b
2026-09-03 17:43:16,345 [ERROR] [Dummy-10] [root/event_listener.py:100]: Komorebi has disconnected from the named pipe yasb-5861fc19-a7ac-11f1-b603-00d86114443b
Traceback (most recent call last):
  File "D:\a\yasb\yasb\src\core\widgets\services\komorebi\event_listener.py", line 69, in run
  File "D:\a\yasb\yasb\src\core\widgets\services\komorebi\event_listener.py", line 130, in _wait_until_komorebi_online
UnicodeDecodeError: 'utf-8' codec can't decode byte 0x82 in position 91: invalid start byte
2026-09-03 17:43:16,347 [INFO] [Dummy-10] [root/event_listener.py:107]: Attempting to reconnect to Komorebi...
2026-09-03 17:43:19,358 [INFO] [Dummy-10] [root/event_listener.py:54]: Created named pipe yasb-5861fc19-a7ac-11f1-b603-00d86114443b
2026-09-03 17:43:19,413 [ERROR] [Dummy-10] [root/event_listener.py:100]: Komorebi has disconnected from the named pipe yasb-5861fc19-a7ac-11f1-b603-00d86114443b
Traceback (most recent call last):
  File "D:\a\yasb\yasb\src\core\widgets\services\komorebi\event_listener.py", line 69, in run
  File "D:\a\yasb\yasb\src\core\widgets\services\komorebi\event_listener.py", line 130, in _wait_until_komorebi_online
UnicodeDecodeError: 'utf-8' codec can't decode byte 0x82 in position 91: invalid start byte
2026-09-03 17:43:19,415 [INFO] [Dummy-10] [root/event_listener.py:107]: Attempting to reconnect to Komorebi...
2026-09-03 17:43:22,424 [INFO] [Dummy-10] [root/event_listener.py:54]: Created named pipe yasb-5861fc19-a7ac-11f1-b603-00d86114443b
2026-09-03 17:43:22,477 [ERROR] [Dummy-10] [root/event_listener.py:100]: Komorebi has disconnected from the named pipe yasb-5861fc19-a7ac-11f1-b603-00d86114443b
Traceback (most recent call last):
  File "D:\a\yasb\yasb\src\core\widgets\services\komorebi\event_listener.py", line 69, in run
  File "D:\a\yasb\yasb\src\core\widgets\services\komorebi\event_listener.py", line 130, in _wait_until_komorebi_online
UnicodeDecodeError: 'utf-8' codec can't decode byte 0x82 in position 91: invalid start byte
2026-09-03 17:43:22,479 [INFO] [Dummy-10] [root/event_listener.py:107]: Attempting to reconnect to Komorebi...
2026-09-03 17:43:25,489 [INFO] [Dummy-10] [root/event_listener.py:54]: Created named pipe yasb-5861fc19-a7ac-11f1-b603-00d86114443b
2026-09-03 17:43:25,543 [ERROR] [Dummy-10] [root/event_listener.py:100]: Komorebi has disconnected from the named pipe yasb-5861fc19-a7ac-11f1-b603-00d86114443b
Traceback (most recent call last):
  File "D:\a\yasb\yasb\src\core\widgets\services\komorebi\event_listener.py", line 69, in run
  File "D:\a\yasb\yasb\src\core\widgets\services\komorebi\event_listener.py", line 130, in _wait_until_komorebi_online
UnicodeDecodeError: 'utf-8' codec can't decode byte 0x82 in position 91: invalid start byte
2026-09-03 17:43:25,545 [INFO] [Dummy-10] [root/event_listener.py:107]: Attempting to reconnect to Komorebi...
2026-09-03 17:43:28,549 [INFO] [Dummy-10] [root/event_listener.py:54]: Created named pipe yasb-5861fc19-a7ac-11f1-b603-00d86114443b
2026-09-03 17:43:28,608 [ERROR] [Dummy-10] [root/event_listener.py:100]: Komorebi has disconnected from the named pipe yasb-5861fc19-a7ac-11f1-b603-00d86114443b
Traceback (most recent call last):
  File "D:\a\yasb\yasb\src\core\widgets\services\komorebi\event_listener.py", line 69, in run
  File "D:\a\yasb\yasb\src\core\widgets\services\komorebi\event_listener.py", line 130, in _wait_until_komorebi_online
UnicodeDecodeError: 'utf-8' codec can't decode byte 0x82 in position 91: invalid start byte
2026-09-03 17:43:28,610 [INFO] [Dummy-10] [root/event_listener.py:107]: Attempting to reconnect to Komorebi...
2026-09-03 17:43:31,612 [INFO] [Dummy-10] [root/event_listener.py:54]: Created named pipe yasb-5861fc19-a7ac-11f1-b603-00d86114443b
2026-09-03 17:43:31,666 [ERROR] [Dummy-10] [root/event_listener.py:100]: Komorebi has disconnected from the named pipe yasb-5861fc19-a7ac-11f1-b603-00d86114443b
Traceback (most recent call last):
  File "D:\a\yasb\yasb\src\core\widgets\services\komorebi\event_listener.py", line 69, in run
  File "D:\a\yasb\yasb\src\core\widgets\services\komorebi\event_listener.py", line 130, in _wait_until_komorebi_online
UnicodeDecodeError: 'utf-8' codec can't decode byte 0x82 in position 91: invalid start byte
2026-09-03 17:43:31,667 [INFO] [Dummy-10] [root/event_listener.py:107]: Attempting to reconnect to Komorebi...
2026-09-03 17:43:34,671 [INFO] [Dummy-10] [root/event_listener.py:54]: Created named pipe yasb-5861fc19-a7ac-11f1-b603-00d86114443b
2026-09-03 17:43:34,727 [ERROR] [Dummy-10] [root/event_listener.py:100]: Komorebi has disconnected from the named pipe yasb-5861fc19-a7ac-11f1-b603-00d86114443b
Traceback (most recent call last):
  File "D:\a\yasb\yasb\src\core\widgets\services\komorebi\event_listener.py", line 69, in run
  File "D:\a\yasb\yasb\src\core\widgets\services\komorebi\event_listener.py", line 130, in _wait_until_komorebi_online
UnicodeDecodeError: 'utf-8' codec can't decode byte 0x82 in position 91: invalid start byte
2026-09-03 17:43:34,729 [INFO] [Dummy-10] [root/event_listener.py:107]: Attempting to reconnect to Komorebi...
2026-09-03 17:43:37,743 [INFO] [Dummy-10] [root/event_listener.py:54]: Created named pipe yasb-5861fc19-a7ac-11f1-b603-00d86114443b
2026-09-03 17:43:37,798 [ERROR] [Dummy-10] [root/event_listener.py:100]: Komorebi has disconnected from the named pipe yasb-5861fc19-a7ac-11f1-b603-00d86114443b
Traceback (most recent call last):
  File "D:\a\yasb\yasb\src\core\widgets\services\komorebi\event_listener.py", line 69, in run
  File "D:\a\yasb\yasb\src\core\widgets\services\komorebi\event_listener.py", line 130, in _wait_until_komorebi_online
UnicodeDecodeError: 'utf-8' codec can't decode byte 0x82 in position 91: invalid start byte
2026-09-03 17:43:37,800 [INFO] [Dummy-10] [root/event_listener.py:107]: Attempting to reconnect to Komorebi...
2026-09-03 17:43:40,810 [INFO] [Dummy-10] [root/event_listener.py:54]: Created named pipe yasb-5861fc19-a7ac-11f1-b603-00d86114443b
2026-09-03 17:43:40,864 [ERROR] [Dummy-10] [root/event_listener.py:100]: Komorebi has disconnected from the named pipe yasb-5861fc19-a7ac-11f1-b603-00d86114443b
Traceback (most recent call last):
  File "D:\a\yasb\yasb\src\core\widgets\services\komorebi\event_listener.py", line 69, in run
  File "D:\a\yasb\yasb\src\core\widgets\services\komorebi\event_listener.py", line 130, in _wait_until_komorebi_online
UnicodeDecodeError: 'utf-8' codec can't decode byte 0x82 in position 91: invalid start byte
2026-09-03 17:43:40,866 [INFO] [Dummy-10] [root/event_listener.py:107]: Attempting to reconnect to Komorebi...
2026-09-03 17:43:43,876 [INFO] [Dummy-10] [root/event_listener.py:54]: Created named pipe yasb-5861fc19-a7ac-11f1-b603-00d86114443b
2026-09-03 17:43:43,931 [ERROR] [Dummy-10] [root/event_listener.py:100]: Komorebi has disconnected from the named pipe yasb-5861fc19-a7ac-11f1-b603-00d86114443b
Traceback (most recent call last):
  File "D:\a\yasb\yasb\src\core\widgets\services\komorebi\event_listener.py", line 69, in run
  File "D:\a\yasb\yasb\src\core\widgets\services\komorebi\event_listener.py", line 130, in _wait_until_komorebi_online
UnicodeDecodeError: 'utf-8' codec can't decode byte 0x82 in position 91: invalid start byte
2026-09-03 17:43:43,932 [INFO] [Dummy-10] [root/event_listener.py:107]: Attempting to reconnect to Komorebi...
2026-09-03 17:43:46,937 [INFO] [Dummy-10] [root/event_listener.py:54]: Created named pipe yasb-5861fc19-a7ac-11f1-b603-00d86114443b
2026-09-03 17:43:46,991 [ERROR] [Dummy-10] [root/event_listener.py:100]: Komorebi has disconnected from the named pipe yasb-5861fc19-a7ac-11f1-b603-00d86114443b
Traceback (most recent call last):
  File "D:\a\yasb\yasb\src\core\widgets\services\komorebi\event_listener.py", line 69, in run
  File "D:\a\yasb\yasb\src\core\widgets\services\komorebi\event_listener.py", line 130, in _wait_until_komorebi_online
UnicodeDecodeError: 'utf-8' codec can't decode byte 0x82 in position 91: invalid start byte
2026-09-03 17:43:46,992 [INFO] [Dummy-10] [root/event_listener.py:107]: Attempting to reconnect to Komorebi...
2026-09-03 17:43:49,999 [INFO] [Dummy-10] [root/event_listener.py:54]: Created named pipe yasb-5861fc19-a7ac-11f1-b603-00d86114443b
2026-09-03 17:43:50,054 [ERROR] [Dummy-10] [root/event_listener.py:100]: Komorebi has disconnected from the named pipe yasb-5861fc19-a7ac-11f1-b603-00d86114443b
Traceback (most recent call last):
  File "D:\a\yasb\yasb\src\core\widgets\services\komorebi\event_listener.py", line 69, in run
  File "D:\a\yasb\yasb\src\core\widgets\services\komorebi\event_listener.py", line 130, in _wait_until_komorebi_online
UnicodeDecodeError: 'utf-8' codec can't decode byte 0x82 in position 91: invalid start byte
2026-09-03 17:43:50,056 [INFO] [Dummy-10] [root/event_listener.py:107]: Attempting to reconnect to Komorebi...
2026-09-03 17:43:53,061 [INFO] [Dummy-10] [root/event_listener.py:54]: Created named pipe yasb-5861fc19-a7ac-11f1-b603-00d86114443b
2026-09-03 17:43:53,116 [ERROR] [Dummy-10] [root/event_listener.py:100]: Komorebi has disconnected from the named pipe yasb-5861fc19-a7ac-11f1-b603-00d86114443b
Traceback (most recent call last):
  File "D:\a\yasb\yasb\src\core\widgets\services\komorebi\event_listener.py", line 69, in run
  File "D:\a\yasb\yasb\src\core\widgets\services\komorebi\event_listener.py", line 130, in _wait_until_komorebi_online
UnicodeDecodeError: 'utf-8' codec can't decode byte 0x82 in position 91: invalid start byte
2026-09-03 17:43:53,118 [INFO] [Dummy-10] [root/event_listener.py:107]: Attempting to reconnect to Komorebi...
2026-09-03 17:43:56,128 [INFO] [Dummy-10] [root/event_listener.py:54]: Created named pipe yasb-5861fc19-a7ac-11f1-b603-00d86114443b
2026-09-03 17:43:56,182 [ERROR] [Dummy-10] [root/event_listener.py:100]: Komorebi has disconnected from the named pipe yasb-5861fc19-a7ac-11f1-b603-00d86114443b
Traceback (most recent call last):
  File "D:\a\yasb\yasb\src\core\widgets\services\komorebi\event_listener.py", line 69, in run
  File "D:\a\yasb\yasb\src\core\widgets\services\komorebi\event_listener.py", line 130, in _wait_until_komorebi_online
UnicodeDecodeError: 'utf-8' codec can't decode byte 0x82 in position 91: invalid start byte
2026-09-03 17:43:56,184 [INFO] [Dummy-10] [root/event_listener.py:107]: Attempting to reconnect to Komorebi...
2026-09-03 17:43:59,197 [INFO] [Dummy-10] [root/event_listener.py:54]: Created named pipe yasb-5861fc19-a7ac-11f1-b603-00d86114443b
2026-09-03 17:43:59,253 [ERROR] [Dummy-10] [root/event_listener.py:100]: Komorebi has disconnected from the named pipe yasb-5861fc19-a7ac-11f1-b603-00d86114443b
Traceback (most recent call last):
  File "D:\a\yasb\yasb\src\core\widgets\services\komorebi\event_listener.py", line 69, in run
  File "D:\a\yasb\yasb\src\core\widgets\services\komorebi\event_listener.py", line 130, in _wait_until_komorebi_online
UnicodeDecodeError: 'utf-8' codec can't decode byte 0x82 in position 91: invalid start byte
2026-09-03 17:43:59,255 [INFO] [Dummy-10] [root/event_listener.py:107]: Attempting to reconnect to Komorebi...
2026-09-03 17:44:02,263 [INFO] [Dummy-10] [root/event_listener.py:54]: Created named pipe yasb-5861fc19-a7ac-11f1-b603-00d86114443b
2026-09-03 17:44:02,317 [ERROR] [Dummy-10] [root/event_listener.py:100]: Komorebi has disconnected from the named pipe yasb-5861fc19-a7ac-11f1-b603-00d86114443b
Traceback (most recent call last):
  File "D:\a\yasb\yasb\src\core\widgets\services\komorebi\event_listener.py", line 69, in run
  File "D:\a\yasb\yasb\src\core\widgets\services\komorebi\event_listener.py", line 130, in _wait_until_komorebi_online
UnicodeDecodeError: 'utf-8' codec can't decode byte 0x82 in position 91: invalid start byte
2026-09-03 17:44:02,319 [INFO] [Dummy-10] [root/event_listener.py:107]: Attempting to reconnect to Komorebi...
2026-09-03 17:44:05,334 [INFO] [Dummy-10] [root/event_listener.py:54]: Created named pipe yasb-5861fc19-a7ac-11f1-b603-00d86114443b
2026-09-03 17:44:05,389 [ERROR] [Dummy-10] [root/event_listener.py:100]: Komorebi has disconnected from the named pipe yasb-5861fc19-a7ac-11f1-b603-00d86114443b
Traceback (most recent call last):
  File "D:\a\yasb\yasb\src\core\widgets\services\komorebi\event_listener.py", line 69, in run
  File "D:\a\yasb\yasb\src\core\widgets\services\komorebi\event_listener.py", line 130, in _wait_until_komorebi_online
UnicodeDecodeError: 'utf-8' codec can't decode byte 0x82 in position 91: invalid start byte
2026-09-03 17:44:05,391 [INFO] [Dummy-10] [root/event_listener.py:107]: Attempting to reconnect to Komorebi...
2026-09-03 17:44:08,406 [INFO] [Dummy-10] [root/event_listener.py:54]: Created named pipe yasb-5861fc19-a7ac-11f1-b603-00d86114443b
2026-09-03 17:44:08,459 [ERROR] [Dummy-10] [root/event_listener.py:100]: Komorebi has disconnected from the named pipe yasb-5861fc19-a7ac-11f1-b603-00d86114443b
Traceback (most recent call last):
  File "D:\a\yasb\yasb\src\core\widgets\services\komorebi\event_listener.py", line 69, in run
  File "D:\a\yasb\yasb\src\core\widgets\services\komorebi\event_listener.py", line 130, in _wait_until_komorebi_online
UnicodeDecodeError: 'utf-8' codec can't decode byte 0x82 in position 91: invalid start byte
2026-09-03 17:44:08,461 [INFO] [Dummy-10] [root/event_listener.py:107]: Attempting to reconnect to Komorebi...
2026-09-03 17:44:11,471 [INFO] [Dummy-10] [root/event_listener.py:54]: Created named pipe yasb-5861fc19-a7ac-11f1-b603-00d86114443b
2026-09-03 17:44:11,525 [ERROR] [Dummy-10] [root/event_listener.py:100]: Komorebi has disconnected from the named pipe yasb-5861fc19-a7ac-11f1-b603-00d86114443b
Traceback (most recent call last):
  File "D:\a\yasb\yasb\src\core\widgets\services\komorebi\event_listener.py", line 69, in run
  File "D:\a\yasb\yasb\src\core\widgets\services\komorebi\event_listener.py", line 130, in _wait_until_komorebi_online
UnicodeDecodeError: 'utf-8' codec can't decode byte 0x82 in position 91: invalid start byte
2026-09-03 17:44:11,527 [INFO] [Dummy-10] [root/event_listener.py:107]: Attempting to reconnect to Komorebi...
2026-09-03 17:44:14,533 [INFO] [Dummy-10] [root/event_listener.py:54]: Created named pipe yasb-5861fc19-a7ac-11f1-b603-00d86114443b
2026-09-03 17:44:15,446 [ERROR] [Dummy-10] [root/event_listener.py:100]: Komorebi has disconnected from the named pipe yasb-5861fc19-a7ac-11f1-b603-00d86114443b
Traceback (most recent call last):
  File "D:\a\yasb\yasb\src\core\widgets\services\komorebi\event_listener.py", line 69, in run
  File "D:\a\yasb\yasb\src\core\widgets\services\komorebi\event_listener.py", line 130, in _wait_until_komorebi_online
UnicodeDecodeError: 'utf-8' codec can't decode byte 0x82 in position 91: invalid start byte
2026-09-03 17:44:15,448 [INFO] [Dummy-10] [root/event_listener.py:107]: Attempting to reconnect to Komorebi...
2026-09-03 17:44:18,449 [INFO] [Dummy-10] [root/event_listener.py:54]: Created named pipe yasb-5861fc19-a7ac-11f1-b603-00d86114443b
2026-09-03 17:44:18,503 [ERROR] [Dummy-10] [root/event_listener.py:100]: Komorebi has disconnected from the named pipe yasb-5861fc19-a7ac-11f1-b603-00d86114443b
Traceback (most recent call last):
  File "D:\a\yasb\yasb\src\core\widgets\services\komorebi\event_listener.py", line 69, in run
  File "D:\a\yasb\yasb\src\core\widgets\services\komorebi\event_listener.py", line 130, in _wait_until_komorebi_online
UnicodeDecodeError: 'utf-8' codec can't decode byte 0x82 in position 91: invalid start byte
2026-09-03 17:44:18,505 [INFO] [Dummy-10] [root/event_listener.py:107]: Attempting to reconnect to Komorebi...
2026-09-03 17:44:21,519 [INFO] [Dummy-10] [root/event_listener.py:54]: Created named pipe yasb-5861fc19-a7ac-11f1-b603-00d86114443b
2026-09-03 17:44:21,575 [ERROR] [Dummy-10] [root/event_listener.py:100]: Komorebi has disconnected from the named pipe yasb-5861fc19-a7ac-11f1-b603-00d86114443b
Traceback (most recent call last):
  File "D:\a\yasb\yasb\src\core\widgets\services\komorebi\event_listener.py", line 69, in run
  File "D:\a\yasb\yasb\src\core\widgets\services\komorebi\event_listener.py", line 130, in _wait_until_komorebi_online
UnicodeDecodeError: 'utf-8' codec can't decode byte 0x82 in position 91: invalid start byte
2026-09-03 17:44:21,577 [INFO] [Dummy-10] [root/event_listener.py:107]: Attempting to reconnect to Komorebi...
2026-09-03 17:44:24,584 [INFO] [Dummy-10] [root/event_listener.py:54]: Created named pipe yasb-5861fc19-a7ac-11f1-b603-00d86114443b
2026-09-03 17:44:24,638 [ERROR] [Dummy-10] [root/event_listener.py:100]: Komorebi has disconnected from the named pipe yasb-5861fc19-a7ac-11f1-b603-00d86114443b
Traceback (most recent call last):
  File "D:\a\yasb\yasb\src\core\widgets\services\komorebi\event_listener.py", line 69, in run
  File "D:\a\yasb\yasb\src\core\widgets\services\komorebi\event_listener.py", line 130, in _wait_until_komorebi_online
UnicodeDecodeError: 'utf-8' codec can't decode byte 0x82 in position 91: invalid start byte
2026-09-03 17:44:24,640 [INFO] [Dummy-10] [root/event_listener.py:107]: Attempting to reconnect to Komorebi...
2026-09-03 17:44:27,645 [INFO] [Dummy-10] [root/event_listener.py:54]: Created named pipe yasb-5861fc19-a7ac-11f1-b603-00d86114443b
2026-09-03 17:44:27,705 [ERROR] [Dummy-10] [root/event_listener.py:100]: Komorebi has disconnected from the named pipe yasb-5861fc19-a7ac-11f1-b603-00d86114443b
Traceback (most recent call last):
  File "D:\a\yasb\yasb\src\core\widgets\services\komorebi\event_listener.py", line 69, in run
  File "D:\a\yasb\yasb\src\core\widgets\services\komorebi\event_listener.py", line 130, in _wait_until_komorebi_online
UnicodeDecodeError: 'utf-8' codec can't decode byte 0x82 in position 91: invalid start byte
2026-09-03 17:44:27,707 [INFO] [Dummy-10] [root/event_listener.py:107]: Attempting to reconnect to Komorebi...
2026-09-03 17:44:30,711 [INFO] [Dummy-10] [root/event_listener.py:54]: Created named pipe yasb-5861fc19-a7ac-11f1-b603-00d86114443b
2026-09-03 17:44:30,767 [ERROR] [Dummy-10] [root/event_listener.py:100]: Komorebi has disconnected from the named pipe yasb-5861fc19-a7ac-11f1-b603-00d86114443b
Traceback (most recent call last):
  File "D:\a\yasb\yasb\src\core\widgets\services\komorebi\event_listener.py", line 69, in run
  File "D:\a\yasb\yasb\src\core\widgets\services\komorebi\event_listener.py", line 130, in _wait_until_komorebi_online
UnicodeDecodeError: 'utf-8' codec can't decode byte 0x82 in position 91: invalid start byte
2026-09-03 17:44:30,769 [INFO] [Dummy-10] [root/event_listener.py:107]: Attempting to reconnect to Komorebi...
2026-09-03 17:44:32,539 [INFO] [MainThread] [root/service.py:223]: Quick Launch rebuilding app list after install/uninstall detected
2026-09-03 17:44:33,778 [INFO] [Dummy-10] [root/event_listener.py:54]: Created named pipe yasb-5861fc19-a7ac-11f1-b603-00d86114443b
2026-09-03 17:44:33,847 [ERROR] [Dummy-10] [root/event_listener.py:100]: Komorebi has disconnected from the named pipe yasb-5861fc19-a7ac-11f1-b603-00d86114443b
Traceback (most recent call last):
  File "D:\a\yasb\yasb\src\core\widgets\services\komorebi\event_listener.py", line 69, in run
  File "D:\a\yasb\yasb\src\core\widgets\services\komorebi\event_listener.py", line 130, in _wait_until_komorebi_online
UnicodeDecodeError: 'utf-8' codec can't decode byte 0x82 in position 91: invalid start byte
2026-09-03 17:44:33,849 [INFO] [Dummy-10] [root/event_listener.py:107]: Attempting to reconnect to Komorebi...
2026-09-03 17:44:36,856 [INFO] [Dummy-10] [root/event_listener.py:54]: Created named pipe yasb-5861fc19-a7ac-11f1-b603-00d86114443b
2026-09-03 17:44:36,913 [ERROR] [Dummy-10] [root/event_listener.py:100]: Komorebi has disconnected from the named pipe yasb-5861fc19-a7ac-11f1-b603-00d86114443b
Traceback (most recent call last):
  File "D:\a\yasb\yasb\src\core\widgets\services\komorebi\event_listener.py", line 69, in run
  File "D:\a\yasb\yasb\src\core\widgets\services\komorebi\event_listener.py", line 130, in _wait_until_komorebi_online
UnicodeDecodeError: 'utf-8' codec can't decode byte 0x82 in position 91: invalid start byte
2026-09-03 17:44:36,915 [INFO] [Dummy-10] [root/event_listener.py:107]: Attempting to reconnect to Komorebi...
2026-09-03 17:44:38,211 [INFO] [MainThread] [root/service.py:223]: Quick Launch rebuilding app list after install/uninstall detected
2026-09-03 17:44:39,927 [INFO] [Dummy-10] [root/event_listener.py:54]: Created named pipe yasb-5861fc19-a7ac-11f1-b603-00d86114443b
2026-09-03 17:44:39,991 [ERROR] [Dummy-10] [root/event_listener.py:100]: Komorebi has disconnected from the named pipe yasb-5861fc19-a7ac-11f1-b603-00d86114443b
Traceback (most recent call last):
  File "D:\a\yasb\yasb\src\core\widgets\services\komorebi\event_listener.py", line 69, in run
  File "D:\a\yasb\yasb\src\core\widgets\services\komorebi\event_listener.py", line 130, in _wait_until_komorebi_online
UnicodeDecodeError: 'utf-8' codec can't decode byte 0x82 in position 91: invalid start byte
2026-09-03 17:44:39,994 [INFO] [Dummy-10] [root/event_listener.py:107]: Attempting to reconnect to Komorebi...
2026-09-03 17:44:43,003 [INFO] [Dummy-10] [root/event_listener.py:54]: Created named pipe yasb-5861fc19-a7ac-11f1-b603-00d86114443b
2026-09-03 17:44:43,060 [ERROR] [Dummy-10] [root/event_listener.py:100]: Komorebi has disconnected from the named pipe yasb-5861fc19-a7ac-11f1-b603-00d86114443b
Traceback (most recent call last):
  File "D:\a\yasb\yasb\src\core\widgets\services\komorebi\event_listener.py", line 69, in run
  File "D:\a\yasb\yasb\src\core\widgets\services\komorebi\event_listener.py", line 130, in _wait_until_komorebi_online
UnicodeDecodeError: 'utf-8' codec can't decode byte 0x82 in position 91: invalid start byte
2026-09-03 17:44:43,062 [INFO] [Dummy-10] [root/event_listener.py:107]: Attempting to reconnect to Komorebi...
2026-09-03 17:44:46,064 [INFO] [Dummy-10] [root/event_listener.py:54]: Created named pipe yasb-5861fc19-a7ac-11f1-b603-00d86114443b
2026-09-03 17:44:46,124 [ERROR] [Dummy-10] [root/event_listener.py:100]: Komorebi has disconnected from the named pipe yasb-5861fc19-a7ac-11f1-b603-00d86114443b
Traceback (most recent call last):
  File "D:\a\yasb\yasb\src\core\widgets\services\komorebi\event_listener.py", line 69, in run
  File "D:\a\yasb\yasb\src\core\widgets\services\komorebi\event_listener.py", line 130, in _wait_until_komorebi_online
UnicodeDecodeError: 'utf-8' codec can't decode byte 0x82 in position 91: invalid start byte
2026-09-03 17:44:46,126 [INFO] [Dummy-10] [root/event_listener.py:107]: Attempting to reconnect to Komorebi...
2026-09-03 17:44:49,139 [INFO] [Dummy-10] [root/event_listener.py:54]: Created named pipe yasb-5861fc19-a7ac-11f1-b603-00d86114443b
2026-09-03 17:44:49,194 [ERROR] [Dummy-10] [root/event_listener.py:100]: Komorebi has disconnected from the named pipe yasb-5861fc19-a7ac-11f1-b603-00d86114443b
Traceback (most recent call last):
  File "D:\a\yasb\yasb\src\core\widgets\services\komorebi\event_listener.py", line 69, in run
  File "D:\a\yasb\yasb\src\core\widgets\services\komorebi\event_listener.py", line 130, in _wait_until_komorebi_online
UnicodeDecodeError: 'utf-8' codec can't decode byte 0x82 in position 91: invalid start byte
2026-09-03 17:44:49,196 [INFO] [Dummy-10] [root/event_listener.py:107]: Attempting to reconnect to Komorebi...
2026-09-03 17:44:52,200 [INFO] [Dummy-10] [root/event_listener.py:54]: Created named pipe yasb-5861fc19-a7ac-11f1-b603-00d86114443b
2026-09-03 17:44:52,257 [ERROR] [Dummy-10] [root/event_listener.py:100]: Komorebi has disconnected from the named pipe yasb-5861fc19-a7ac-11f1-b603-00d86114443b
Traceback (most recent call last):
  File "D:\a\yasb\yasb\src\core\widgets\services\komorebi\event_listener.py", line 69, in run
  File "D:\a\yasb\yasb\src\core\widgets\services\komorebi\event_listener.py", line 130, in _wait_until_komorebi_online
UnicodeDecodeError: 'utf-8' codec can't decode byte 0x82 in position 91: invalid start byte
2026-09-03 17:44:52,259 [INFO] [Dummy-10] [root/event_listener.py:107]: Attempting to reconnect to Komorebi...
2026-09-03 17:44:55,264 [INFO] [Dummy-10] [root/event_listener.py:54]: Created named pipe yasb-5861fc19-a7ac-11f1-b603-00d86114443b
2026-09-03 17:44:55,320 [ERROR] [Dummy-10] [root/event_listener.py:100]: Komorebi has disconnected from the named pipe yasb-5861fc19-a7ac-11f1-b603-00d86114443b
Traceback (most recent call last):
  File "D:\a\yasb\yasb\src\core\widgets\services\komorebi\event_listener.py", line 69, in run
  File "D:\a\yasb\yasb\src\core\widgets\services\komorebi\event_listener.py", line 130, in _wait_until_komorebi_online
UnicodeDecodeError: 'utf-8' codec can't decode byte 0x82 in position 91: invalid start byte
2026-09-03 17:44:55,322 [INFO] [Dummy-10] [root/event_listener.py:107]: Attempting to reconnect to Komorebi...
2026-09-03 17:44:58,324 [INFO] [Dummy-10] [root/event_listener.py:54]: Created named pipe yasb-5861fc19-a7ac-11f1-b603-00d86114443b
2026-09-03 17:45:00,832 [ERROR] [Dummy-10] [root/event_listener.py:100]: Komorebi has disconnected from the named pipe yasb-5861fc19-a7ac-11f1-b603-00d86114443b
Traceback (most recent call last):
  File "D:\a\yasb\yasb\src\core\widgets\services\komorebi\event_listener.py", line 69, in run
  File "D:\a\yasb\yasb\src\core\widgets\services\komorebi\event_listener.py", line 130, in _wait_until_komorebi_online
UnicodeDecodeError: 'utf-8' codec can't decode byte 0x82 in position 91: invalid start byte
2026-09-03 17:45:00,834 [INFO] [Dummy-10] [root/event_listener.py:107]: Attempting to reconnect to Komorebi...
2026-09-03 17:45:03,835 [INFO] [Dummy-10] [root/event_listener.py:54]: Created named pipe yasb-5861fc19-a7ac-11f1-b603-00d86114443b
2026-09-03 17:45:03,890 [ERROR] [Dummy-10] [root/event_listener.py:100]: Komorebi has disconnected from the named pipe yasb-5861fc19-a7ac-11f1-b603-00d86114443b
Traceback (most recent call last):
  File "D:\a\yasb\yasb\src\core\widgets\services\komorebi\event_listener.py", line 69, in run
  File "D:\a\yasb\yasb\src\core\widgets\services\komorebi\event_listener.py", line 130, in _wait_until_komorebi_online
UnicodeDecodeError: 'utf-8' codec can't decode byte 0x82 in position 91: invalid start byte
2026-09-03 17:45:03,892 [INFO] [Dummy-10] [root/event_listener.py:107]: Attempting to reconnect to Komorebi...
2026-09-03 17:45:06,894 [INFO] [Dummy-10] [root/event_listener.py:54]: Created named pipe yasb-5861fc19-a7ac-11f1-b603-00d86114443b
2026-09-03 17:45:06,954 [ERROR] [Dummy-10] [root/event_listener.py:100]: Komorebi has disconnected from the named pipe yasb-5861fc19-a7ac-11f1-b603-00d86114443b
Traceback (most recent call last):
  File "D:\a\yasb\yasb\src\core\widgets\services\komorebi\event_listener.py", line 69, in run
  File "D:\a\yasb\yasb\src\core\widgets\services\komorebi\event_listener.py", line 130, in _wait_until_komorebi_online
UnicodeDecodeError: 'utf-8' codec can't decode byte 0x82 in position 91: invalid start byte
2026-09-03 17:45:06,956 [INFO] [Dummy-10] [root/event_listener.py:107]: Attempting to reconnect to Komorebi...
2026-09-03 17:45:09,968 [INFO] [Dummy-10] [root/event_listener.py:54]: Created named pipe yasb-5861fc19-a7ac-11f1-b603-00d86114443b
2026-09-03 17:45:10,029 [ERROR] [Dummy-10] [root/event_listener.py:100]: Komorebi has disconnected from the named pipe yasb-5861fc19-a7ac-11f1-b603-00d86114443b
Traceback (most recent call last):
  File "D:\a\yasb\yasb\src\core\widgets\services\komorebi\event_listener.py", line 69, in run
  File "D:\a\yasb\yasb\src\core\widgets\services\komorebi\event_listener.py", line 130, in _wait_until_komorebi_online
UnicodeDecodeError: 'utf-8' codec can't decode byte 0x82 in position 91: invalid start byte
2026-09-03 17:45:10,031 [INFO] [Dummy-10] [root/event_listener.py:107]: Attempting to reconnect to Komorebi...
2026-09-03 17:45:13,032 [INFO] [Dummy-10] [root/event_listener.py:54]: Created named pipe yasb-5861fc19-a7ac-11f1-b603-00d86114443b
2026-09-03 17:45:13,087 [ERROR] [Dummy-10] [root/event_listener.py:100]: Komorebi has disconnected from the named pipe yasb-5861fc19-a7ac-11f1-b603-00d86114443b
Traceback (most recent call last):
  File "D:\a\yasb\yasb\src\core\widgets\services\komorebi\event_listener.py", line 69, in run
  File "D:\a\yasb\yasb\src\core\widgets\services\komorebi\event_listener.py", line 130, in _wait_until_komorebi_online
UnicodeDecodeError: 'utf-8' codec can't decode byte 0x82 in position 91: invalid start byte
2026-09-03 17:45:13,089 [INFO] [Dummy-10] [root/event_listener.py:107]: Attempting to reconnect to Komorebi...
2026-09-03 17:45:16,091 [INFO] [Dummy-10] [root/event_listener.py:54]: Created named pipe yasb-5861fc19-a7ac-11f1-b603-00d86114443b
2026-09-03 17:45:16,146 [ERROR] [Dummy-10] [root/event_listener.py:100]: Komorebi has disconnected from the named pipe yasb-5861fc19-a7ac-11f1-b603-00d86114443b
Traceback (most recent call last):
  File "D:\a\yasb\yasb\src\core\widgets\services\komorebi\event_listener.py", line 69, in run
  File "D:\a\yasb\yasb\src\core\widgets\services\komorebi\event_listener.py", line 130, in _wait_until_komorebi_online
UnicodeDecodeError: 'utf-8' codec can't decode byte 0x82 in position 91: invalid start byte
2026-09-03 17:45:16,148 [INFO] [Dummy-10] [root/event_listener.py:107]: Attempting to reconnect to Komorebi...
2026-09-03 17:45:19,149 [INFO] [Dummy-10] [root/event_listener.py:54]: Created named pipe yasb-5861fc19-a7ac-11f1-b603-00d86114443b
2026-09-03 17:45:19,204 [ERROR] [Dummy-10] [root/event_listener.py:100]: Komorebi has disconnected from the named pipe yasb-5861fc19-a7ac-11f1-b603-00d86114443b
Traceback (most recent call last):
  File "D:\a\yasb\yasb\src\core\widgets\services\komorebi\event_listener.py", line 69, in run
  File "D:\a\yasb\yasb\src\core\widgets\services\komorebi\event_listener.py", line 130, in _wait_until_komorebi_online
UnicodeDecodeError: 'utf-8' codec can't decode byte 0x82 in position 91: invalid start byte
2026-09-03 17:45:19,206 [INFO] [Dummy-10] [root/event_listener.py:107]: Attempting to reconnect to Komorebi...
2026-09-03 17:45:22,212 [INFO] [Dummy-10] [root/event_listener.py:54]: Created named pipe yasb-5861fc19-a7ac-11f1-b603-00d86114443b
2026-09-03 17:45:22,269 [ERROR] [Dummy-10] [root/event_listener.py:100]: Komorebi has disconnected from the named pipe yasb-5861fc19-a7ac-11f1-b603-00d86114443b
Traceback (most recent call last):
  File "D:\a\yasb\yasb\src\core\widgets\services\komorebi\event_listener.py", line 69, in run
  File "D:\a\yasb\yasb\src\core\widgets\services\komorebi\event_listener.py", line 130, in _wait_until_komorebi_online
UnicodeDecodeError: 'utf-8' codec can't decode byte 0x82 in position 91: invalid start byte
2026-09-03 17:45:22,271 [INFO] [Dummy-10] [root/event_listener.py:107]: Attempting to reconnect to Komorebi...
2026-09-03 17:45:25,285 [INFO] [Dummy-10] [root/event_listener.py:54]: Created named pipe yasb-5861fc19-a7ac-11f1-b603-00d86114443b
2026-09-03 17:45:25,339 [ERROR] [Dummy-10] [root/event_listener.py:100]: Komorebi has disconnected from the named pipe yasb-5861fc19-a7ac-11f1-b603-00d86114443b
Traceback (most recent call last):
  File "D:\a\yasb\yasb\src\core\widgets\services\komorebi\event_listener.py", line 69, in run
  File "D:\a\yasb\yasb\src\core\widgets\services\komorebi\event_listener.py", line 130, in _wait_until_komorebi_online
UnicodeDecodeError: 'utf-8' codec can't decode byte 0x82 in position 91: invalid start byte
2026-09-03 17:45:25,341 [INFO] [Dummy-10] [root/event_listener.py:107]: Attempting to reconnect to Komorebi...
2026-09-03 17:45:28,354 [INFO] [Dummy-10] [root/event_listener.py:54]: Created named pipe yasb-5861fc19-a7ac-11f1-b603-00d86114443b
2026-09-03 17:45:28,408 [ERROR] [Dummy-10] [root/event_listener.py:100]: Komorebi has disconnected from the named pipe yasb-5861fc19-a7ac-11f1-b603-00d86114443b
Traceback (most recent call last):
  File "D:\a\yasb\yasb\src\core\widgets\services\komorebi\event_listener.py", line 69, in run
  File "D:\a\yasb\yasb\src\core\widgets\services\komorebi\event_listener.py", line 130, in _wait_until_komorebi_online
UnicodeDecodeError: 'utf-8' codec can't decode byte 0x82 in position 91: invalid start byte
2026-09-03 17:45:28,410 [INFO] [Dummy-10] [root/event_listener.py:107]: Attempting to reconnect to Komorebi...
2026-09-03 17:45:31,412 [INFO] [Dummy-10] [root/event_listener.py:54]: Created named pipe yasb-5861fc19-a7ac-11f1-b603-00d86114443b
2026-09-03 17:45:31,467 [ERROR] [Dummy-10] [root/event_listener.py:100]: Komorebi has disconnected from the named pipe yasb-5861fc19-a7ac-11f1-b603-00d86114443b
Traceback (most recent call last):
  File "D:\a\yasb\yasb\src\core\widgets\services\komorebi\event_listener.py", line 69, in run
  File "D:\a\yasb\yasb\src\core\widgets\services\komorebi\event_listener.py", line 130, in _wait_until_komorebi_online
UnicodeDecodeError: 'utf-8' codec can't decode byte 0x82 in position 91: invalid start byte
2026-09-03 17:45:31,469 [INFO] [Dummy-10] [root/event_listener.py:107]: Attempting to reconnect to Komorebi...
2026-09-03 17:45:34,479 [INFO] [Dummy-10] [root/event_listener.py:54]: Created named pipe yasb-5861fc19-a7ac-11f1-b603-00d86114443b
2026-09-03 17:45:34,540 [ERROR] [Dummy-10] [root/event_listener.py:100]: Komorebi has disconnected from the named pipe yasb-5861fc19-a7ac-11f1-b603-00d86114443b
Traceback (most recent call last):
  File "D:\a\yasb\yasb\src\core\widgets\services\komorebi\event_listener.py", line 69, in run
  File "D:\a\yasb\yasb\src\core\widgets\services\komorebi\event_listener.py", line 130, in _wait_until_komorebi_online
UnicodeDecodeError: 'utf-8' codec can't decode byte 0x82 in position 91: invalid start byte
2026-09-03 17:45:34,542 [INFO] [Dummy-10] [root/event_listener.py:107]: Attempting to reconnect to Komorebi...
2026-09-03 17:45:37,552 [INFO] [Dummy-10] [root/event_listener.py:54]: Created named pipe yasb-5861fc19-a7ac-11f1-b603-00d86114443b
2026-09-03 17:45:37,609 [ERROR] [Dummy-10] [root/event_listener.py:100]: Komorebi has disconnected from the named pipe yasb-5861fc19-a7ac-11f1-b603-00d86114443b
Traceback (most recent call last):
  File "D:\a\yasb\yasb\src\core\widgets\services\komorebi\event_listener.py", line 69, in run
  File "D:\a\yasb\yasb\src\core\widgets\services\komorebi\event_listener.py", line 130, in _wait_until_komorebi_online
UnicodeDecodeError: 'utf-8' codec can't decode byte 0x82 in position 91: invalid start byte
2026-09-03 17:45:37,611 [INFO] [Dummy-10] [root/event_listener.py:107]: Attempting to reconnect to Komorebi...
2026-09-03 17:45:40,612 [INFO] [Dummy-10] [root/event_listener.py:54]: Created named pipe yasb-5861fc19-a7ac-11f1-b603-00d86114443b
2026-09-03 17:45:40,672 [ERROR] [Dummy-10] [root/event_listener.py:100]: Komorebi has disconnected from the named pipe yasb-5861fc19-a7ac-11f1-b603-00d86114443b
Traceback (most recent call last):
  File "D:\a\yasb\yasb\src\core\widgets\services\komorebi\event_listener.py", line 69, in run
  File "D:\a\yasb\yasb\src\core\widgets\services\komorebi\event_listener.py", line 130, in _wait_until_komorebi_online
UnicodeDecodeError: 'utf-8' codec can't decode byte 0x82 in position 91: invalid start byte
2026-09-03 17:45:40,674 [INFO] [Dummy-10] [root/event_listener.py:107]: Attempting to reconnect to Komorebi...
2026-09-03 17:45:43,685 [INFO] [Dummy-10] [root/event_listener.py:54]: Created named pipe yasb-5861fc19-a7ac-11f1-b603-00d86114443b
2026-09-03 17:45:43,739 [ERROR] [Dummy-10] [root/event_listener.py:100]: Komorebi has disconnected from the named pipe yasb-5861fc19-a7ac-11f1-b603-00d86114443b
Traceback (most recent call last):
  File "D:\a\yasb\yasb\src\core\widgets\services\komorebi\event_listener.py", line 69, in run
  File "D:\a\yasb\yasb\src\core\widgets\services\komorebi\event_listener.py", line 130, in _wait_until_komorebi_online
UnicodeDecodeError: 'utf-8' codec can't decode byte 0x82 in position 91: invalid start byte
2026-09-03 17:45:43,741 [INFO] [Dummy-10] [root/event_listener.py:107]: Attempting to reconnect to Komorebi...
2026-09-03 17:45:46,745 [INFO] [Dummy-10] [root/event_listener.py:54]: Created named pipe yasb-5861fc19-a7ac-11f1-b603-00d86114443b
2026-09-03 17:45:46,800 [ERROR] [Dummy-10] [root/event_listener.py:100]: Komorebi has disconnected from the named pipe yasb-5861fc19-a7ac-11f1-b603-00d86114443b
Traceback (most recent call last):
  File "D:\a\yasb\yasb\src\core\widgets\services\komorebi\event_listener.py", line 69, in run
  File "D:\a\yasb\yasb\src\core\widgets\services\komorebi\event_listener.py", line 130, in _wait_until_komorebi_online
UnicodeDecodeError: 'utf-8' codec can't decode byte 0x82 in position 91: invalid start byte
2026-09-03 17:45:46,802 [INFO] [Dummy-10] [root/event_listener.py:107]: Attempting to reconnect to Komorebi...
2026-09-03 17:45:49,807 [INFO] [Dummy-10] [root/event_listener.py:54]: Created named pipe yasb-5861fc19-a7ac-11f1-b603-00d86114443b
2026-09-03 17:45:49,861 [ERROR] [Dummy-10] [root/event_listener.py:100]: Komorebi has disconnected from the named pipe yasb-5861fc19-a7ac-11f1-b603-00d86114443b
Traceback (most recent call last):
  File "D:\a\yasb\yasb\src\core\widgets\services\komorebi\event_listener.py", line 69, in run
  File "D:\a\yasb\yasb\src\core\widgets\services\komorebi\event_listener.py", line 130, in _wait_until_komorebi_online
UnicodeDecodeError: 'utf-8' codec can't decode byte 0x82 in position 91: invalid start byte
2026-09-03 17:45:49,863 [INFO] [Dummy-10] [root/event_listener.py:107]: Attempting to reconnect to Komorebi...
2026-09-03 17:45:52,875 [INFO] [Dummy-10] [root/event_listener.py:54]: Created named pipe yasb-5861fc19-a7ac-11f1-b603-00d86114443b
2026-09-03 17:45:52,929 [ERROR] [Dummy-10] [root/event_listener.py:100]: Komorebi has disconnected from the named pipe yasb-5861fc19-a7ac-11f1-b603-00d86114443b
Traceback (most recent call last):
  File "D:\a\yasb\yasb\src\core\widgets\services\komorebi\event_listener.py", line 69, in run
  File "D:\a\yasb\yasb\src\core\widgets\services\komorebi\event_listener.py", line 130, in _wait_until_komorebi_online
UnicodeDecodeError: 'utf-8' codec can't decode byte 0x82 in position 91: invalid start byte
2026-09-03 17:45:52,931 [INFO] [Dummy-10] [root/event_listener.py:107]: Attempting to reconnect to Komorebi...
2026-09-03 17:45:55,935 [INFO] [Dummy-10] [root/event_listener.py:54]: Created named pipe yasb-5861fc19-a7ac-11f1-b603-00d86114443b
2026-09-03 17:45:55,989 [ERROR] [Dummy-10] [root/event_listener.py:100]: Komorebi has disconnected from the named pipe yasb-5861fc19-a7ac-11f1-b603-00d86114443b
Traceback (most recent call last):
  File "D:\a\yasb\yasb\src\core\widgets\services\komorebi\event_listener.py", line 69, in run
  File "D:\a\yasb\yasb\src\core\widgets\services\komorebi\event_listener.py", line 130, in _wait_until_komorebi_online
UnicodeDecodeError: 'utf-8' codec can't decode byte 0x82 in position 91: invalid start byte
2026-09-03 17:45:55,991 [INFO] [Dummy-10] [root/event_listener.py:107]: Attempting to reconnect to Komorebi...
2026-09-03 17:45:58,998 [INFO] [Dummy-10] [root/event_listener.py:54]: Created named pipe yasb-5861fc19-a7ac-11f1-b603-00d86114443b
2026-09-03 17:45:59,052 [ERROR] [Dummy-10] [root/event_listener.py:100]: Komorebi has disconnected from the named pipe yasb-5861fc19-a7ac-11f1-b603-00d86114443b
Traceback (most recent call last):
  File "D:\a\yasb\yasb\src\core\widgets\services\komorebi\event_listener.py", line 69, in run
  File "D:\a\yasb\yasb\src\core\widgets\services\komorebi\event_listener.py", line 130, in _wait_until_komorebi_online
UnicodeDecodeError: 'utf-8' codec can't decode byte 0x82 in position 91: invalid start byte
2026-09-03 17:45:59,054 [INFO] [Dummy-10] [root/event_listener.py:107]: Attempting to reconnect to Komorebi...
2026-09-03 17:46:02,066 [INFO] [Dummy-10] [root/event_listener.py:54]: Created named pipe yasb-5861fc19-a7ac-11f1-b603-00d86114443b
2026-09-03 17:46:02,119 [ERROR] [Dummy-10] [root/event_listener.py:100]: Komorebi has disconnected from the named pipe yasb-5861fc19-a7ac-11f1-b603-00d86114443b
Traceback (most recent call last):
  File "D:\a\yasb\yasb\src\core\widgets\services\komorebi\event_listener.py", line 69, in run
  File "D:\a\yasb\yasb\src\core\widgets\services\komorebi\event_listener.py", line 130, in _wait_until_komorebi_online
UnicodeDecodeError: 'utf-8' codec can't decode byte 0x82 in position 91: invalid start byte
2026-09-03 17:46:02,121 [INFO] [Dummy-10] [root/event_listener.py:107]: Attempting to reconnect to Komorebi...
2026-09-03 17:46:05,121 [INFO] [Dummy-10] [root/event_listener.py:54]: Created named pipe yasb-5861fc19-a7ac-11f1-b603-00d86114443b
2026-09-03 17:46:05,175 [ERROR] [Dummy-10] [root/event_listener.py:100]: Komorebi has disconnected from the named pipe yasb-5861fc19-a7ac-11f1-b603-00d86114443b
Traceback (most recent call last):
  File "D:\a\yasb\yasb\src\core\widgets\services\komorebi\event_listener.py", line 69, in run
  File "D:\a\yasb\yasb\src\core\widgets\services\komorebi\event_listener.py", line 130, in _wait_until_komorebi_online
UnicodeDecodeError: 'utf-8' codec can't decode byte 0x82 in position 91: invalid start byte
2026-09-03 17:46:05,177 [INFO] [Dummy-10] [root/event_listener.py:107]: Attempting to reconnect to Komorebi...
2026-09-03 17:46:08,189 [INFO] [Dummy-10] [root/event_listener.py:54]: Created named pipe yasb-5861fc19-a7ac-11f1-b603-00d86114443b
2026-09-03 17:46:08,244 [ERROR] [Dummy-10] [root/event_listener.py:100]: Komorebi has disconnected from the named pipe yasb-5861fc19-a7ac-11f1-b603-00d86114443b
Traceback (most recent call last):
  File "D:\a\yasb\yasb\src\core\widgets\services\komorebi\event_listener.py", line 69, in run
  File "D:\a\yasb\yasb\src\core\widgets\services\komorebi\event_listener.py", line 130, in _wait_until_komorebi_online
UnicodeDecodeError: 'utf-8' codec can't decode byte 0x82 in position 91: invalid start byte
2026-09-03 17:46:08,246 [INFO] [Dummy-10] [root/event_listener.py:107]: Attempting to reconnect to Komorebi...
2026-09-03 17:46:11,257 [INFO] [Dummy-10] [root/event_listener.py:54]: Created named pipe yasb-5861fc19-a7ac-11f1-b603-00d86114443b
2026-09-03 17:46:11,316 [ERROR] [Dummy-10] [root/event_listener.py:100]: Komorebi has disconnected from the named pipe yasb-5861fc19-a7ac-11f1-b603-00d86114443b
Traceback (most recent call last):
  File "D:\a\yasb\yasb\src\core\widgets\services\komorebi\event_listener.py", line 69, in run
  File "D:\a\yasb\yasb\src\core\widgets\services\komorebi\event_listener.py", line 130, in _wait_until_komorebi_online
UnicodeDecodeError: 'utf-8' codec can't decode byte 0x82 in position 91: invalid start byte
2026-09-03 17:46:11,318 [INFO] [Dummy-10] [root/event_listener.py:107]: Attempting to reconnect to Komorebi...
2026-09-03 17:46:14,331 [INFO] [Dummy-10] [root/event_listener.py:54]: Created named pipe yasb-5861fc19-a7ac-11f1-b603-00d86114443b
2026-09-03 17:46:14,387 [ERROR] [Dummy-10] [root/event_listener.py:100]: Komorebi has disconnected from the named pipe yasb-5861fc19-a7ac-11f1-b603-00d86114443b
Traceback (most recent call last):
  File "D:\a\yasb\yasb\src\core\widgets\services\komorebi\event_listener.py", line 69, in run
  File "D:\a\yasb\yasb\src\core\widgets\services\komorebi\event_listener.py", line 130, in _wait_until_komorebi_online
UnicodeDecodeError: 'utf-8' codec can't decode byte 0x82 in position 91: invalid start byte
2026-09-03 17:46:14,389 [INFO] [Dummy-10] [root/event_listener.py:107]: Attempting to reconnect to Komorebi...
2026-09-03 17:46:17,395 [INFO] [Dummy-10] [root/event_listener.py:54]: Created named pipe yasb-5861fc19-a7ac-11f1-b603-00d86114443b
2026-09-03 17:46:17,450 [ERROR] [Dummy-10] [root/event_listener.py:100]: Komorebi has disconnected from the named pipe yasb-5861fc19-a7ac-11f1-b603-00d86114443b
Traceback (most recent call last):
  File "D:\a\yasb\yasb\src\core\widgets\services\komorebi\event_listener.py", line 69, in run
  File "D:\a\yasb\yasb\src\core\widgets\services\komorebi\event_listener.py", line 130, in _wait_until_komorebi_online
UnicodeDecodeError: 'utf-8' codec can't decode byte 0x82 in position 91: invalid start byte
2026-09-03 17:46:17,452 [INFO] [Dummy-10] [root/event_listener.py:107]: Attempting to reconnect to Komorebi...
2026-09-03 17:46:20,460 [INFO] [Dummy-10] [root/event_listener.py:54]: Created named pipe yasb-5861fc19-a7ac-11f1-b603-00d86114443b
2026-09-03 17:46:20,516 [ERROR] [Dummy-10] [root/event_listener.py:100]: Komorebi has disconnected from the named pipe yasb-5861fc19-a7ac-11f1-b603-00d86114443b
Traceback (most recent call last):
  File "D:\a\yasb\yasb\src\core\widgets\services\komorebi\event_listener.py", line 69, in run
  File "D:\a\yasb\yasb\src\core\widgets\services\komorebi\event_listener.py", line 130, in _wait_until_komorebi_online
UnicodeDecodeError: 'utf-8' codec can't decode byte 0x82 in position 91: invalid start byte
2026-09-03 17:46:20,518 [INFO] [Dummy-10] [root/event_listener.py:107]: Attempting to reconnect to Komorebi...
2026-09-03 17:46:23,525 [INFO] [Dummy-10] [root/event_listener.py:54]: Created named pipe yasb-5861fc19-a7ac-11f1-b603-00d86114443b
2026-09-03 17:46:23,580 [ERROR] [Dummy-10] [root/event_listener.py:100]: Komorebi has disconnected from the named pipe yasb-5861fc19-a7ac-11f1-b603-00d86114443b
Traceback (most recent call last):
  File "D:\a\yasb\yasb\src\core\widgets\services\komorebi\event_listener.py", line 69, in run
  File "D:\a\yasb\yasb\src\core\widgets\services\komorebi\event_listener.py", line 130, in _wait_until_komorebi_online
UnicodeDecodeError: 'utf-8' codec can't decode byte 0x82 in position 91: invalid start byte
2026-09-03 17:46:23,581 [INFO] [Dummy-10] [root/event_listener.py:107]: Attempting to reconnect to Komorebi...
2026-09-03 17:46:26,594 [INFO] [Dummy-10] [root/event_listener.py:54]: Created named pipe yasb-5861fc19-a7ac-11f1-b603-00d86114443b
2026-09-03 17:46:26,648 [ERROR] [Dummy-10] [root/event_listener.py:100]: Komorebi has disconnected from the named pipe yasb-5861fc19-a7ac-11f1-b603-00d86114443b
Traceback (most recent call last):
  File "D:\a\yasb\yasb\src\core\widgets\services\komorebi\event_listener.py", line 69, in run
  File "D:\a\yasb\yasb\src\core\widgets\services\komorebi\event_listener.py", line 130, in _wait_until_komorebi_online
UnicodeDecodeError: 'utf-8' codec can't decode byte 0x82 in position 91: invalid start byte
2026-09-03 17:46:26,650 [INFO] [Dummy-10] [root/event_listener.py:107]: Attempting to reconnect to Komorebi...
2026-09-03 17:46:29,663 [INFO] [Dummy-10] [root/event_listener.py:54]: Created named pipe yasb-5861fc19-a7ac-11f1-b603-00d86114443b
2026-09-03 17:46:29,717 [ERROR] [Dummy-10] [root/event_listener.py:100]: Komorebi has disconnected from the named pipe yasb-5861fc19-a7ac-11f1-b603-00d86114443b
Traceback (most recent call last):
  File "D:\a\yasb\yasb\src\core\widgets\services\komorebi\event_listener.py", line 69, in run
  File "D:\a\yasb\yasb\src\core\widgets\services\komorebi\event_listener.py", line 130, in _wait_until_komorebi_online
UnicodeDecodeError: 'utf-8' codec can't decode byte 0x82 in position 91: invalid start byte
2026-09-03 17:46:29,719 [INFO] [Dummy-10] [root/event_listener.py:107]: Attempting to reconnect to Komorebi...
2026-09-03 17:46:32,722 [INFO] [Dummy-10] [root/event_listener.py:54]: Created named pipe yasb-5861fc19-a7ac-11f1-b603-00d86114443b
2026-09-03 17:46:32,782 [ERROR] [Dummy-10] [root/event_listener.py:100]: Komorebi has disconnected from the named pipe yasb-5861fc19-a7ac-11f1-b603-00d86114443b
Traceback (most recent call last):
  File "D:\a\yasb\yasb\src\core\widgets\services\komorebi\event_listener.py", line 69, in run
  File "D:\a\yasb\yasb\src\core\widgets\services\komorebi\event_listener.py", line 130, in _wait_until_komorebi_online
UnicodeDecodeError: 'utf-8' codec can't decode byte 0x82 in position 91: invalid start byte
2026-09-03 17:46:32,784 [INFO] [Dummy-10] [root/event_listener.py:107]: Attempting to reconnect to Komorebi...
2026-09-03 17:46:35,798 [INFO] [Dummy-10] [root/event_listener.py:54]: Created named pipe yasb-5861fc19-a7ac-11f1-b603-00d86114443b
2026-09-03 17:46:35,852 [ERROR] [Dummy-10] [root/event_listener.py:100]: Komorebi has disconnected from the named pipe yasb-5861fc19-a7ac-11f1-b603-00d86114443b
Traceback (most recent call last):
  File "D:\a\yasb\yasb\src\core\widgets\services\komorebi\event_listener.py", line 69, in run
  File "D:\a\yasb\yasb\src\core\widgets\services\komorebi\event_listener.py", line 130, in _wait_until_komorebi_online
UnicodeDecodeError: 'utf-8' codec can't decode byte 0x82 in position 91: invalid start byte
2026-09-03 17:46:35,854 [INFO] [Dummy-10] [root/event_listener.py:107]: Attempting to reconnect to Komorebi...
2026-09-03 17:46:38,864 [INFO] [Dummy-10] [root/event_listener.py:54]: Created named pipe yasb-5861fc19-a7ac-11f1-b603-00d86114443b
2026-09-03 17:46:38,920 [ERROR] [Dummy-10] [root/event_listener.py:100]: Komorebi has disconnected from the named pipe yasb-5861fc19-a7ac-11f1-b603-00d86114443b
Traceback (most recent call last):
  File "D:\a\yasb\yasb\src\core\widgets\services\komorebi\event_listener.py", line 69, in run
  File "D:\a\yasb\yasb\src\core\widgets\services\komorebi\event_listener.py", line 130, in _wait_until_komorebi_online
UnicodeDecodeError: 'utf-8' codec can't decode byte 0x82 in position 91: invalid start byte
2026-09-03 17:46:38,922 [INFO] [Dummy-10] [root/event_listener.py:107]: Attempting to reconnect to Komorebi...
2026-09-03 17:46:41,936 [INFO] [Dummy-10] [root/event_listener.py:54]: Created named pipe yasb-5861fc19-a7ac-11f1-b603-00d86114443b
2026-09-03 17:46:41,992 [ERROR] [Dummy-10] [root/event_listener.py:100]: Komorebi has disconnected from the named pipe yasb-5861fc19-a7ac-11f1-b603-00d86114443b
Traceback (most recent call last):
  File "D:\a\yasb\yasb\src\core\widgets\services\komorebi\event_listener.py", line 69, in run
  File "D:\a\yasb\yasb\src\core\widgets\services\komorebi\event_listener.py", line 130, in _wait_until_komorebi_online
UnicodeDecodeError: 'utf-8' codec can't decode byte 0x82 in position 91: invalid start byte
2026-09-03 17:46:41,994 [INFO] [Dummy-10] [root/event_listener.py:107]: Attempting to reconnect to Komorebi...
2026-09-03 17:46:45,005 [INFO] [Dummy-10] [root/event_listener.py:54]: Created named pipe yasb-5861fc19-a7ac-11f1-b603-00d86114443b
2026-09-03 17:46:45,059 [ERROR] [Dummy-10] [root/event_listener.py:100]: Komorebi has disconnected from the named pipe yasb-5861fc19-a7ac-11f1-b603-00d86114443b
Traceback (most recent call last):
  File "D:\a\yasb\yasb\src\core\widgets\services\komorebi\event_listener.py", line 69, in run
  File "D:\a\yasb\yasb\src\core\widgets\services\komorebi\event_listener.py", line 130, in _wait_until_komorebi_online
UnicodeDecodeError: 'utf-8' codec can't decode byte 0x82 in position 91: invalid start byte
2026-09-03 17:46:45,061 [INFO] [Dummy-10] [root/event_listener.py:107]: Attempting to reconnect to Komorebi...
2026-09-03 17:46:48,069 [INFO] [Dummy-10] [root/event_listener.py:54]: Created named pipe yasb-5861fc19-a7ac-11f1-b603-00d86114443b
2026-09-03 17:46:48,123 [ERROR] [Dummy-10] [root/event_listener.py:100]: Komorebi has disconnected from the named pipe yasb-5861fc19-a7ac-11f1-b603-00d86114443b
Traceback (most recent call last):
  File "D:\a\yasb\yasb\src\core\widgets\services\komorebi\event_listener.py", line 69, in run
  File "D:\a\yasb\yasb\src\core\widgets\services\komorebi\event_listener.py", line 130, in _wait_until_komorebi_online
UnicodeDecodeError: 'utf-8' codec can't decode byte 0x82 in position 91: invalid start byte
2026-09-03 17:46:48,125 [INFO] [Dummy-10] [root/event_listener.py:107]: Attempting to reconnect to Komorebi...
2026-09-03 17:46:51,128 [INFO] [Dummy-10] [root/event_listener.py:54]: Created named pipe yasb-5861fc19-a7ac-11f1-b603-00d86114443b
2026-09-03 17:46:51,190 [ERROR] [Dummy-10] [root/event_listener.py:100]: Komorebi has disconnected from the named pipe yasb-5861fc19-a7ac-11f1-b603-00d86114443b
Traceback (most recent call last):
  File "D:\a\yasb\yasb\src\core\widgets\services\komorebi\event_listener.py", line 69, in run
  File "D:\a\yasb\yasb\src\core\widgets\services\komorebi\event_listener.py", line 130, in _wait_until_komorebi_online
UnicodeDecodeError: 'utf-8' codec can't decode byte 0x82 in position 91: invalid start byte
2026-09-03 17:46:51,192 [INFO] [Dummy-10] [root/event_listener.py:107]: Attempting to reconnect to Komorebi...
2026-09-03 17:46:54,199 [INFO] [Dummy-10] [root/event_listener.py:54]: Created named pipe yasb-5861fc19-a7ac-11f1-b603-00d86114443b
2026-09-03 17:46:54,253 [ERROR] [Dummy-10] [root/event_listener.py:100]: Komorebi has disconnected from the named pipe yasb-5861fc19-a7ac-11f1-b603-00d86114443b
Traceback (most recent call last):
  File "D:\a\yasb\yasb\src\core\widgets\services\komorebi\event_listener.py", line 69, in run
  File "D:\a\yasb\yasb\src\core\widgets\services\komorebi\event_listener.py", line 130, in _wait_until_komorebi_online
UnicodeDecodeError: 'utf-8' codec can't decode byte 0x82 in position 91: invalid start byte
2026-09-03 17:46:54,255 [INFO] [Dummy-10] [root/event_listener.py:107]: Attempting to reconnect to Komorebi...
2026-09-03 17:46:57,260 [INFO] [Dummy-10] [root/event_listener.py:54]: Created named pipe yasb-5861fc19-a7ac-11f1-b603-00d86114443b
2026-09-03 17:46:57,313 [ERROR] [Dummy-10] [root/event_listener.py:100]: Komorebi has disconnected from the named pipe yasb-5861fc19-a7ac-11f1-b603-00d86114443b
Traceback (most recent call last):
  File "D:\a\yasb\yasb\src\core\widgets\services\komorebi\event_listener.py", line 69, in run
  File "D:\a\yasb\yasb\src\core\widgets\services\komorebi\event_listener.py", line 130, in _wait_until_komorebi_online
UnicodeDecodeError: 'utf-8' codec can't decode byte 0x82 in position 91: invalid start byte
2026-09-03 17:46:57,315 [INFO] [Dummy-10] [root/event_listener.py:107]: Attempting to reconnect to Komorebi...
2026-09-03 17:47:00,322 [INFO] [Dummy-10] [root/event_listener.py:54]: Created named pipe yasb-5861fc19-a7ac-11f1-b603-00d86114443b
2026-09-03 17:47:00,376 [ERROR] [Dummy-10] [root/event_listener.py:100]: Komorebi has disconnected from the named pipe yasb-5861fc19-a7ac-11f1-b603-00d86114443b
Traceback (most recent call last):
  File "D:\a\yasb\yasb\src\core\widgets\services\komorebi\event_listener.py", line 69, in run
  File "D:\a\yasb\yasb\src\core\widgets\services\komorebi\event_listener.py", line 130, in _wait_until_komorebi_online
UnicodeDecodeError: 'utf-8' codec can't decode byte 0x82 in position 91: invalid start byte
2026-09-03 17:47:00,378 [INFO] [Dummy-10] [root/event_listener.py:107]: Attempting to reconnect to Komorebi...
2026-09-03 17:47:03,389 [INFO] [Dummy-10] [root/event_listener.py:54]: Created named pipe yasb-5861fc19-a7ac-11f1-b603-00d86114443b
2026-09-03 17:47:03,448 [ERROR] [Dummy-10] [root/event_listener.py:100]: Komorebi has disconnected from the named pipe yasb-5861fc19-a7ac-11f1-b603-00d86114443b
Traceback (most recent call last):
  File "D:\a\yasb\yasb\src\core\widgets\services\komorebi\event_listener.py", line 69, in run
  File "D:\a\yasb\yasb\src\core\widgets\services\komorebi\event_listener.py", line 130, in _wait_until_komorebi_online
UnicodeDecodeError: 'utf-8' codec can't decode byte 0x82 in position 91: invalid start byte
2026-09-03 17:47:03,450 [INFO] [Dummy-10] [root/event_listener.py:107]: Attempting to reconnect to Komorebi...
2026-09-03 17:47:06,461 [INFO] [Dummy-10] [root/event_listener.py:54]: Created named pipe yasb-5861fc19-a7ac-11f1-b603-00d86114443b
2026-09-03 17:47:06,514 [ERROR] [Dummy-10] [root/event_listener.py:100]: Komorebi has disconnected from the named pipe yasb-5861fc19-a7ac-11f1-b603-00d86114443b
Traceback (most recent call last):
  File "D:\a\yasb\yasb\src\core\widgets\services\komorebi\event_listener.py", line 69, in run
  File "D:\a\yasb\yasb\src\core\widgets\services\komorebi\event_listener.py", line 130, in _wait_until_komorebi_online
UnicodeDecodeError: 'utf-8' codec can't decode byte 0x82 in position 91: invalid start byte
2026-09-03 17:47:06,516 [INFO] [Dummy-10] [root/event_listener.py:107]: Attempting to reconnect to Komorebi...
2026-09-03 17:47:09,522 [INFO] [Dummy-10] [root/event_listener.py:54]: Created named pipe yasb-5861fc19-a7ac-11f1-b603-00d86114443b
2026-09-03 17:47:09,576 [ERROR] [Dummy-10] [root/event_listener.py:100]: Komorebi has disconnected from the named pipe yasb-5861fc19-a7ac-11f1-b603-00d86114443b
Traceback (most recent call last):
  File "D:\a\yasb\yasb\src\core\widgets\services\komorebi\event_listener.py", line 69, in run
  File "D:\a\yasb\yasb\src\core\widgets\services\komorebi\event_listener.py", line 130, in _wait_until_komorebi_online
UnicodeDecodeError: 'utf-8' codec can't decode byte 0x82 in position 91: invalid start byte
2026-09-03 17:47:09,578 [INFO] [Dummy-10] [root/event_listener.py:107]: Attempting to reconnect to Komorebi...
2026-09-03 17:47:12,591 [INFO] [Dummy-10] [root/event_listener.py:54]: Created named pipe yasb-5861fc19-a7ac-11f1-b603-00d86114443b
2026-09-03 17:47:12,646 [ERROR] [Dummy-10] [root/event_listener.py:100]: Komorebi has disconnected from the named pipe yasb-5861fc19-a7ac-11f1-b603-00d86114443b
Traceback (most recent call last):
  File "D:\a\yasb\yasb\src\core\widgets\services\komorebi\event_listener.py", line 69, in run
  File "D:\a\yasb\yasb\src\core\widgets\services\komorebi\event_listener.py", line 130, in _wait_until_komorebi_online
UnicodeDecodeError: 'utf-8' codec can't decode byte 0x82 in position 91: invalid start byte
2026-09-03 17:47:12,648 [INFO] [Dummy-10] [root/event_listener.py:107]: Attempting to reconnect to Komorebi...
2026-09-03 17:47:15,661 [INFO] [Dummy-10] [root/event_listener.py:54]: Created named pipe yasb-5861fc19-a7ac-11f1-b603-00d86114443b
2026-09-03 17:47:15,722 [ERROR] [Dummy-10] [root/event_listener.py:100]: Komorebi has disconnected from the named pipe yasb-5861fc19-a7ac-11f1-b603-00d86114443b
Traceback (most recent call last):
  File "D:\a\yasb\yasb\src\core\widgets\services\komorebi\event_listener.py", line 69, in run
  File "D:\a\yasb\yasb\src\core\widgets\services\komorebi\event_listener.py", line 130, in _wait_until_komorebi_online
UnicodeDecodeError: 'utf-8' codec can't decode byte 0x82 in position 91: invalid start byte
2026-09-03 17:47:15,724 [INFO] [Dummy-10] [root/event_listener.py:107]: Attempting to reconnect to Komorebi...
2026-09-03 17:47:18,731 [INFO] [Dummy-10] [root/event_listener.py:54]: Created named pipe yasb-5861fc19-a7ac-11f1-b603-00d86114443b
2026-09-03 17:47:18,785 [ERROR] [Dummy-10] [root/event_listener.py:100]: Komorebi has disconnected from the named pipe yasb-5861fc19-a7ac-11f1-b603-00d86114443b
Traceback (most recent call last):
  File "D:\a\yasb\yasb\src\core\widgets\services\komorebi\event_listener.py", line 69, in run
  File "D:\a\yasb\yasb\src\core\widgets\services\komorebi\event_listener.py", line 130, in _wait_until_komorebi_online
UnicodeDecodeError: 'utf-8' codec can't decode byte 0x82 in position 91: invalid start byte
2026-09-03 17:47:18,787 [INFO] [Dummy-10] [root/event_listener.py:107]: Attempting to reconnect to Komorebi...
2026-09-03 17:47:21,795 [INFO] [Dummy-10] [root/event_listener.py:54]: Created named pipe yasb-5861fc19-a7ac-11f1-b603-00d86114443b
2026-09-03 17:47:21,849 [ERROR] [Dummy-10] [root/event_listener.py:100]: Komorebi has disconnected from the named pipe yasb-5861fc19-a7ac-11f1-b603-00d86114443b
Traceback (most recent call last):
  File "D:\a\yasb\yasb\src\core\widgets\services\komorebi\event_listener.py", line 69, in run
  File "D:\a\yasb\yasb\src\core\widgets\services\komorebi\event_listener.py", line 130, in _wait_until_komorebi_online
UnicodeDecodeError: 'utf-8' codec can't decode byte 0x82 in position 91: invalid start byte
2026-09-03 17:47:21,851 [INFO] [Dummy-10] [root/event_listener.py:107]: Attempting to reconnect to Komorebi...
2026-09-03 17:47:24,854 [INFO] [Dummy-10] [root/event_listener.py:54]: Created named pipe yasb-5861fc19-a7ac-11f1-b603-00d86114443b
2026-09-03 17:47:24,907 [ERROR] [Dummy-10] [root/event_listener.py:100]: Komorebi has disconnected from the named pipe yasb-5861fc19-a7ac-11f1-b603-00d86114443b
Traceback (most recent call last):
  File "D:\a\yasb\yasb\src\core\widgets\services\komorebi\event_listener.py", line 69, in run
  File "D:\a\yasb\yasb\src\core\widgets\services\komorebi\event_listener.py", line 130, in _wait_until_komorebi_online
UnicodeDecodeError: 'utf-8' codec can't decode byte 0x82 in position 91: invalid start byte
2026-09-03 17:47:24,909 [INFO] [Dummy-10] [root/event_listener.py:107]: Attempting to reconnect to Komorebi...
2026-09-03 17:47:27,921 [INFO] [Dummy-10] [root/event_listener.py:54]: Created named pipe yasb-5861fc19-a7ac-11f1-b603-00d86114443b
2026-09-03 17:47:27,975 [ERROR] [Dummy-10] [root/event_listener.py:100]: Komorebi has disconnected from the named pipe yasb-5861fc19-a7ac-11f1-b603-00d86114443b
Traceback (most recent call last):
  File "D:\a\yasb\yasb\src\core\widgets\services\komorebi\event_listener.py", line 69, in run
  File "D:\a\yasb\yasb\src\core\widgets\services\komorebi\event_listener.py", line 130, in _wait_until_komorebi_online
UnicodeDecodeError: 'utf-8' codec can't decode byte 0x82 in position 91: invalid start byte
2026-09-03 17:47:27,977 [INFO] [Dummy-10] [root/event_listener.py:107]: Attempting to reconnect to Komorebi...
2026-09-03 17:47:28,502 [INFO] [CLIPipeServer] [cli_server/cli_server.py:257]: CLI server received command: stop
2026-09-03 17:47:28,502 [INFO] [CLIPipeServer] [root/controller.py:43]: Exiting Application from CLI...
2026-09-03 17:47:28,614 [INFO] [CLIPipeServer] [cli_server/cli_server.py:114]: Log pipe server stopped
2026-09-03 17:47:28,645 [INFO] [MainThread] [root/bar_manager.py:111]: Stopping HotkeyListener...
2026-09-03 17:47:28,648 [INFO] [MainThread] [root/bar_manager.py:119]: Stopping KomorebiEventListener...
2026-09-03 17:47:28,650 [INFO] [MainThread] [root/bar_manager.py:119]: Stopping SystemEventListener...
2026-09-03 17:47:28,653 [INFO] [MainThread] [root/bar_manager.py:119]: Stopping WindowsNotificationEventListener...
2026-09-03 17:47:28,653 [INFO] [Dummy-11] [root/windows_notification.py:97]: Notification service stopped
2026-09-03 17:47:28,658 [INFO] [MainThread] [system_colors/system_colors.py:69]: System Colors Service stopped.
2026-09-03 17:47:29,486 [INFO] [MainThread] [root/log.py:104]: YASB v2.0.6
2026-09-03 17:47:29,486 [INFO] [CLIPipeServer] [cli_server/cli_server.py:216]: CLI server started v1.1.7
2026-09-03 17:47:29,487 [INFO] [MainThread] [cli_server/cli_server.py:106]: Log pipe server started
2026-09-03 17:47:29,724 [INFO] [MainThread] [root/service.py:52]: AudioOutputService starting...
2026-09-03 17:47:30,403 [INFO] [MainThread] [taskbar_window_manager/window_manager.py:178]: TaskbarWindowManager is starting...
2026-09-03 17:47:30,410 [INFO] [MainThread] [root/bar_manager.py:238]: Starting HotkeyListener...
2026-09-03 17:47:30,410 [INFO] [MainThread] [root/bar_manager.py:103]: Starting KomorebiEventListener...
2026-09-03 17:47:30,410 [INFO] [MainThread] [root/bar_manager.py:103]: Starting WindowsNotificationEventListener...
2026-09-03 17:47:30,411 [INFO] [Dummy-8] [root/event_listener.py:54]: Created named pipe yasb-c574bdaf-a7ae-11f1-8667-00d86114443b
2026-09-03 17:47:30,412 [INFO] [MainThread] [root/watcher.py:65]: Watching directory: c:\users\doria\.config\yasb
2026-09-03 17:47:30,412 [INFO] [MainThread] [root/watcher.py:104]: Created file watcher
2026-09-03 17:47:30,426 [INFO] [MainThread] [root/update_service.py:434]: Background update checker started
2026-09-03 17:47:30,432 [INFO] [Dummy-12] [root/windows_notification.py:161]: Notification service started (WNF_SHEL_NOTIFICATION_TOTAL)
2026-09-03 17:47:30,470 [ERROR] [Dummy-8] [root/event_listener.py:100]: Komorebi has disconnected from the named pipe yasb-c574bdaf-a7ae-11f1-8667-00d86114443b
Traceback (most recent call last):
  File "D:\a\yasb\yasb\src\core\widgets\services\komorebi\event_listener.py", line 69, in run
  File "D:\a\yasb\yasb\src\core\widgets\services\komorebi\event_listener.py", line 130, in _wait_until_komorebi_online
UnicodeDecodeError: 'utf-8' codec can't decode byte 0x82 in position 91: invalid start byte
2026-09-03 17:47:30,472 [INFO] [Dummy-8] [root/event_listener.py:107]: Attempting to reconnect to Komorebi...
2026-09-03 17:47:33,472 [INFO] [Dummy-8] [root/event_listener.py:54]: Created named pipe yasb-c574bdaf-a7ae-11f1-8667-00d86114443b
2026-09-03 17:47:33,528 [ERROR] [Dummy-8] [root/event_listener.py:100]: Komorebi has disconnected from the named pipe yasb-c574bdaf-a7ae-11f1-8667-00d86114443b
Traceback (most recent call last):
  File "D:\a\yasb\yasb\src\core\widgets\services\komorebi\event_listener.py", line 69, in run
  File "D:\a\yasb\yasb\src\core\widgets\services\komorebi\event_listener.py", line 130, in _wait_until_komorebi_online
UnicodeDecodeError: 'utf-8' codec can't decode byte 0x82 in position 91: invalid start byte
2026-09-03 17:47:33,530 [INFO] [Dummy-8] [root/event_listener.py:107]: Attempting to reconnect to Komorebi...
2026-09-03 17:47:36,530 [INFO] [Dummy-8] [root/event_listener.py:54]: Created named pipe yasb-c574bdaf-a7ae-11f1-8667-00d86114443b
2026-09-03 17:47:36,584 [ERROR] [Dummy-8] [root/event_listener.py:100]: Komorebi has disconnected from the named pipe yasb-c574bdaf-a7ae-11f1-8667-00d86114443b
Traceback (most recent call last):
  File "D:\a\yasb\yasb\src\core\widgets\services\komorebi\event_listener.py", line 69, in run
  File "D:\a\yasb\yasb\src\core\widgets\services\komorebi\event_listener.py", line 130, in _wait_until_komorebi_online
UnicodeDecodeError: 'utf-8' codec can't decode byte 0x82 in position 91: invalid start byte
2026-09-03 17:47:36,586 [INFO] [Dummy-8] [root/event_listener.py:107]: Attempting to reconnect to Komorebi...
2026-09-03 17:47:39,586 [INFO] [Dummy-8] [root/event_listener.py:54]: Created named pipe yasb-c574bdaf-a7ae-11f1-8667-00d86114443b
2026-09-03 17:47:39,640 [ERROR] [Dummy-8] [root/event_listener.py:100]: Komorebi has disconnected from the named pipe yasb-c574bdaf-a7ae-11f1-8667-00d86114443b
Traceback (most recent call last):
  File "D:\a\yasb\yasb\src\core\widgets\services\komorebi\event_listener.py", line 69, in run
  File "D:\a\yasb\yasb\src\core\widgets\services\komorebi\event_listener.py", line 130, in _wait_until_komorebi_online
UnicodeDecodeError: 'utf-8' codec can't decode byte 0x82 in position 91: invalid start byte
2026-09-03 17:47:39,642 [INFO] [Dummy-8] [root/event_listener.py:107]: Attempting to reconnect to Komorebi...
2026-09-03 17:47:42,642 [INFO] [Dummy-8] [root/event_listener.py:54]: Created named pipe yasb-c574bdaf-a7ae-11f1-8667-00d86114443b
2026-09-03 17:47:42,698 [ERROR] [Dummy-8] [root/event_listener.py:100]: Komorebi has disconnected from the named pipe yasb-c574bdaf-a7ae-11f1-8667-00d86114443b
Traceback (most recent call last):
  File "D:\a\yasb\yasb\src\core\widgets\services\komorebi\event_listener.py", line 69, in run
  File "D:\a\yasb\yasb\src\core\widgets\services\komorebi\event_listener.py", line 130, in _wait_until_komorebi_online
UnicodeDecodeError: 'utf-8' codec can't decode byte 0x82 in position 91: invalid start byte
2026-09-03 17:47:42,700 [INFO] [Dummy-8] [root/event_listener.py:107]: Attempting to reconnect to Komorebi...
2026-09-03 17:47:45,701 [INFO] [Dummy-8] [root/event_listener.py:54]: Created named pipe yasb-c574bdaf-a7ae-11f1-8667-00d86114443b
2026-09-03 17:47:45,754 [ERROR] [Dummy-8] [root/event_listener.py:100]: Komorebi has disconnected from the named pipe yasb-c574bdaf-a7ae-11f1-8667-00d86114443b
Traceback (most recent call last):
  File "D:\a\yasb\yasb\src\core\widgets\services\komorebi\event_listener.py", line 69, in run
  File "D:\a\yasb\yasb\src\core\widgets\services\komorebi\event_listener.py", line 130, in _wait_until_komorebi_online
UnicodeDecodeError: 'utf-8' codec can't decode byte 0x82 in position 91: invalid start byte
2026-09-03 17:47:45,756 [INFO] [Dummy-8] [root/event_listener.py:107]: Attempting to reconnect to Komorebi...
2026-09-03 17:47:48,756 [INFO] [Dummy-8] [root/event_listener.py:54]: Created named pipe yasb-c574bdaf-a7ae-11f1-8667-00d86114443b
2026-09-03 17:47:48,809 [ERROR] [Dummy-8] [root/event_listener.py:100]: Komorebi has disconnected from the named pipe yasb-c574bdaf-a7ae-11f1-8667-00d86114443b
Traceback (most recent call last):
  File "D:\a\yasb\yasb\src\core\widgets\services\komorebi\event_listener.py", line 69, in run
  File "D:\a\yasb\yasb\src\core\widgets\services\komorebi\event_listener.py", line 130, in _wait_until_komorebi_online
UnicodeDecodeError: 'utf-8' codec can't decode byte 0x82 in position 91: invalid start byte
2026-09-03 17:47:48,811 [INFO] [Dummy-8] [root/event_listener.py:107]: Attempting to reconnect to Komorebi...
2026-09-03 17:47:51,811 [INFO] [Dummy-8] [root/event_listener.py:54]: Created named pipe yasb-c574bdaf-a7ae-11f1-8667-00d86114443b
2026-09-03 17:47:51,865 [ERROR] [Dummy-8] [root/event_listener.py:100]: Komorebi has disconnected from the named pipe yasb-c574bdaf-a7ae-11f1-8667-00d86114443b
Traceback (most recent call last):
  File "D:\a\yasb\yasb\src\core\widgets\services\komorebi\event_listener.py", line 69, in run
  File "D:\a\yasb\yasb\src\core\widgets\services\komorebi\event_listener.py", line 130, in _wait_until_komorebi_online
UnicodeDecodeError: 'utf-8' codec can't decode byte 0x82 in position 91: invalid start byte
2026-09-03 17:47:51,867 [INFO] [Dummy-8] [root/event_listener.py:107]: Attempting to reconnect to Komorebi...
2026-09-03 17:47:54,868 [INFO] [Dummy-8] [root/event_listener.py:54]: Created named pipe yasb-c574bdaf-a7ae-11f1-8667-00d86114443b
2026-09-03 17:47:54,923 [ERROR] [Dummy-8] [root/event_listener.py:100]: Komorebi has disconnected from the named pipe yasb-c574bdaf-a7ae-11f1-8667-00d86114443b
Traceback (most recent call last):
  File "D:\a\yasb\yasb\src\core\widgets\services\komorebi\event_listener.py", line 69, in run
  File "D:\a\yasb\yasb\src\core\widgets\services\komorebi\event_listener.py", line 130, in _wait_until_komorebi_online
UnicodeDecodeError: 'utf-8' codec can't decode byte 0x82 in position 91: invalid start byte
2026-09-03 17:47:54,924 [INFO] [Dummy-8] [root/event_listener.py:107]: Attempting to reconnect to Komorebi...
2026-09-03 17:47:57,924 [INFO] [Dummy-8] [root/event_listener.py:54]: Created named pipe yasb-c574bdaf-a7ae-11f1-8667-00d86114443b
2026-09-03 17:47:57,978 [ERROR] [Dummy-8] [root/event_listener.py:100]: Komorebi has disconnected from the named pipe yasb-c574bdaf-a7ae-11f1-8667-00d86114443b
Traceback (most recent call last):
  File "D:\a\yasb\yasb\src\core\widgets\services\komorebi\event_listener.py", line 69, in run
  File "D:\a\yasb\yasb\src\core\widgets\services\komorebi\event_listener.py", line 130, in _wait_until_komorebi_online
UnicodeDecodeError: 'utf-8' codec can't decode byte 0x82 in position 91: invalid start byte
2026-09-03 17:47:57,980 [INFO] [Dummy-8] [root/event_listener.py:107]: Attempting to reconnect to Komorebi...
2026-09-03 17:48:00,980 [INFO] [Dummy-8] [root/event_listener.py:54]: Created named pipe yasb-c574bdaf-a7ae-11f1-8667-00d86114443b
2026-09-03 17:48:01,033 [ERROR] [Dummy-8] [root/event_listener.py:100]: Komorebi has disconnected from the named pipe yasb-c574bdaf-a7ae-11f1-8667-00d86114443b
Traceback (most recent call last):
  File "D:\a\yasb\yasb\src\core\widgets\services\komorebi\event_listener.py", line 69, in run
  File "D:\a\yasb\yasb\src\core\widgets\services\komorebi\event_listener.py", line 130, in _wait_until_komorebi_online
UnicodeDecodeError: 'utf-8' codec can't decode byte 0x82 in position 91: invalid start byte
2026-09-03 17:48:01,035 [INFO] [Dummy-8] [root/event_listener.py:107]: Attempting to reconnect to Komorebi...
2026-09-03 17:48:04,035 [INFO] [Dummy-8] [root/event_listener.py:54]: Created named pipe yasb-c574bdaf-a7ae-11f1-8667-00d86114443b
2026-09-03 17:48:04,089 [ERROR] [Dummy-8] [root/event_listener.py:100]: Komorebi has disconnected from the named pipe yasb-c574bdaf-a7ae-11f1-8667-00d86114443b
Traceback (most recent call last):
  File "D:\a\yasb\yasb\src\core\widgets\services\komorebi\event_listener.py", line 69, in run
  File "D:\a\yasb\yasb\src\core\widgets\services\komorebi\event_listener.py", line 130, in _wait_until_komorebi_online
UnicodeDecodeError: 'utf-8' codec can't decode byte 0x82 in position 91: invalid start byte
2026-09-03 17:48:04,090 [INFO] [Dummy-8] [root/event_listener.py:107]: Attempting to reconnect to Komorebi...
2026-09-03 17:48:07,091 [INFO] [Dummy-8] [root/event_listener.py:54]: Created named pipe yasb-c574bdaf-a7ae-11f1-8667-00d86114443b
2026-09-03 17:48:07,144 [ERROR] [Dummy-8] [root/event_listener.py:100]: Komorebi has disconnected from the named pipe yasb-c574bdaf-a7ae-11f1-8667-00d86114443b
Traceback (most recent call last):
  File "D:\a\yasb\yasb\src\core\widgets\services\komorebi\event_listener.py", line 69, in run
  File "D:\a\yasb\yasb\src\core\widgets\services\komorebi\event_listener.py", line 130, in _wait_until_komorebi_online
UnicodeDecodeError: 'utf-8' codec can't decode byte 0x82 in position 91: invalid start byte
2026-09-03 17:48:07,146 [INFO] [Dummy-8] [root/event_listener.py:107]: Attempting to reconnect to Komorebi...
2026-09-03 17:48:10,147 [INFO] [Dummy-8] [root/event_listener.py:54]: Created named pipe yasb-c574bdaf-a7ae-11f1-8667-00d86114443b
2026-09-03 17:48:10,202 [ERROR] [Dummy-8] [root/event_listener.py:100]: Komorebi has disconnected from the named pipe yasb-c574bdaf-a7ae-11f1-8667-00d86114443b
Traceback (most recent call last):
  File "D:\a\yasb\yasb\src\core\widgets\services\komorebi\event_listener.py", line 69, in run
  File "D:\a\yasb\yasb\src\core\widgets\services\komorebi\event_listener.py", line 130, in _wait_until_komorebi_online
UnicodeDecodeError: 'utf-8' codec can't decode byte 0x82 in position 91: invalid start byte
2026-09-03 17:48:10,204 [INFO] [Dummy-8] [root/event_listener.py:107]: Attempting to reconnect to Komorebi...
2026-09-03 17:48:10,743 [INFO] [CLIPipeServer] [cli_server/cli_server.py:257]: CLI server received command: stop
2026-09-03 17:48:10,743 [INFO] [CLIPipeServer] [root/controller.py:43]: Exiting Application from CLI...
2026-09-03 17:48:10,851 [INFO] [CLIPipeServer] [cli_server/cli_server.py:114]: Log pipe server stopped
2026-09-03 17:48:10,921 [INFO] [MainThread] [root/bar_manager.py:111]: Stopping HotkeyListener...
2026-09-03 17:48:10,923 [INFO] [MainThread] [root/bar_manager.py:119]: Stopping KomorebiEventListener...
2026-09-03 17:48:10,924 [INFO] [MainThread] [root/bar_manager.py:119]: Stopping WindowsNotificationEventListener...
2026-09-03 17:48:10,924 [INFO] [Dummy-12] [root/windows_notification.py:97]: Notification service stopped
2026-09-03 17:48:10,926 [INFO] [MainThread] [taskbar_window_manager/window_manager.py:205]: TaskbarWindowManager stopped
2026-09-03 17:48:11,735 [INFO] [MainThread] [root/log.py:104]: YASB v2.0.6
2026-09-03 17:48:11,735 [INFO] [CLIPipeServer] [cli_server/cli_server.py:216]: CLI server started v1.1.7
2026-09-03 17:48:11,736 [INFO] [MainThread] [cli_server/cli_server.py:106]: Log pipe server started
2026-09-03 17:48:12,237 [INFO] [MainThread] [root/service.py:52]: AudioOutputService starting...
2026-09-03 17:48:12,278 [INFO] [MainThread] [root/service.py:225]: BrightnessService started with 1 monitors
2026-09-03 17:48:12,485 [INFO] [MainThread] [root/watcher.py:65]: Watching directory: c:\users\doria\.config\yasb
2026-09-03 17:48:12,485 [INFO] [MainThread] [root/watcher.py:104]: Created file watcher
2026-09-03 17:48:12,497 [INFO] [MainThread] [root/update_service.py:434]: Background update checker started
2026-09-03 17:48:12,943 [INFO] [MainThread] [root/api.py:69]: Fetching new weather data at 2026-09-03 17:48:12.943288
2026-09-03 17:49:14,528 [INFO] [CLIPipeServer] [cli_server/cli_server.py:257]: CLI server received command: stop
2026-09-03 17:49:14,528 [INFO] [CLIPipeServer] [root/controller.py:43]: Exiting Application from CLI...
2026-09-03 17:49:14,637 [INFO] [CLIPipeServer] [cli_server/cli_server.py:114]: Log pipe server stopped
2026-09-03 17:49:15,658 [INFO] [MainThread] [root/log.py:104]: YASB v2.0.6
2026-09-03 17:49:15,659 [INFO] [CLIPipeServer] [cli_server/cli_server.py:216]: CLI server started v1.1.7
2026-09-03 17:49:15,659 [INFO] [MainThread] [cli_server/cli_server.py:106]: Log pipe server started
2026-09-03 17:49:16,138 [ERROR] [MainThread] [root/weather.py:40]: API key or location is missing. Please provide a valid API key and location.
2026-09-03 17:49:16,249 [INFO] [MainThread] [root/service.py:52]: AudioOutputService starting...
2026-09-03 17:49:16,290 [INFO] [MainThread] [root/service.py:41]: AudioInputService starting...
2026-09-03 17:49:16,559 [INFO] [MainThread] [taskbar_window_manager/window_manager.py:178]: TaskbarWindowManager is starting...
2026-09-03 17:49:16,565 [INFO] [MainThread] [root/bar_manager.py:103]: Starting SystemEventListener...
2026-09-03 17:49:16,565 [INFO] [MainThread] [root/bar_manager.py:103]: Starting WindowsNotificationEventListener...
2026-09-03 17:49:16,566 [INFO] [MainThread] [root/watcher.py:65]: Watching directory: c:\users\doria\.config\yasb
2026-09-03 17:49:16,566 [INFO] [MainThread] [root/watcher.py:104]: Created file watcher
2026-09-03 17:49:16,590 [INFO] [MainThread] [root/update_service.py:434]: Background update checker started
2026-09-03 17:49:16,597 [INFO] [Dummy-7] [root/windows_notification.py:161]: Notification service started (WNF_SHEL_NOTIFICATION_TOTAL)
2026-09-03 18:24:11,216 [INFO] [CLIPipeServer] [cli_server/cli_server.py:257]: CLI server received command: stop
2026-09-03 18:24:11,216 [INFO] [CLIPipeServer] [root/controller.py:43]: Exiting Application from CLI...
2026-09-03 18:24:11,330 [INFO] [CLIPipeServer] [cli_server/cli_server.py:114]: Log pipe server stopped
2026-09-03 18:24:11,414 [INFO] [MainThread] [root/bar_manager.py:119]: Stopping SystemEventListener...
2026-09-03 18:24:11,417 [INFO] [MainThread] [root/bar_manager.py:119]: Stopping WindowsNotificationEventListener...
2026-09-03 18:24:11,417 [INFO] [Dummy-7] [root/windows_notification.py:97]: Notification service stopped
2026-09-03 18:24:11,419 [INFO] [MainThread] [taskbar_window_manager/window_manager.py:205]: TaskbarWindowManager stopped
2026-09-03 18:24:12,180 [INFO] [MainThread] [root/log.py:104]: YASB v2.0.6
2026-09-03 18:24:12,181 [INFO] [CLIPipeServer] [cli_server/cli_server.py:216]: CLI server started v1.1.7
2026-09-03 18:24:12,181 [INFO] [MainThread] [cli_server/cli_server.py:106]: Log pipe server started
2026-09-03 18:24:12,806 [INFO] [MainThread] [root/service.py:52]: AudioOutputService starting...
2026-09-03 18:24:12,919 [INFO] [MainThread] [root/bar_manager.py:238]: Starting HotkeyListener...
2026-09-03 18:24:12,919 [INFO] [MainThread] [root/bar_manager.py:103]: Starting WindowsNotificationEventListener...
2026-09-03 18:24:12,919 [INFO] [MainThread] [root/bar_manager.py:103]: Starting SystemEventListener...
2026-09-03 18:24:12,919 [INFO] [MainThread] [root/bar_manager.py:103]: Starting KomorebiEventListener...
2026-09-03 18:24:12,921 [INFO] [MainThread] [root/watcher.py:65]: Watching directory: c:\users\doria\.config\yasb
2026-09-03 18:24:12,921 [INFO] [MainThread] [root/watcher.py:104]: Created file watcher
2026-09-03 18:24:12,926 [INFO] [Dummy-10] [root/event_listener.py:54]: Created named pipe yasb-e640fc21-a7b3-11f1-9aa2-00d86114443b
2026-09-03 18:24:12,932 [INFO] [MainThread] [system_colors/system_colors.py:59]: System Colors Service started.
2026-09-03 18:24:12,954 [INFO] [Dummy-11] [root/windows_notification.py:161]: Notification service started (WNF_SHEL_NOTIFICATION_TOTAL)
2026-09-03 18:24:12,955 [INFO] [MainThread] [root/update_service.py:434]: Background update checker started
2026-09-03 18:24:13,003 [ERROR] [Dummy-10] [root/event_listener.py:100]: Komorebi has disconnected from the named pipe yasb-e640fc21-a7b3-11f1-9aa2-00d86114443b
Traceback (most recent call last):
  File "D:\a\yasb\yasb\src\core\widgets\services\komorebi\event_listener.py", line 69, in run
  File "D:\a\yasb\yasb\src\core\widgets\services\komorebi\event_listener.py", line 130, in _wait_until_komorebi_online
UnicodeDecodeError: 'utf-8' codec can't decode byte 0x82 in position 91: invalid start byte
2026-09-03 18:24:13,017 [INFO] [Dummy-10] [root/event_listener.py:107]: Attempting to reconnect to Komorebi...
2026-09-03 18:24:16,017 [INFO] [Dummy-10] [root/event_listener.py:54]: Created named pipe yasb-e640fc21-a7b3-11f1-9aa2-00d86114443b
2026-09-03 18:24:16,072 [ERROR] [Dummy-10] [root/event_listener.py:100]: Komorebi has disconnected from the named pipe yasb-e640fc21-a7b3-11f1-9aa2-00d86114443b
Traceback (most recent call last):
  File "D:\a\yasb\yasb\src\core\widgets\services\komorebi\event_listener.py", line 69, in run
  File "D:\a\yasb\yasb\src\core\widgets\services\komorebi\event_listener.py", line 130, in _wait_until_komorebi_online
UnicodeDecodeError: 'utf-8' codec can't decode byte 0x82 in position 91: invalid start byte
2026-09-03 18:24:16,074 [INFO] [Dummy-10] [root/event_listener.py:107]: Attempting to reconnect to Komorebi...
2026-09-03 18:24:19,084 [INFO] [Dummy-10] [root/event_listener.py:54]: Created named pipe yasb-e640fc21-a7b3-11f1-9aa2-00d86114443b
2026-09-03 18:24:19,139 [ERROR] [Dummy-10] [root/event_listener.py:100]: Komorebi has disconnected from the named pipe yasb-e640fc21-a7b3-11f1-9aa2-00d86114443b
Traceback (most recent call last):
  File "D:\a\yasb\yasb\src\core\widgets\services\komorebi\event_listener.py", line 69, in run
  File "D:\a\yasb\yasb\src\core\widgets\services\komorebi\event_listener.py", line 130, in _wait_until_komorebi_online
UnicodeDecodeError: 'utf-8' codec can't decode byte 0x82 in position 91: invalid start byte
2026-09-03 18:24:19,141 [INFO] [Dummy-10] [root/event_listener.py:107]: Attempting to reconnect to Komorebi...
2026-09-03 18:24:22,143 [INFO] [Dummy-10] [root/event_listener.py:54]: Created named pipe yasb-e640fc21-a7b3-11f1-9aa2-00d86114443b
2026-09-03 18:24:22,199 [ERROR] [Dummy-10] [root/event_listener.py:100]: Komorebi has disconnected from the named pipe yasb-e640fc21-a7b3-11f1-9aa2-00d86114443b
Traceback (most recent call last):
  File "D:\a\yasb\yasb\src\core\widgets\services\komorebi\event_listener.py", line 69, in run
  File "D:\a\yasb\yasb\src\core\widgets\services\komorebi\event_listener.py", line 130, in _wait_until_komorebi_online
UnicodeDecodeError: 'utf-8' codec can't decode byte 0x82 in position 91: invalid start byte
2026-09-03 18:24:22,201 [INFO] [Dummy-10] [root/event_listener.py:107]: Attempting to reconnect to Komorebi...
2026-09-03 18:24:25,207 [INFO] [Dummy-10] [root/event_listener.py:54]: Created named pipe yasb-e640fc21-a7b3-11f1-9aa2-00d86114443b
2026-09-03 18:24:25,261 [ERROR] [Dummy-10] [root/event_listener.py:100]: Komorebi has disconnected from the named pipe yasb-e640fc21-a7b3-11f1-9aa2-00d86114443b
Traceback (most recent call last):
  File "D:\a\yasb\yasb\src\core\widgets\services\komorebi\event_listener.py", line 69, in run
  File "D:\a\yasb\yasb\src\core\widgets\services\komorebi\event_listener.py", line 130, in _wait_until_komorebi_online
UnicodeDecodeError: 'utf-8' codec can't decode byte 0x82 in position 91: invalid start byte
2026-09-03 18:24:25,263 [INFO] [Dummy-10] [root/event_listener.py:107]: Attempting to reconnect to Komorebi...
2026-09-03 18:24:28,272 [INFO] [Dummy-10] [root/event_listener.py:54]: Created named pipe yasb-e640fc21-a7b3-11f1-9aa2-00d86114443b
2026-09-03 18:24:28,324 [ERROR] [Dummy-10] [root/event_listener.py:100]: Komorebi has disconnected from the named pipe yasb-e640fc21-a7b3-11f1-9aa2-00d86114443b
Traceback (most recent call last):
  File "D:\a\yasb\yasb\src\core\widgets\services\komorebi\event_listener.py", line 69, in run
  File "D:\a\yasb\yasb\src\core\widgets\services\komorebi\event_listener.py", line 130, in _wait_until_komorebi_online
UnicodeDecodeError: 'utf-8' codec can't decode byte 0x82 in position 91: invalid start byte
2026-09-03 18:24:28,326 [INFO] [Dummy-10] [root/event_listener.py:107]: Attempting to reconnect to Komorebi...
2026-09-03 18:24:31,339 [INFO] [Dummy-10] [root/event_listener.py:54]: Created named pipe yasb-e640fc21-a7b3-11f1-9aa2-00d86114443b
2026-09-03 18:24:31,394 [ERROR] [Dummy-10] [root/event_listener.py:100]: Komorebi has disconnected from the named pipe yasb-e640fc21-a7b3-11f1-9aa2-00d86114443b
Traceback (most recent call last):
  File "D:\a\yasb\yasb\src\core\widgets\services\komorebi\event_listener.py", line 69, in run
  File "D:\a\yasb\yasb\src\core\widgets\services\komorebi\event_listener.py", line 130, in _wait_until_komorebi_online
UnicodeDecodeError: 'utf-8' codec can't decode byte 0x82 in position 91: invalid start byte
2026-09-03 18:24:31,396 [INFO] [Dummy-10] [root/event_listener.py:107]: Attempting to reconnect to Komorebi...
2026-09-03 18:24:34,405 [INFO] [Dummy-10] [root/event_listener.py:54]: Created named pipe yasb-e640fc21-a7b3-11f1-9aa2-00d86114443b
2026-09-03 18:24:34,461 [ERROR] [Dummy-10] [root/event_listener.py:100]: Komorebi has disconnected from the named pipe yasb-e640fc21-a7b3-11f1-9aa2-00d86114443b
Traceback (most recent call last):
  File "D:\a\yasb\yasb\src\core\widgets\services\komorebi\event_listener.py", line 69, in run
  File "D:\a\yasb\yasb\src\core\widgets\services\komorebi\event_listener.py", line 130, in _wait_until_komorebi_online
UnicodeDecodeError: 'utf-8' codec can't decode byte 0x82 in position 91: invalid start byte
2026-09-03 18:24:34,463 [INFO] [Dummy-10] [root/event_listener.py:107]: Attempting to reconnect to Komorebi...
2026-09-03 18:24:37,467 [INFO] [Dummy-10] [root/event_listener.py:54]: Created named pipe yasb-e640fc21-a7b3-11f1-9aa2-00d86114443b
2026-09-03 18:24:37,523 [ERROR] [Dummy-10] [root/event_listener.py:100]: Komorebi has disconnected from the named pipe yasb-e640fc21-a7b3-11f1-9aa2-00d86114443b
Traceback (most recent call last):
  File "D:\a\yasb\yasb\src\core\widgets\services\komorebi\event_listener.py", line 69, in run
  File "D:\a\yasb\yasb\src\core\widgets\services\komorebi\event_listener.py", line 130, in _wait_until_komorebi_online
UnicodeDecodeError: 'utf-8' codec can't decode byte 0x82 in position 91: invalid start byte
2026-09-03 18:24:37,525 [INFO] [Dummy-10] [root/event_listener.py:107]: Attempting to reconnect to Komorebi...
2026-09-03 18:24:40,533 [INFO] [Dummy-10] [root/event_listener.py:54]: Created named pipe yasb-e640fc21-a7b3-11f1-9aa2-00d86114443b
2026-09-03 18:24:40,586 [ERROR] [Dummy-10] [root/event_listener.py:100]: Komorebi has disconnected from the named pipe yasb-e640fc21-a7b3-11f1-9aa2-00d86114443b
Traceback (most recent call last):
  File "D:\a\yasb\yasb\src\core\widgets\services\komorebi\event_listener.py", line 69, in run
  File "D:\a\yasb\yasb\src\core\widgets\services\komorebi\event_listener.py", line 130, in _wait_until_komorebi_online
UnicodeDecodeError: 'utf-8' codec can't decode byte 0x82 in position 91: invalid start byte
2026-09-03 18:24:40,588 [INFO] [Dummy-10] [root/event_listener.py:107]: Attempting to reconnect to Komorebi...
2026-09-03 18:24:43,598 [INFO] [Dummy-10] [root/event_listener.py:54]: Created named pipe yasb-e640fc21-a7b3-11f1-9aa2-00d86114443b
2026-09-03 18:24:43,653 [ERROR] [Dummy-10] [root/event_listener.py:100]: Komorebi has disconnected from the named pipe yasb-e640fc21-a7b3-11f1-9aa2-00d86114443b
Traceback (most recent call last):
  File "D:\a\yasb\yasb\src\core\widgets\services\komorebi\event_listener.py", line 69, in run
  File "D:\a\yasb\yasb\src\core\widgets\services\komorebi\event_listener.py", line 130, in _wait_until_komorebi_online
UnicodeDecodeError: 'utf-8' codec can't decode byte 0x82 in position 91: invalid start byte
2026-09-03 18:24:43,655 [INFO] [Dummy-10] [root/event_listener.py:107]: Attempting to reconnect to Komorebi...
2026-09-03 18:24:46,659 [INFO] [Dummy-10] [root/event_listener.py:54]: Created named pipe yasb-e640fc21-a7b3-11f1-9aa2-00d86114443b
2026-09-03 18:24:46,712 [ERROR] [Dummy-10] [root/event_listener.py:100]: Komorebi has disconnected from the named pipe yasb-e640fc21-a7b3-11f1-9aa2-00d86114443b
Traceback (most recent call last):
  File "D:\a\yasb\yasb\src\core\widgets\services\komorebi\event_listener.py", line 69, in run
  File "D:\a\yasb\yasb\src\core\widgets\services\komorebi\event_listener.py", line 130, in _wait_until_komorebi_online
UnicodeDecodeError: 'utf-8' codec can't decode byte 0x82 in position 91: invalid start byte
2026-09-03 18:24:46,713 [INFO] [Dummy-10] [root/event_listener.py:107]: Attempting to reconnect to Komorebi...
2026-09-03 18:24:49,715 [INFO] [Dummy-10] [root/event_listener.py:54]: Created named pipe yasb-e640fc21-a7b3-11f1-9aa2-00d86114443b
2026-09-03 18:24:49,768 [ERROR] [Dummy-10] [root/event_listener.py:100]: Komorebi has disconnected from the named pipe yasb-e640fc21-a7b3-11f1-9aa2-00d86114443b
Traceback (most recent call last):
  File "D:\a\yasb\yasb\src\core\widgets\services\komorebi\event_listener.py", line 69, in run
  File "D:\a\yasb\yasb\src\core\widgets\services\komorebi\event_listener.py", line 130, in _wait_until_komorebi_online
UnicodeDecodeError: 'utf-8' codec can't decode byte 0x82 in position 91: invalid start byte
2026-09-03 18:24:49,770 [INFO] [Dummy-10] [root/event_listener.py:107]: Attempting to reconnect to Komorebi...
2026-09-03 18:24:52,777 [INFO] [Dummy-10] [root/event_listener.py:54]: Created named pipe yasb-e640fc21-a7b3-11f1-9aa2-00d86114443b
2026-09-03 18:24:52,831 [ERROR] [Dummy-10] [root/event_listener.py:100]: Komorebi has disconnected from the named pipe yasb-e640fc21-a7b3-11f1-9aa2-00d86114443b
Traceback (most recent call last):
  File "D:\a\yasb\yasb\src\core\widgets\services\komorebi\event_listener.py", line 69, in run
  File "D:\a\yasb\yasb\src\core\widgets\services\komorebi\event_listener.py", line 130, in _wait_until_komorebi_online
UnicodeDecodeError: 'utf-8' codec can't decode byte 0x82 in position 91: invalid start byte
2026-09-03 18:24:52,833 [INFO] [Dummy-10] [root/event_listener.py:107]: Attempting to reconnect to Komorebi...
2026-09-03 18:24:55,835 [INFO] [Dummy-10] [root/event_listener.py:54]: Created named pipe yasb-e640fc21-a7b3-11f1-9aa2-00d86114443b
2026-09-03 18:24:55,888 [ERROR] [Dummy-10] [root/event_listener.py:100]: Komorebi has disconnected from the named pipe yasb-e640fc21-a7b3-11f1-9aa2-00d86114443b
Traceback (most recent call last):
  File "D:\a\yasb\yasb\src\core\widgets\services\komorebi\event_listener.py", line 69, in run
  File "D:\a\yasb\yasb\src\core\widgets\services\komorebi\event_listener.py", line 130, in _wait_until_komorebi_online
UnicodeDecodeError: 'utf-8' codec can't decode byte 0x82 in position 91: invalid start byte
2026-09-03 18:24:55,890 [INFO] [Dummy-10] [root/event_listener.py:107]: Attempting to reconnect to Komorebi...
2026-09-03 18:24:58,890 [INFO] [Dummy-10] [root/event_listener.py:54]: Created named pipe yasb-e640fc21-a7b3-11f1-9aa2-00d86114443b
2026-09-03 18:24:58,944 [ERROR] [Dummy-10] [root/event_listener.py:100]: Komorebi has disconnected from the named pipe yasb-e640fc21-a7b3-11f1-9aa2-00d86114443b
Traceback (most recent call last):
  File "D:\a\yasb\yasb\src\core\widgets\services\komorebi\event_listener.py", line 69, in run
  File "D:\a\yasb\yasb\src\core\widgets\services\komorebi\event_listener.py", line 130, in _wait_until_komorebi_online
UnicodeDecodeError: 'utf-8' codec can't decode byte 0x82 in position 91: invalid start byte
2026-09-03 18:24:58,946 [INFO] [Dummy-10] [root/event_listener.py:107]: Attempting to reconnect to Komorebi...
2026-09-03 18:25:01,950 [INFO] [Dummy-10] [root/event_listener.py:54]: Created named pipe yasb-e640fc21-a7b3-11f1-9aa2-00d86114443b
2026-09-03 18:25:02,003 [ERROR] [Dummy-10] [root/event_listener.py:100]: Komorebi has disconnected from the named pipe yasb-e640fc21-a7b3-11f1-9aa2-00d86114443b
Traceback (most recent call last):
  File "D:\a\yasb\yasb\src\core\widgets\services\komorebi\event_listener.py", line 69, in run
  File "D:\a\yasb\yasb\src\core\widgets\services\komorebi\event_listener.py", line 130, in _wait_until_komorebi_online
UnicodeDecodeError: 'utf-8' codec can't decode byte 0x82 in position 91: invalid start byte
2026-09-03 18:25:02,005 [INFO] [Dummy-10] [root/event_listener.py:107]: Attempting to reconnect to Komorebi...
2026-09-03 18:25:05,012 [INFO] [Dummy-10] [root/event_listener.py:54]: Created named pipe yasb-e640fc21-a7b3-11f1-9aa2-00d86114443b
2026-09-03 18:25:05,065 [ERROR] [Dummy-10] [root/event_listener.py:100]: Komorebi has disconnected from the named pipe yasb-e640fc21-a7b3-11f1-9aa2-00d86114443b
Traceback (most recent call last):
  File "D:\a\yasb\yasb\src\core\widgets\services\komorebi\event_listener.py", line 69, in run
  File "D:\a\yasb\yasb\src\core\widgets\services\komorebi\event_listener.py", line 130, in _wait_until_komorebi_online
UnicodeDecodeError: 'utf-8' codec can't decode byte 0x82 in position 91: invalid start byte
2026-09-03 18:25:05,067 [INFO] [Dummy-10] [root/event_listener.py:107]: Attempting to reconnect to Komorebi...
2026-09-03 18:25:08,069 [INFO] [Dummy-10] [root/event_listener.py:54]: Created named pipe yasb-e640fc21-a7b3-11f1-9aa2-00d86114443b
2026-09-03 18:25:08,123 [ERROR] [Dummy-10] [root/event_listener.py:100]: Komorebi has disconnected from the named pipe yasb-e640fc21-a7b3-11f1-9aa2-00d86114443b
Traceback (most recent call last):
  File "D:\a\yasb\yasb\src\core\widgets\services\komorebi\event_listener.py", line 69, in run
  File "D:\a\yasb\yasb\src\core\widgets\services\komorebi\event_listener.py", line 130, in _wait_until_komorebi_online
UnicodeDecodeError: 'utf-8' codec can't decode byte 0x82 in position 91: invalid start byte
2026-09-03 18:25:08,125 [INFO] [Dummy-10] [root/event_listener.py:107]: Attempting to reconnect to Komorebi...
2026-09-03 18:25:09,726 [INFO] [CLIPipeServer] [cli_server/cli_server.py:257]: CLI server received command: stop
2026-09-03 18:25:09,726 [INFO] [CLIPipeServer] [root/controller.py:43]: Exiting Application from CLI...
2026-09-03 18:25:09,834 [INFO] [CLIPipeServer] [cli_server/cli_server.py:114]: Log pipe server stopped
2026-09-03 18:25:09,864 [INFO] [MainThread] [root/bar_manager.py:111]: Stopping HotkeyListener...
2026-09-03 18:25:09,870 [INFO] [MainThread] [root/bar_manager.py:119]: Stopping WindowsNotificationEventListener...
2026-09-03 18:25:09,870 [INFO] [Dummy-11] [root/windows_notification.py:97]: Notification service stopped
2026-09-03 18:25:09,873 [INFO] [MainThread] [root/bar_manager.py:119]: Stopping SystemEventListener...
2026-09-03 18:25:09,877 [INFO] [MainThread] [root/bar_manager.py:119]: Stopping KomorebiEventListener...
2026-09-03 18:25:09,883 [INFO] [MainThread] [system_colors/system_colors.py:69]: System Colors Service stopped.
2026-09-03 18:25:10,753 [INFO] [MainThread] [root/log.py:104]: YASB v2.0.6
2026-09-03 18:25:10,753 [INFO] [CLIPipeServer] [cli_server/cli_server.py:216]: CLI server started v1.1.7
2026-09-03 18:25:10,754 [INFO] [MainThread] [cli_server/cli_server.py:106]: Log pipe server started
2026-09-03 18:25:11,022 [INFO] [MainThread] [root/service.py:225]: BrightnessService started with 1 monitors
2026-09-03 18:25:11,090 [INFO] [MainThread] [bluetooth_widget/bluetooth_managers.py:137]: BluetoothManager started...
2026-09-03 18:25:11,153 [INFO] [MainThread] [root/service.py:52]: AudioOutputService starting...
2026-09-03 18:25:11,625 [INFO] [MainThread] [root/bar_manager.py:103]: Starting WindowsNotificationEventListener...
2026-09-03 18:25:11,626 [INFO] [MainThread] [root/watcher.py:65]: Watching directory: c:\users\doria\.config\yasb
2026-09-03 18:25:11,626 [INFO] [MainThread] [root/watcher.py:104]: Created file watcher
2026-09-03 18:25:11,646 [INFO] [MainThread] [root/update_service.py:434]: Background update checker started
2026-09-03 18:25:11,652 [INFO] [Dummy-14] [root/windows_notification.py:161]: Notification service started (WNF_SHEL_NOTIFICATION_TOTAL)
2026-09-03 18:25:11,689 [INFO] [MainThread] [root/open_meteo.py:133]: No saved location for open_meteo. Awaiting user setup.
2026-09-03 18:30:22,816 [INFO] [MainThread] [root/controller.py:21]: Reloading Application because of config change.
2026-09-03 18:30:22,922 [INFO] [MainThread] [cli_server/cli_server.py:114]: Log pipe server stopped
2026-09-03 18:30:22,926 [INFO] [MainThread] [root/bar_manager.py:93]: Successfully loaded updated config and re-initialised all bars.
2026-09-03 18:30:23,038 [INFO] [MainThread] [root/bar_manager.py:119]: Stopping WindowsNotificationEventListener...
2026-09-03 18:30:23,039 [INFO] [Dummy-14] [root/windows_notification.py:97]: Notification service stopped
2026-09-03 18:30:23,082 [INFO] [MainThread] [bluetooth_widget/bluetooth_managers.py:151]: BluetoothManager stopped...
2026-09-03 18:30:23,382 [INFO] [MainThread] [root/log.py:104]: YASB v2.0.6
2026-09-03 18:30:23,383 [INFO] [CLIPipeServer] [cli_server/cli_server.py:216]: CLI server started v1.1.7
2026-09-03 18:30:23,383 [INFO] [MainThread] [cli_server/cli_server.py:106]: Log pipe server started
2026-09-03 18:30:23,648 [INFO] [MainThread] [root/service.py:225]: BrightnessService started with 1 monitors
2026-09-03 18:30:23,699 [INFO] [MainThread] [bluetooth_widget/bluetooth_managers.py:137]: BluetoothManager started...
2026-09-03 18:30:23,759 [INFO] [MainThread] [root/service.py:52]: AudioOutputService starting...
2026-09-03 18:30:24,306 [INFO] [MainThread] [root/bar_manager.py:103]: Starting WindowsNotificationEventListener...
2026-09-03 18:30:24,308 [INFO] [MainThread] [root/watcher.py:65]: Watching directory: c:\users\doria\.config\yasb
2026-09-03 18:30:24,308 [INFO] [MainThread] [root/watcher.py:104]: Created file watcher
2026-09-03 18:30:24,328 [INFO] [MainThread] [root/update_service.py:434]: Background update checker started
2026-09-03 18:30:24,334 [INFO] [Dummy-14] [root/windows_notification.py:161]: Notification service started (WNF_SHEL_NOTIFICATION_TOTAL)
2026-09-03 18:30:24,362 [INFO] [MainThread] [root/open_meteo.py:133]: No saved location for open_meteo. Awaiting user setup.
2026-09-03 18:30:33,191 [INFO] [MainThread] [root/controller.py:21]: Reloading Application because of config change.
2026-09-03 18:30:33,296 [INFO] [MainThread] [cli_server/cli_server.py:114]: Log pipe server stopped
2026-09-03 18:30:33,299 [INFO] [MainThread] [root/bar_manager.py:93]: Successfully loaded updated config and re-initialised all bars.
2026-09-03 18:30:33,403 [INFO] [MainThread] [root/bar_manager.py:119]: Stopping WindowsNotificationEventListener...
2026-09-03 18:30:33,403 [INFO] [Dummy-14] [root/windows_notification.py:97]: Notification service stopped
2026-09-03 18:30:33,434 [INFO] [MainThread] [bluetooth_widget/bluetooth_managers.py:151]: BluetoothManager stopped...
2026-09-03 18:30:33,746 [INFO] [MainThread] [root/log.py:104]: YASB v2.0.6
2026-09-03 18:30:33,747 [INFO] [CLIPipeServer] [cli_server/cli_server.py:216]: CLI server started v1.1.7
2026-09-03 18:30:33,747 [INFO] [MainThread] [cli_server/cli_server.py:106]: Log pipe server started
2026-09-03 18:30:34,006 [INFO] [MainThread] [root/service.py:225]: BrightnessService started with 1 monitors
2026-09-03 18:30:34,059 [INFO] [MainThread] [bluetooth_widget/bluetooth_managers.py:137]: BluetoothManager started...
2026-09-03 18:30:34,121 [INFO] [MainThread] [root/service.py:52]: AudioOutputService starting...
2026-09-03 18:30:34,649 [INFO] [MainThread] [root/bar_manager.py:103]: Starting WindowsNotificationEventListener...
2026-09-03 18:30:34,651 [INFO] [MainThread] [root/watcher.py:65]: Watching directory: c:\users\doria\.config\yasb
2026-09-03 18:30:34,651 [INFO] [MainThread] [root/watcher.py:104]: Created file watcher
2026-09-03 18:30:34,673 [INFO] [MainThread] [root/update_service.py:434]: Background update checker started
2026-09-03 18:30:34,679 [INFO] [Dummy-7] [root/windows_notification.py:161]: Notification service started (WNF_SHEL_NOTIFICATION_TOTAL)
2026-09-03 18:30:34,710 [INFO] [MainThread] [root/open_meteo.py:133]: No saved location for open_meteo. Awaiting user setup.
2026-09-03 18:31:12,243 [INFO] [MainThread] [root/controller.py:21]: Reloading Application because of config change.
2026-09-03 18:31:12,359 [INFO] [MainThread] [cli_server/cli_server.py:114]: Log pipe server stopped
2026-09-03 18:31:12,363 [INFO] [MainThread] [root/bar_manager.py:93]: Successfully loaded updated config and re-initialised all bars.
2026-09-03 18:31:12,460 [INFO] [MainThread] [root/bar_manager.py:119]: Stopping WindowsNotificationEventListener...
2026-09-03 18:31:12,460 [INFO] [Dummy-7] [root/windows_notification.py:97]: Notification service stopped
2026-09-03 18:31:12,490 [INFO] [MainThread] [bluetooth_widget/bluetooth_managers.py:151]: BluetoothManager stopped...
2026-09-03 18:31:12,825 [INFO] [MainThread] [root/log.py:104]: YASB v2.0.6
2026-09-03 18:31:12,826 [INFO] [CLIPipeServer] [cli_server/cli_server.py:216]: CLI server started v1.1.7
2026-09-03 18:31:12,826 [INFO] [MainThread] [cli_server/cli_server.py:106]: Log pipe server started
2026-09-03 18:31:13,076 [INFO] [MainThread] [root/service.py:225]: BrightnessService started with 1 monitors
2026-09-03 18:31:13,128 [INFO] [MainThread] [bluetooth_widget/bluetooth_managers.py:137]: BluetoothManager started...
2026-09-03 18:31:13,188 [INFO] [MainThread] [root/service.py:52]: AudioOutputService starting...
2026-09-03 18:31:13,702 [INFO] [MainThread] [root/bar_manager.py:103]: Starting WindowsNotificationEventListener...
2026-09-03 18:31:13,704 [INFO] [MainThread] [root/watcher.py:65]: Watching directory: c:\users\doria\.config\yasb
2026-09-03 18:31:13,704 [INFO] [MainThread] [root/watcher.py:104]: Created file watcher
2026-09-03 18:31:13,729 [INFO] [MainThread] [root/update_service.py:434]: Background update checker started
2026-09-03 18:31:13,737 [INFO] [Dummy-7] [root/windows_notification.py:161]: Notification service started (WNF_SHEL_NOTIFICATION_TOTAL)
2026-09-03 18:31:13,766 [INFO] [MainThread] [root/open_meteo.py:133]: No saved location for open_meteo. Awaiting user setup.
2026-09-03 18:34:23,642 [INFO] [MainThread] [root/controller.py:21]: Reloading Application because of config change.
2026-09-03 18:34:23,749 [INFO] [MainThread] [cli_server/cli_server.py:114]: Log pipe server stopped
2026-09-03 18:34:23,753 [INFO] [MainThread] [root/bar_manager.py:93]: Successfully loaded updated config and re-initialised all bars.
2026-09-03 18:34:23,852 [INFO] [MainThread] [root/bar_manager.py:119]: Stopping WindowsNotificationEventListener...
2026-09-03 18:34:23,852 [INFO] [Dummy-7] [root/windows_notification.py:97]: Notification service stopped
2026-09-03 18:34:23,881 [INFO] [MainThread] [bluetooth_widget/bluetooth_managers.py:151]: BluetoothManager stopped...
2026-09-03 18:34:24,206 [INFO] [MainThread] [root/log.py:104]: YASB v2.0.6
2026-09-03 18:34:24,206 [INFO] [CLIPipeServer] [cli_server/cli_server.py:216]: CLI server started v1.1.7
2026-09-03 18:34:24,206 [INFO] [MainThread] [cli_server/cli_server.py:106]: Log pipe server started
2026-09-03 18:34:24,451 [INFO] [MainThread] [root/service.py:225]: BrightnessService started with 1 monitors
2026-09-03 18:34:24,535 [INFO] [MainThread] [root/service.py:52]: AudioOutputService starting...
2026-09-03 18:34:25,030 [INFO] [MainThread] [root/bar_manager.py:103]: Starting WindowsNotificationEventListener...
2026-09-03 18:34:25,031 [INFO] [MainThread] [root/watcher.py:65]: Watching directory: c:\users\doria\.config\yasb
2026-09-03 18:34:25,032 [INFO] [MainThread] [root/watcher.py:104]: Created file watcher
2026-09-03 18:34:25,053 [INFO] [MainThread] [root/update_service.py:434]: Background update checker started
2026-09-03 18:34:25,061 [INFO] [Dummy-7] [root/windows_notification.py:161]: Notification service started (WNF_SHEL_NOTIFICATION_TOTAL)
2026-09-03 18:34:25,086 [INFO] [MainThread] [root/open_meteo.py:133]: No saved location for open_meteo. Awaiting user setup.
2026-09-03 18:34:30,581 [INFO] [MainThread] [root/controller.py:21]: Reloading Application because of config change.
2026-09-03 18:34:30,688 [INFO] [MainThread] [cli_server/cli_server.py:114]: Log pipe server stopped
2026-09-03 18:34:30,692 [INFO] [MainThread] [root/bar_manager.py:93]: Successfully loaded updated config and re-initialised all bars.
2026-09-03 18:34:30,784 [INFO] [MainThread] [root/bar_manager.py:119]: Stopping WindowsNotificationEventListener...
2026-09-03 18:34:30,785 [INFO] [Dummy-7] [root/windows_notification.py:97]: Notification service stopped
2026-09-03 18:34:31,161 [INFO] [MainThread] [root/log.py:104]: YASB v2.0.6
2026-09-03 18:34:31,162 [INFO] [CLIPipeServer] [cli_server/cli_server.py:216]: CLI server started v1.1.7
2026-09-03 18:34:31,162 [INFO] [MainThread] [cli_server/cli_server.py:106]: Log pipe server started
2026-09-03 18:34:31,408 [INFO] [MainThread] [root/service.py:225]: BrightnessService started with 1 monitors
2026-09-03 18:34:31,478 [INFO] [MainThread] [root/service.py:52]: AudioOutputService starting...
2026-09-03 18:34:31,981 [INFO] [MainThread] [root/bar_manager.py:103]: Starting WindowsNotificationEventListener...
2026-09-03 18:34:31,983 [INFO] [MainThread] [root/watcher.py:65]: Watching directory: c:\users\doria\.config\yasb
2026-09-03 18:34:31,983 [INFO] [MainThread] [root/watcher.py:104]: Created file watcher
2026-09-03 18:34:32,002 [INFO] [MainThread] [root/update_service.py:434]: Background update checker started
2026-09-03 18:34:32,009 [INFO] [Dummy-7] [root/windows_notification.py:161]: Notification service started (WNF_SHEL_NOTIFICATION_TOTAL)
2026-09-03 18:35:38,183 [INFO] [MainThread] [root/controller.py:21]: Reloading Application because of config change.
2026-09-03 18:35:38,286 [INFO] [MainThread] [cli_server/cli_server.py:114]: Log pipe server stopped
2026-09-03 18:35:38,290 [INFO] [MainThread] [root/bar_manager.py:93]: Successfully loaded updated config and re-initialised all bars.
2026-09-03 18:35:38,383 [INFO] [MainThread] [root/bar_manager.py:119]: Stopping WindowsNotificationEventListener...
2026-09-03 18:35:38,384 [INFO] [Dummy-7] [root/windows_notification.py:97]: Notification service stopped
2026-09-03 18:35:38,741 [INFO] [MainThread] [root/log.py:104]: YASB v2.0.6
2026-09-03 18:35:38,742 [INFO] [CLIPipeServer] [cli_server/cli_server.py:216]: CLI server started v1.1.7
2026-09-03 18:35:38,742 [INFO] [MainThread] [cli_server/cli_server.py:106]: Log pipe server started
2026-09-03 18:35:38,996 [INFO] [MainThread] [root/service.py:225]: BrightnessService started with 1 monitors
2026-09-03 18:35:39,066 [INFO] [MainThread] [root/service.py:52]: AudioOutputService starting...
2026-09-03 18:35:39,577 [INFO] [MainThread] [root/bar_manager.py:103]: Starting WindowsNotificationEventListener...
2026-09-03 18:35:39,578 [INFO] [MainThread] [root/watcher.py:65]: Watching directory: c:\users\doria\.config\yasb
2026-09-03 18:35:39,578 [INFO] [MainThread] [root/watcher.py:104]: Created file watcher
2026-09-03 18:35:39,599 [INFO] [MainThread] [root/update_service.py:434]: Background update checker started
2026-09-03 18:35:39,608 [INFO] [Dummy-7] [root/windows_notification.py:161]: Notification service started (WNF_SHEL_NOTIFICATION_TOTAL)
2026-09-03 18:35:46,457 [INFO] [MainThread] [root/controller.py:21]: Reloading Application because of config change.
2026-09-03 18:35:46,565 [INFO] [MainThread] [cli_server/cli_server.py:114]: Log pipe server stopped
2026-09-03 18:35:46,569 [INFO] [MainThread] [root/bar_manager.py:93]: Successfully loaded updated config and re-initialised all bars.
2026-09-03 18:35:46,663 [INFO] [MainThread] [root/bar_manager.py:119]: Stopping WindowsNotificationEventListener...
2026-09-03 18:35:46,664 [INFO] [Dummy-7] [root/windows_notification.py:97]: Notification service stopped
2026-09-03 18:35:47,025 [INFO] [MainThread] [root/log.py:104]: YASB v2.0.6
2026-09-03 18:35:47,025 [INFO] [CLIPipeServer] [cli_server/cli_server.py:216]: CLI server started v1.1.7
2026-09-03 18:35:47,026 [INFO] [MainThread] [cli_server/cli_server.py:106]: Log pipe server started
2026-09-03 18:35:47,278 [INFO] [MainThread] [root/service.py:225]: BrightnessService started with 1 monitors
2026-09-03 18:35:47,350 [INFO] [MainThread] [root/service.py:52]: AudioOutputService starting...
2026-09-03 18:35:47,856 [INFO] [MainThread] [root/watcher.py:65]: Watching directory: c:\users\doria\.config\yasb
2026-09-03 18:35:47,857 [INFO] [MainThread] [root/watcher.py:104]: Created file watcher
2026-09-03 18:35:47,876 [INFO] [MainThread] [root/update_service.py:434]: Background update checker started
2026-09-03 18:38:40,902 [INFO] [MainThread] [root/controller.py:21]: Reloading Application because of config change.
2026-09-03 18:38:41,012 [INFO] [MainThread] [cli_server/cli_server.py:114]: Log pipe server stopped
2026-09-03 18:38:41,016 [INFO] [MainThread] [root/bar_manager.py:93]: Successfully loaded updated config and re-initialised all bars.
2026-09-03 18:38:41,469 [INFO] [MainThread] [root/log.py:104]: YASB v2.0.6
2026-09-03 18:38:41,470 [INFO] [CLIPipeServer] [cli_server/cli_server.py:216]: CLI server started v1.1.7
2026-09-03 18:38:41,470 [INFO] [MainThread] [cli_server/cli_server.py:106]: Log pipe server started
2026-09-03 18:38:41,706 [INFO] [MainThread] [root/service.py:225]: BrightnessService started with 1 monitors
2026-09-03 18:38:41,777 [INFO] [MainThread] [root/service.py:52]: AudioOutputService starting...
2026-09-03 18:38:42,275 [INFO] [MainThread] [root/watcher.py:65]: Watching directory: c:\users\doria\.config\yasb
2026-09-03 18:38:42,275 [INFO] [MainThread] [root/watcher.py:104]: Created file watcher
2026-09-03 18:38:42,296 [INFO] [MainThread] [root/update_service.py:434]: Background update checker started
2026-09-03 18:39:10,088 [INFO] [MainThread] [root/controller.py:21]: Reloading Application because of config change.
2026-09-03 18:39:10,198 [INFO] [MainThread] [cli_server/cli_server.py:114]: Log pipe server stopped
2026-09-03 18:39:10,202 [INFO] [MainThread] [root/bar_manager.py:93]: Successfully loaded updated config and re-initialised all bars.
2026-09-03 18:39:10,652 [INFO] [MainThread] [root/log.py:104]: YASB v2.0.6
2026-09-03 18:39:10,652 [INFO] [CLIPipeServer] [cli_server/cli_server.py:216]: CLI server started v1.1.7
2026-09-03 18:39:10,653 [INFO] [MainThread] [cli_server/cli_server.py:106]: Log pipe server started
2026-09-03 18:39:11,176 [INFO] [MainThread] [root/service.py:225]: BrightnessService started with 1 monitors
2026-09-03 18:39:11,249 [INFO] [MainThread] [root/service.py:52]: AudioOutputService starting...
2026-09-03 18:39:11,490 [INFO] [MainThread] [root/watcher.py:65]: Watching directory: c:\users\doria\.config\yasb
2026-09-03 18:39:11,491 [INFO] [MainThread] [root/watcher.py:104]: Created file watcher
2026-09-03 18:39:11,509 [INFO] [MainThread] [root/update_service.py:434]: Background update checker started
2026-09-03 18:41:03,253 [ERROR] [MainThread] [root/bar_manager.py:80]: Error loading config: while scanning a double-quoted scalar
  in "C:\Users\doria\.config\yasb\config.yaml", line 70, column 19
expected escape sequence of 8 hexadecimal numbers, but found 's'
  in "C:\Users\doria\.config\yasb\config.yaml", line 70, column 24
2026-09-03 18:41:23,083 [ERROR] [MainThread] [root/bar_manager.py:80]: Error loading config: while scanning a double-quoted scalar
  in "C:\Users\doria\.config\yasb\config.yaml", line 70, column 19
expected escape sequence of 8 hexadecimal numbers, but found 's'
  in "C:\Users\doria\.config\yasb\config.yaml", line 70, column 24
2026-09-03 18:41:54,891 [ERROR] [MainThread] [root/bar_manager.py:80]: Error loading config: while scanning a double-quoted scalar
  in "C:\Users\doria\.config\yasb\config.yaml", line 70, column 19
found unknown escape character 'd'
  in "C:\Users\doria\.config\yasb\config.yaml", line 70, column 29
2026-09-03 18:41:57,847 [INFO] [MainThread] [root/controller.py:21]: Reloading Application because of config change.
2026-09-03 18:41:57,955 [INFO] [MainThread] [cli_server/cli_server.py:114]: Log pipe server stopped
2026-09-03 18:41:57,959 [INFO] [MainThread] [root/bar_manager.py:93]: Successfully loaded updated config and re-initialised all bars.
2026-09-03 18:41:58,414 [INFO] [MainThread] [root/log.py:104]: YASB v2.0.6
2026-09-03 18:41:58,415 [INFO] [CLIPipeServer] [cli_server/cli_server.py:216]: CLI server started v1.1.7
2026-09-03 18:41:58,415 [INFO] [MainThread] [cli_server/cli_server.py:106]: Log pipe server started
2026-09-03 18:41:58,947 [INFO] [MainThread] [root/service.py:225]: BrightnessService started with 1 monitors
2026-09-03 18:41:59,018 [INFO] [MainThread] [root/service.py:52]: AudioOutputService starting...
2026-09-03 18:41:59,250 [INFO] [MainThread] [root/watcher.py:65]: Watching directory: c:\users\doria\.config\yasb
2026-09-03 18:41:59,250 [INFO] [MainThread] [root/watcher.py:104]: Created file watcher
2026-09-03 18:41:59,274 [INFO] [MainThread] [root/update_service.py:434]: Background update checker started
2026-09-03 18:42:00,058 [INFO] [MainThread] [root/controller.py:21]: Reloading Application because of config change.
2026-09-03 18:42:00,159 [INFO] [MainThread] [cli_server/cli_server.py:114]: Log pipe server stopped
2026-09-03 18:42:00,163 [INFO] [MainThread] [root/bar_manager.py:93]: Successfully loaded updated config and re-initialised all bars.
2026-09-03 18:42:00,623 [INFO] [MainThread] [root/log.py:104]: YASB v2.0.6
2026-09-03 18:42:00,624 [INFO] [CLIPipeServer] [cli_server/cli_server.py:216]: CLI server started v1.1.7
2026-09-03 18:42:00,624 [INFO] [MainThread] [cli_server/cli_server.py:106]: Log pipe server started
2026-09-03 18:42:01,148 [INFO] [MainThread] [root/service.py:225]: BrightnessService started with 1 monitors
2026-09-03 18:42:01,217 [INFO] [MainThread] [root/service.py:52]: AudioOutputService starting...
2026-09-03 18:42:01,446 [INFO] [MainThread] [root/watcher.py:65]: Watching directory: c:\users\doria\.config\yasb
2026-09-03 18:42:01,446 [INFO] [MainThread] [root/watcher.py:104]: Created file watcher
2026-09-03 18:42:01,468 [INFO] [MainThread] [root/update_service.py:434]: Background update checker started
2026-09-03 18:42:25,605 [INFO] [MainThread] [root/controller.py:21]: Reloading Application because of config change.
2026-09-03 18:42:25,714 [INFO] [MainThread] [cli_server/cli_server.py:114]: Log pipe server stopped
2026-09-03 18:42:25,718 [INFO] [MainThread] [root/bar_manager.py:93]: Successfully loaded updated config and re-initialised all bars.
2026-09-03 18:42:26,177 [INFO] [MainThread] [root/log.py:104]: YASB v2.0.6
2026-09-03 18:42:26,177 [INFO] [CLIPipeServer] [cli_server/cli_server.py:216]: CLI server started v1.1.7
2026-09-03 18:42:26,177 [INFO] [MainThread] [cli_server/cli_server.py:106]: Log pipe server started
2026-09-03 18:42:26,701 [INFO] [MainThread] [root/service.py:225]: BrightnessService started with 1 monitors
2026-09-03 18:42:26,770 [INFO] [MainThread] [root/service.py:52]: AudioOutputService starting...
2026-09-03 18:42:26,995 [INFO] [MainThread] [root/watcher.py:65]: Watching directory: c:\users\doria\.config\yasb
2026-09-03 18:42:26,995 [INFO] [MainThread] [root/watcher.py:104]: Created file watcher
2026-09-03 18:42:27,020 [INFO] [MainThread] [root/update_service.py:434]: Background update checker started
2026-09-03 18:42:27,270 [INFO] [MainThread] [root/controller.py:21]: Reloading Application because of config change.
2026-09-03 18:42:27,371 [INFO] [MainThread] [cli_server/cli_server.py:114]: Log pipe server stopped
2026-09-03 18:42:27,375 [INFO] [MainThread] [root/bar_manager.py:93]: Successfully loaded updated config and re-initialised all bars.
2026-09-03 18:42:27,847 [INFO] [MainThread] [root/log.py:104]: YASB v2.0.6
2026-09-03 18:42:27,848 [INFO] [CLIPipeServer] [cli_server/cli_server.py:216]: CLI server started v1.1.7
2026-09-03 18:42:27,848 [INFO] [MainThread] [cli_server/cli_server.py:106]: Log pipe server started
2026-09-03 18:42:28,367 [INFO] [MainThread] [root/service.py:225]: BrightnessService started with 1 monitors
2026-09-03 18:42:28,436 [INFO] [MainThread] [root/service.py:52]: AudioOutputService starting...
2026-09-03 18:42:28,671 [INFO] [MainThread] [root/watcher.py:65]: Watching directory: c:\users\doria\.config\yasb
2026-09-03 18:42:28,671 [INFO] [MainThread] [root/watcher.py:104]: Created file watcher
2026-09-03 18:42:28,696 [INFO] [MainThread] [root/update_service.py:434]: Background update checker started
2026-09-03 18:42:38,428 [ERROR] [MainThread] [root/bar_manager.py:80]: Error loading config: while scanning a double-quoted scalar
  in "C:\Users\doria\.config\yasb\config.yaml", line 70, column 19
expected escape sequence of 8 hexadecimal numbers, but found 's'
  in "C:\Users\doria\.config\yasb\config.yaml", line 70, column 24
2026-09-03 18:42:45,932 [INFO] [MainThread] [root/controller.py:21]: Reloading Application because of config change.
2026-09-03 18:42:46,047 [INFO] [MainThread] [cli_server/cli_server.py:114]: Log pipe server stopped
2026-09-03 18:42:46,051 [INFO] [MainThread] [root/bar_manager.py:93]: Successfully loaded updated config and re-initialised all bars.
2026-09-03 18:42:46,500 [INFO] [MainThread] [root/log.py:104]: YASB v2.0.6
2026-09-03 18:42:46,501 [INFO] [CLIPipeServer] [cli_server/cli_server.py:216]: CLI server started v1.1.7
2026-09-03 18:42:46,501 [INFO] [MainThread] [cli_server/cli_server.py:106]: Log pipe server started
2026-09-03 18:42:47,017 [INFO] [MainThread] [root/service.py:225]: BrightnessService started with 1 monitors
2026-09-03 18:42:47,086 [INFO] [MainThread] [root/service.py:52]: AudioOutputService starting...
2026-09-03 18:42:47,313 [INFO] [MainThread] [root/watcher.py:65]: Watching directory: c:\users\doria\.config\yasb
2026-09-03 18:42:47,313 [INFO] [MainThread] [root/watcher.py:104]: Created file watcher
2026-09-03 18:42:47,336 [INFO] [MainThread] [root/update_service.py:434]: Background update checker started
2026-09-03 18:48:12,098 [INFO] [MainThread] [root/controller.py:21]: Reloading Application because of config change.
2026-09-03 18:48:12,205 [INFO] [MainThread] [cli_server/cli_server.py:114]: Log pipe server stopped
2026-09-03 18:48:12,209 [INFO] [MainThread] [root/bar_manager.py:93]: Successfully loaded updated config and re-initialised all bars.
2026-09-03 18:48:12,684 [INFO] [MainThread] [root/log.py:104]: YASB v2.0.6
2026-09-03 18:48:12,684 [INFO] [CLIPipeServer] [cli_server/cli_server.py:216]: CLI server started v1.1.7
2026-09-03 18:48:12,684 [INFO] [MainThread] [cli_server/cli_server.py:106]: Log pipe server started
2026-09-03 18:48:13,168 [INFO] [MainThread] [root/service.py:225]: BrightnessService started with 1 monitors
2026-09-03 18:48:13,242 [INFO] [MainThread] [root/service.py:52]: AudioOutputService starting...
2026-09-03 18:48:13,523 [INFO] [MainThread] [root/watcher.py:65]: Watching directory: c:\users\doria\.config\yasb
2026-09-03 18:48:13,523 [INFO] [MainThread] [root/watcher.py:104]: Created file watcher
2026-09-03 18:48:13,545 [INFO] [MainThread] [root/update_service.py:434]: Background update checker started
